player_id,player,position,team,opponent,week,fantasy_points_std,fantasy_points_half_ppr,fantasy_points_ppr
00-0035676,A.J. Brown,WR,PHI,DAL,1,0.8,1.3,1.8
00-0035676,A.J. Brown,WR,PHI,KC,2,2.7,5.2,7.7
00-0035676,A.J. Brown,WR,PHI,LA,3,16.9,19.9,22.9
00-0035676,A.J. Brown,WR,PHI,TB,4,0.7,1.7,2.7
00-0035676,A.J. Brown,WR,PHI,DEN,5,4.3,6.8,9.3
00-0035676,A.J. Brown,WR,PHI,NYG,6,8.0,11.0,14.0
00-0035676,A.J. Brown,WR,PHI,MIN,7,24.1,26.1,28.1
00-0035676,A.J. Brown,WR,PHI,GB,10,1.3,2.3,3.3
00-0035676,A.J. Brown,WR,PHI,DET,11,4.9,8.4,11.9
00-0035676,A.J. Brown,WR,PHI,DAL,12,17.0,21.0,25.0
00-0035676,A.J. Brown,WR,PHI,CHI,13,25.2,30.2,35.2
00-0035676,A.J. Brown,WR,PHI,LAC,14,10.0,13.0,16.0
00-0035676,A.J. Brown,WR,PHI,LV,15,10.1,11.1,12.1
00-0035676,A.J. Brown,WR,PHI,WAS,16,9.5,14.0,18.5
00-0035676,A.J. Brown,WR,PHI,BUF,17,6.8,9.3,11.8
00-0039793,AJ Barner,TE,SEA,SF,1,0.2,0.7,1.2
00-0039793,AJ Barner,TE,SEA,PIT,2,8.8,9.8,10.8
00-0039793,AJ Barner,TE,SEA,NO,3,2.3,2.8,3.3
00-0039793,AJ Barner,TE,SEA,ARI,4,9.2,10.7,12.2
00-0039793,AJ Barner,TE,SEA,TB,5,17.3,20.8,24.3
00-0039793,AJ Barner,TE,SEA,JAX,6,7.1,8.6,10.1
00-0039793,AJ Barner,TE,SEA,HOU,7,0.9,1.4,1.9
00-0039793,AJ Barner,TE,SEA,WAS,9,8.5,10.0,11.5
00-0039793,AJ Barner,TE,SEA,ARI,10,0.3,0.3,0.3
00-0039793,AJ Barner,TE,SEA,LA,11,7.1,12.1,17.1
00-0039793,AJ Barner,TE,SEA,TEN,12,1.8,2.8,3.8
00-0039793,AJ Barner,TE,SEA,MIN,13,3.7,5.7,7.7
00-0039793,AJ Barner,TE,SEA,ATL,14,2.7,4.2,5.7
00-0039793,AJ Barner,TE,SEA,IND,15,2.7,4.2,5.7
00-0039793,AJ Barner,TE,SEA,LA,16,11.0,13.0,15.0
00-0039793,AJ Barner,TE,SEA,CAR,17,10.3,11.8,13.3
00-0039793,AJ Barner,TE,SEA,SF,18,1.4,2.4,3.4
00-0036265,AJ Dillon,RB,PHI,DAL,1,1.0,1.0,1.0
00-0036265,AJ Dillon,RB,PHI,KC,2,1.9,1.9,1.9
00-0036265,AJ Dillon,RB,PHI,TB,4,1.7,1.7,1.7
00-0036265,AJ Dillon,RB,PHI,DEN,5,1.2,1.2,1.2
00-0036265,AJ Dillon,RB,PHI,NYG,6,0.0,1.0,2.0
00-0036265,AJ Dillon,RB,PHI,WAS,18,0.3,0.8,1.3
00-0033293,Aaron Jones,RB,MIN,CHI,1,12.7,14.2,15.7
00-0033293,Aaron Jones,RB,MIN,ATL,2,2.3,2.3,2.3
00-0033293,Aaron Jones,RB,MIN,LAC,8,3.0,4.0,5.0
00-0033293,Aaron Jones,RB,MIN,DET,9,9.8,10.8,11.8
00-0033293,Aaron Jones,RB,MIN,BAL,10,12.9,14.4,15.9
00-0033293,Aaron Jones,RB,MIN,CHI,11,8.1,9.6,11.1
00-0033293,Aaron Jones,RB,MIN,GB,12,5.7,7.2,8.7
00-0033293,Aaron Jones,RB,MIN,SEA,13,0.5,2.5,4.5
00-0033293,Aaron Jones,RB,MIN,WAS,14,7.6,7.6,7.6
00-0033293,Aaron Jones,RB,MIN,DAL,15,6.5,8.0,9.5
00-0033293,Aaron Jones,RB,MIN,NYG,16,9.3,10.3,11.3
00-0033293,Aaron Jones,RB,MIN,DET,17,12.3,13.8,15.3
00-0023459,Aaron Rodgers,QB,PIT,NYJ,1,25.7,25.7,25.7
00-0023459,Aaron Rodgers,QB,PIT,SEA,2,10.4,10.4,10.4
00-0023459,Aaron Rodgers,QB,PIT,NE,3,11.7,11.7,11.7
00-0023459,Aaron Rodgers,QB,PIT,MIN,4,12.8,12.8,12.8
00-0023459,Aaron Rodgers,QB,PIT,CLE,6,17.5,17.5,17.5
00-0023459,Aaron Rodgers,QB,PIT,CIN,7,22.6,22.6,22.6
00-0023459,Aaron Rodgers,QB,PIT,GB,8,16.8,16.8,16.8
00-0023459,Aaron Rodgers,QB,PIT,IND,9,12.1,12.1,12.1
00-0023459,Aaron Rodgers,QB,PIT,LAC,10,6.4,6.4,6.4
00-0023459,Aaron Rodgers,QB,PIT,CIN,11,9.4,9.4,9.4
00-0023459,Aaron Rodgers,QB,PIT,BUF,13,2.7,2.7,2.7
00-0023459,Aaron Rodgers,QB,PIT,BAL,14,20.5,21.0,21.5
00-0023459,Aaron Rodgers,QB,PIT,MIA,15,17.0,17.0,17.0
00-0023459,Aaron Rodgers,QB,PIT,DET,16,15.5,15.5,15.5
00-0023459,Aaron Rodgers,QB,PIT,CLE,17,7.3,7.3,7.3
00-0023459,Aaron Rodgers,QB,PIT,BAL,18,17.8,17.8,17.8
00-0036727,Adam Prentice,FB,DEN,TEN,1,0.4,0.9,1.4
00-0036727,Adam Prentice,FB,DEN,CIN,4,0.4,0.4,0.4
00-0036727,Adam Prentice,FB,DEN,PHI,5,0.8,0.8,0.8
00-0036727,Adam Prentice,FB,DEN,NYJ,6,0.3,0.3,0.3
00-0036727,Adam Prentice,FB,DEN,NYG,7,0.0,0.0,0.0
00-0036727,Adam Prentice,FB,DEN,HOU,9,0.2,0.2,0.2
00-0036727,Adam Prentice,FB,DEN,LV,10,1.3,1.8,2.3
00-0036727,Adam Prentice,FB,DEN,KC,11,1.4,1.9,2.4
00-0036727,Adam Prentice,FB,DEN,WAS,13,1.4,1.9,2.4
00-0036727,Adam Prentice,FB,DEN,LV,14,3.3,4.3,5.3
00-0036727,Adam Prentice,FB,DEN,GB,15,-0.1,-0.1,-0.1
00-0036727,Adam Prentice,FB,DEN,KC,17,0.3,0.3,0.3
00-0036727,Adam Prentice,FB,DEN,LAC,18,0.0,0.0,0.0
00-0030035,Adam Thielen,WR,MIN,CHI,1,2.0,2.0,2.0
00-0030035,Adam Thielen,WR,MIN,ATL,2,2.6,3.6,4.6
00-0030035,Adam Thielen,WR,MIN,CIN,3,0.0,0.0,0.0
00-0030035,Adam Thielen,WR,MIN,PIT,4,1.1,2.1,3.1
00-0030035,Adam Thielen,WR,MIN,PHI,7,1.0,1.5,2.0
00-0030035,Adam Thielen,WR,MIN,LAC,8,0.0,0.0,0.0
00-0030035,Adam Thielen,WR,MIN,BAL,10,1.6,2.6,3.6
00-0030035,Adam Thielen,WR,MIN,CHI,11,0.6,1.1,1.6
00-0030035,Adam Thielen,WR,MIN,GB,12,0.0,0.0,0.0
00-0030035,Adam Thielen,WR,PIT,BAL,14,0.4,0.9,1.4
00-0030035,Adam Thielen,WR,PIT,MIA,15,0.7,1.2,1.7
00-0030035,Adam Thielen,WR,PIT,DET,16,4.9,6.9,8.9
00-0030035,Adam Thielen,WR,PIT,CLE,17,1.4,2.4,3.4
00-0030035,Adam Thielen,WR,PIT,BAL,18,4.3,5.8,7.3
00-0036422,Adam Trautman,TE,DEN,TEN,1,0.5,1.0,1.5
00-0036422,Adam Trautman,TE,DEN,IND,2,7.0,8.5,10.0
00-0036422,Adam Trautman,TE,DEN,LAC,3,0.0,0.0,0.0
00-0036422,Adam Trautman,TE,DEN,CIN,4,3.2,4.2,5.2
00-0036422,Adam Trautman,TE,DEN,PHI,5,1.1,1.6,2.1
00-0036422,Adam Trautman,TE,DEN,DAL,8,0.0,0.0,0.0
00-0036422,Adam Trautman,TE,DEN,HOU,9,2.5,3.5,4.5
00-0036422,Adam Trautman,TE,DEN,LV,10,0.2,0.7,1.2
00-0036422,Adam Trautman,TE,DEN,KC,11,0.8,1.3,1.8
00-0036422,Adam Trautman,TE,DEN,WAS,13,4.7,6.2,7.7
00-0036422,Adam Trautman,TE,DEN,LV,14,1.7,2.7,3.7
00-0036422,Adam Trautman,TE,DEN,JAX,16,1.4,2.4,3.4
00-0036422,Adam Trautman,TE,DEN,KC,17,2.4,3.4,4.4
00-0039890,Adonai Mitchell,WR,IND,MIA,1,2.1,3.1,4.1
00-0039890,Adonai Mitchell,WR,IND,DEN,2,2.0,3.0,4.0
00-0039890,Adonai Mitchell,WR,IND,TEN,3,0.0,0.0,0.0
00-0039890,Adonai Mitchell,WR,IND,LA,4,7.6,9.1,10.6
00-0039890,Adonai Mitchell,WR,IND,LV,5,0.0,0.0,0.0
00-0039890,Adonai Mitchell,WR,IND,LAC,7,0.8,1.3,1.8
00-0039890,Adonai Mitchell,WR,IND,TEN,8,0.0,0.0,0.0
00-0039890,Adonai Mitchell,WR,IND,PIT,9,0.7,1.2,1.7
00-0039890,Adonai Mitchell,WR,NYJ,NE,11,1.0,1.5,2.0
00-0039890,Adonai Mitchell,WR,NYJ,BAL,12,4.2,5.2,6.2
00-0039890,Adonai Mitchell,WR,NYJ,ATL,13,16.2,20.2,24.2
00-0039890,Adonai Mitchell,WR,NYJ,MIA,14,2.4,2.9,3.4
00-0039890,Adonai Mitchell,WR,NYJ,JAX,15,11.4,14.4,17.4
00-0039890,Adonai Mitchell,WR,NYJ,NO,16,4.3,5.8,7.3
00-0039890,Adonai Mitchell,WR,NYJ,NE,17,2.2,3.7,5.2
00-0039890,Adonai Mitchell,WR,NYJ,BUF,18,0.0,0.0,0.0
00-0038658,Adrian Martinez,QB,SF,NYG,9,-0.1,-0.1,-0.1
00-0038579,Aidan O'Connell,QB,LV,KC,18,4.8,4.8,4.8
00-0036423,Albert Okwuegbunam,TE,LV,IND,5,3.6,6.1,8.6
00-0035125,Alec Ingold,FB,MIA,IND,1,0.1,0.6,1.1
00-0035125,Alec Ingold,FB,MIA,NE,2,1.3,2.3,3.3
00-0035125,Alec Ingold,FB,MIA,CAR,5,0.0,0.0,0.0
00-0035125,Alec Ingold,FB,MIA,LAC,6,2.5,3.0,3.5
00-0035125,Alec Ingold,FB,MIA,ATL,8,0.0,0.5,1.0
00-0035125,Alec Ingold,FB,MIA,BUF,10,0.6,0.6,0.6
00-0035125,Alec Ingold,FB,MIA,PIT,15,0.4,0.9,1.4
00-0035125,Alec Ingold,FB,MIA,CIN,16,0.9,1.4,1.9
00-0035125,Alec Ingold,FB,MIA,NE,18,0.3,0.8,1.3
00-0037664,Alec Pierce,WR,IND,MIA,1,3.6,4.1,4.6
00-0037664,Alec Pierce,WR,IND,DEN,2,6.8,8.8,10.8
00-0037664,Alec Pierce,WR,IND,TEN,3,6.7,8.7,10.7
00-0037664,Alec Pierce,WR,IND,ARI,6,4.8,5.8,6.8
00-0037664,Alec Pierce,WR,IND,LAC,7,9.8,12.3,14.8
00-0037664,Alec Pierce,WR,IND,TEN,8,6.9,7.9,8.9
00-0037664,Alec Pierce,WR,IND,PIT,9,11.5,14.5,17.5
00-0037664,Alec Pierce,WR,IND,ATL,10,14.4,16.4,18.4
00-0037664,Alec Pierce,WR,IND,KC,12,2.6,3.1,3.6
00-0037664,Alec Pierce,WR,IND,HOU,13,13.8,15.8,17.8
00-0037664,Alec Pierce,WR,IND,JAX,14,8.0,10.5,13.0
00-0037664,Alec Pierce,WR,IND,SEA,15,1.6,2.1,2.6
00-0037664,Alec Pierce,WR,IND,SF,16,20.6,22.6,24.6
00-0037664,Alec Pierce,WR,IND,JAX,17,0.0,0.0,0.0
00-0037664,Alec Pierce,WR,IND,HOU,18,25.2,27.2,29.2
00-0035602,Alex Bachman,WR,LV,NE,1,0.0,0.0,0.0
00-0035602,Alex Bachman,WR,LV,IND,5,0.9,1.4,1.9
00-0035602,Alex Bachman,WR,LV,TEN,6,0.0,0.0,0.0
00-0035602,Alex Bachman,WR,LV,KC,7,0.0,0.0,0.0
00-0035602,Alex Bachman,WR,LV,JAX,9,0.0,0.0,0.0
00-0035602,Alex Bachman,WR,LV,DEN,10,0.0,0.0,0.0
00-0035602,Alex Bachman,WR,LV,CLE,12,0.0,0.0,0.0
00-0035602,Alex Bachman,WR,LV,LAC,13,0.0,0.0,0.0
00-0035602,Alex Bachman,WR,LV,HOU,16,0.3,0.8,1.3
00-0035602,Alex Bachman,WR,LV,NYG,17,0.0,0.0,0.0
00-0035602,Alex Bachman,WR,LV,KC,18,0.0,0.0,0.0
00-0034521,Allen Lazard,WR,NYJ,TB,3,7.3,8.3,9.3
00-0034521,Allen Lazard,WR,NYJ,MIA,4,0.8,1.3,1.8
00-0034521,Allen Lazard,WR,NYJ,DAL,5,0.3,0.8,1.3
00-0034521,Allen Lazard,WR,NYJ,CAR,7,1.6,2.6,3.6
00-0034521,Allen Lazard,WR,NYJ,CIN,8,0.5,1.0,1.5
00-0034521,Allen Lazard,WR,NYJ,BAL,12,0.9,1.4,1.9
00-0034521,Allen Lazard,WR,NYJ,ATL,13,1.0,1.5,2.0
00-0034521,Allen Lazard,WR,NYJ,MIA,14,0.0,0.0,0.0
00-0034521,Allen Lazard,WR,NYJ,JAX,15,0.6,1.1,1.6
00-0033906,Alvin Kamara,RB,NO,ARI,1,11.7,12.7,13.7
00-0033906,Alvin Kamara,RB,NO,SF,2,10.0,13.0,16.0
00-0033906,Alvin Kamara,RB,NO,SEA,3,5.6,6.1,6.6
00-0033906,Alvin Kamara,RB,NO,BUF,4,7.2,9.2,11.2
00-0033906,Alvin Kamara,RB,NO,NYG,5,5.5,7.5,9.5
00-0033906,Alvin Kamara,RB,NO,NE,6,7.6,10.1,12.6
00-0033906,Alvin Kamara,RB,NO,CHI,7,2.9,4.4,5.9
00-0033906,Alvin Kamara,RB,NO,TB,8,4.5,5.5,6.5
00-0033906,Alvin Kamara,RB,NO,LA,9,-0.3,0.2,0.7
00-0033906,Alvin Kamara,RB,NO,CAR,10,11.5,13.0,14.5
00-0033906,Alvin Kamara,RB,NO,ATL,12,1.5,2.5,3.5
00-0040039,Amar Johnson,RB,LAC,JAX,11,0.8,0.8,0.8
00-0032104,Ameer Abdullah,RB,IND,LV,5,6.6,6.6,6.6
00-0032104,Ameer Abdullah,RB,IND,ARI,6,1.6,2.1,2.6
00-0032104,Ameer Abdullah,RB,IND,LAC,7,2.7,3.2,3.7
00-0032104,Ameer Abdullah,RB,IND,TEN,8,0.8,1.3,1.8
00-0032104,Ameer Abdullah,RB,IND,PIT,9,0.5,1.0,1.5
00-0032104,Ameer Abdullah,RB,IND,ATL,10,0.8,1.3,1.8
00-0032104,Ameer Abdullah,RB,IND,KC,12,0.0,0.0,0.0
00-0032104,Ameer Abdullah,RB,IND,HOU,13,0.0,0.0,0.0
00-0032104,Ameer Abdullah,RB,IND,JAX,14,0.9,1.9,2.9
00-0032104,Ameer Abdullah,RB,IND,SEA,15,4.7,7.2,9.7
00-0032104,Ameer Abdullah,RB,IND,SF,16,0.4,0.9,1.4
00-0032104,Ameer Abdullah,RB,IND,JAX,17,0.4,0.9,1.4
00-0032104,Ameer Abdullah,RB,IND,HOU,18,2.5,3.5,4.5
00-0036963,Amon-Ra St. Brown,WR,DET,GB,1,4.5,6.5,8.5
00-0036963,Amon-Ra St. Brown,WR,DET,CHI,2,30.2,34.7,39.2
00-0036963,Amon-Ra St. Brown,WR,DET,BAL,3,13.7,17.2,20.7
00-0036963,Amon-Ra St. Brown,WR,DET,CLE,4,19.0,22.5,26.0
00-0036963,Amon-Ra St. Brown,WR,DET,CIN,5,10.0,14.0,18.0
00-0036963,Amon-Ra St. Brown,WR,DET,KC,6,4.7,9.2,13.7
00-0036963,Amon-Ra St. Brown,WR,DET,TB,7,14.6,17.6,20.6
00-0036963,Amon-Ra St. Brown,WR,DET,MIN,9,9.7,14.2,18.7
00-0036963,Amon-Ra St. Brown,WR,DET,WAS,10,11.8,14.3,16.8
00-0036963,Amon-Ra St. Brown,WR,DET,PHI,11,4.2,5.2,6.2
00-0036963,Amon-Ra St. Brown,WR,DET,NYG,12,20.9,25.4,29.9
00-0036963,Amon-Ra St. Brown,WR,DET,GB,13,0.0,0.0,0.0
00-0036963,Amon-Ra St. Brown,WR,DET,DAL,14,9.2,12.2,15.2
00-0036963,Amon-Ra St. Brown,WR,DET,LA,15,28.4,34.9,41.4
00-0036963,Amon-Ra St. Brown,WR,DET,PIT,16,5.4,7.4,9.4
00-0036963,Amon-Ra St. Brown,WR,DET,MIN,17,6.8,10.8,14.8
00-0036963,Amon-Ra St. Brown,WR,DET,CHI,18,13.9,19.4,24.9
00-0035876,Andre Baccellia,WR,ARI,SF,11,0.5,1.0,1.5
00-0035876,Andre Baccellia,WR,ARI,TB,13,0.0,0.0,0.0
00-0035876,Andre Baccellia,WR,ARI,LA,14,0.3,0.8,1.3
00-0035876,Andre Baccellia,WR,ARI,HOU,15,0.0,0.0,0.0
00-0038428,Andre Szmyt,K,CLE,CIN,1,3.0,3.0,3.0
00-0038428,Andre Szmyt,K,CLE,BAL,2,5.0,5.0,5.0
00-0038428,Andre Szmyt,K,CLE,GB,3,9.0,9.0,9.0
00-0038428,Andre Szmyt,K,CLE,DET,4,3.0,3.0,3.0
00-0038428,Andre Szmyt,K,CLE,MIN,5,5.0,5.0,5.0
00-0038428,Andre Szmyt,K,CLE,PIT,6,11.0,11.0,11.0
00-0038428,Andre Szmyt,K,CLE,MIA,7,7.0,7.0,7.0
00-0038428,Andre Szmyt,K,CLE,NE,8,0.0,0.0,0.0
00-0038428,Andre Szmyt,K,CLE,NYJ,10,9.0,9.0,9.0
00-0038428,Andre Szmyt,K,CLE,BAL,11,11.0,11.0,11.0
00-0038428,Andre Szmyt,K,CLE,LV,12,8.0,8.0,8.0
00-0038428,Andre Szmyt,K,CLE,SF,13,0.0,0.0,0.0
00-0038428,Andre Szmyt,K,CLE,TEN,14,5.0,5.0,5.0
00-0038428,Andre Szmyt,K,CLE,CHI,15,5.0,5.0,5.0
00-0038428,Andre Szmyt,K,CLE,BUF,16,9.0,9.0,9.0
00-0038428,Andre Szmyt,K,CLE,PIT,17,9.0,9.0,9.0
00-0038428,Andre Szmyt,K,CLE,CIN,18,9.0,9.0,9.0
00-0038619,Andrei Iosivas,WR,CIN,JAX,2,1.2,1.7,2.2
00-0038619,Andrei Iosivas,WR,CIN,DEN,4,2.7,3.2,3.7
00-0038619,Andrei Iosivas,WR,CIN,DET,5,8.2,10.7,13.2
00-0038619,Andrei Iosivas,WR,CIN,GB,6,0.5,1.0,1.5
00-0038619,Andrei Iosivas,WR,CIN,PIT,7,4.9,6.4,7.9
00-0038619,Andrei Iosivas,WR,CIN,NYJ,8,0.0,0.0,0.0
00-0038619,Andrei Iosivas,WR,CIN,CHI,9,13.0,15.5,18.0
00-0038619,Andrei Iosivas,WR,CIN,PIT,11,2.0,3.5,5.0
00-0038619,Andrei Iosivas,WR,CIN,NE,12,6.6,8.6,10.6
00-0038619,Andrei Iosivas,WR,CIN,BAL,13,8.9,9.4,9.9
00-0038619,Andrei Iosivas,WR,CIN,BUF,14,1.7,2.7,3.7
00-0038619,Andrei Iosivas,WR,CIN,BAL,15,0.0,0.0,0.0
00-0038619,Andrei Iosivas,WR,CIN,MIA,16,2.1,2.6,3.1
00-0038619,Andrei Iosivas,WR,CIN,ARI,17,4.1,6.1,8.1
00-0038619,Andrei Iosivas,WR,CIN,CLE,18,1.0,2.0,3.0
00-0034959,Andrew Beck,FB,NYJ,TB,3,0.0,0.0,0.0
00-0034959,Andrew Beck,FB,NYJ,DAL,5,6.1,6.6,7.1
00-0034959,Andrew Beck,FB,NYJ,DEN,6,0.6,1.1,1.6
00-0034959,Andrew Beck,FB,NYJ,CAR,7,0.0,0.0,0.0
00-0034959,Andrew Beck,FB,NYJ,CIN,8,0.9,1.4,1.9
00-0034959,Andrew Beck,FB,NYJ,CLE,10,0.0,0.0,0.0
00-0034959,Andrew Beck,FB,NYJ,BAL,12,1.0,1.5,2.0
00-0034959,Andrew Beck,FB,NYJ,ATL,13,0.0,0.0,0.0
00-0034959,Andrew Beck,FB,NYJ,MIA,14,1.7,2.2,2.7
00-0034959,Andrew Beck,FB,NYJ,JAX,15,0.5,0.5,0.5
00-0034959,Andrew Beck,FB,NYJ,BUF,18,6.2,6.7,7.2
00-0037292,Andrew Ogletree,TE,IND,MIA,1,0.0,0.0,0.0
00-0037292,Andrew Ogletree,TE,IND,DEN,2,0.0,0.0,0.0
00-0037292,Andrew Ogletree,TE,IND,LA,4,0.0,0.0,0.0
00-0037292,Andrew Ogletree,TE,IND,LAC,7,0.0,0.0,0.0
00-0037292,Andrew Ogletree,TE,IND,TEN,8,0.0,0.0,0.0
00-0037292,Andrew Ogletree,TE,IND,PIT,9,0.0,0.0,0.0
00-0037292,Andrew Ogletree,TE,IND,ATL,10,0.0,0.0,0.0
00-0037292,Andrew Ogletree,TE,IND,KC,12,6.8,7.8,8.8
00-0037292,Andrew Ogletree,TE,IND,HOU,13,0.8,1.3,1.8
00-0037292,Andrew Ogletree,TE,IND,JAX,14,0.0,0.0,0.0
00-0037292,Andrew Ogletree,TE,IND,SF,16,1.1,1.6,2.1
00-0040200,Andy Borregales,K,NE,LV,1,7.0,7.0,7.0
00-0040200,Andy Borregales,K,NE,MIA,2,7.0,7.0,7.0
00-0040200,Andy Borregales,K,NE,PIT,3,2.0,2.0,2.0
00-0040200,Andy Borregales,K,NE,CAR,4,6.0,6.0,6.0
00-0040200,Andy Borregales,K,NE,BUF,5,13.0,13.0,13.0
00-0040200,Andy Borregales,K,NE,NO,6,5.0,5.0,5.0
00-0040200,Andy Borregales,K,NE,TEN,7,7.0,7.0,7.0
00-0040200,Andy Borregales,K,NE,CLE,8,13.0,13.0,13.0
00-0040200,Andy Borregales,K,NE,ATL,9,6.0,6.0,6.0
00-0040200,Andy Borregales,K,NE,TB,10,4.0,4.0,4.0
00-0040200,Andy Borregales,K,NE,NYJ,11,9.0,9.0,9.0
00-0040200,Andy Borregales,K,NE,CIN,12,18.0,18.0,18.0
00-0040200,Andy Borregales,K,NE,NYG,13,14.0,14.0,14.0
00-0040200,Andy Borregales,K,NE,BUF,15,7.0,7.0,7.0
00-0040200,Andy Borregales,K,NE,BAL,16,10.0,10.0,10.0
00-0040200,Andy Borregales,K,NE,NYJ,17,5.0,5.0,5.0
00-0040200,Andy Borregales,K,NE,MIA,18,9.0,9.0,9.0
00-0027973,Andy Dalton,QB,CAR,ATL,3,-0.1,-0.1,-0.1
00-0027973,Andy Dalton,QB,CAR,NE,4,6.3,6.3,6.3
00-0027973,Andy Dalton,QB,CAR,NYJ,7,2.2,2.2,2.2
00-0027973,Andy Dalton,QB,CAR,BUF,8,1.1,1.1,1.1
00-0033455,Anthony Firkser,TE,DET,GB,13,0.4,0.9,1.4
00-0033455,Anthony Firkser,TE,DET,DAL,14,0.7,1.2,1.7
00-0033455,Anthony Firkser,TE,DET,PIT,16,4.0,6.0,8.0
00-0033455,Anthony Firkser,TE,DET,MIN,17,0.0,0.0,0.0
00-0033455,Anthony Firkser,TE,DET,CHI,18,0.2,1.2,2.2
00-0039816,Anthony Gould,WR,IND,MIA,1,0.0,0.0,0.0
00-0039816,Anthony Gould,WR,IND,DEN,2,0.0,0.0,0.0
00-0039816,Anthony Gould,WR,IND,TEN,3,0.0,0.0,0.0
00-0039816,Anthony Gould,WR,IND,LA,4,0.0,0.0,0.0
00-0039816,Anthony Gould,WR,IND,LV,5,0.0,0.0,0.0
00-0039816,Anthony Gould,WR,IND,ARI,6,0.0,0.0,0.0
00-0039816,Anthony Gould,WR,IND,LAC,7,0.3,0.8,1.3
00-0039816,Anthony Gould,WR,IND,TEN,8,0.0,0.0,0.0
00-0039816,Anthony Gould,WR,IND,KC,12,0.0,0.0,0.0
00-0039816,Anthony Gould,WR,IND,HOU,13,0.0,0.0,0.0
00-0039816,Anthony Gould,WR,IND,JAX,14,0.3,0.8,1.3
00-0039164,Anthony Richardson,QB,IND,TEN,3,-0.1,-0.1,-0.1
00-0039164,Anthony Richardson,QB,IND,LV,5,1.3,1.8,2.3
00-0036328,Antonio Gibson,RB,NE,LV,1,0.3,0.3,0.3
00-0036328,Antonio Gibson,RB,NE,MIA,2,8.8,9.3,9.8
00-0036328,Antonio Gibson,RB,NE,PIT,3,0.8,0.8,0.8
00-0036328,Antonio Gibson,RB,NE,CAR,4,8.7,8.7,8.7
00-0036328,Antonio Gibson,RB,NE,BUF,5,2.6,3.1,3.6
00-0040582,Arian Smith,WR,NYJ,PIT,1,0.0,0.0,0.0
00-0040582,Arian Smith,WR,NYJ,BUF,2,-0.2,0.3,0.8
00-0040582,Arian Smith,WR,NYJ,TB,3,0.2,1.2,2.2
00-0040582,Arian Smith,WR,NYJ,DAL,5,1.4,1.9,2.4
00-0040582,Arian Smith,WR,NYJ,DEN,6,0.0,0.0,0.0
00-0040582,Arian Smith,WR,NYJ,CAR,7,0.0,0.5,1.0
00-0040582,Arian Smith,WR,NYJ,CIN,8,2.3,2.8,3.3
00-0040582,Arian Smith,WR,NYJ,CLE,10,1.3,1.3,1.3
00-0040582,Arian Smith,WR,NYJ,BAL,12,0.8,0.8,0.8
00-0040582,Arian Smith,WR,NYJ,JAX,15,0.0,0.0,0.0
00-0040582,Arian Smith,WR,NYJ,NO,16,0.0,0.0,0.0
00-0040582,Arian Smith,WR,NYJ,NE,17,0.5,1.0,1.5
00-0040582,Arian Smith,WR,NYJ,BUF,18,0.2,0.2,0.2
00-0035021,Ashton Dulin,WR,IND,MIA,1,1.5,1.5,1.5
00-0035021,Ashton Dulin,WR,IND,DEN,2,0.0,0.0,0.0
00-0035021,Ashton Dulin,WR,IND,TEN,3,0.0,0.0,0.0
00-0035021,Ashton Dulin,WR,IND,LA,4,1.8,2.3,2.8
00-0035021,Ashton Dulin,WR,IND,LV,5,5.5,6.5,7.5
00-0035021,Ashton Dulin,WR,IND,ARI,6,0.0,0.0,0.0
00-0035021,Ashton Dulin,WR,IND,TEN,8,-0.8,-0.3,0.2
00-0035021,Ashton Dulin,WR,IND,PIT,9,0.0,0.0,0.0
00-0035021,Ashton Dulin,WR,IND,ATL,10,2.2,2.2,2.2
00-0035021,Ashton Dulin,WR,IND,KC,12,4.8,5.3,5.8
00-0035021,Ashton Dulin,WR,IND,JAX,17,0.0,0.0,0.0
00-0035021,Ashton Dulin,WR,IND,HOU,18,0.0,0.0,0.0
00-0040122,Ashton Jeanty,RB,LV,NE,1,10.0,11.0,12.0
00-0040122,Ashton Jeanty,RB,LV,LAC,2,4.4,5.9,7.4
00-0040122,Ashton Jeanty,RB,LV,WAS,3,6.3,6.3,6.3
00-0040122,Ashton Jeanty,RB,LV,CHI,4,31.5,32.5,33.5
00-0040122,Ashton Jeanty,RB,LV,IND,5,10.9,13.4,15.9
00-0040122,Ashton Jeanty,RB,LV,TEN,6,14.6,15.6,16.6
00-0040122,Ashton Jeanty,RB,LV,KC,7,3.4,3.9,4.4
00-0040122,Ashton Jeanty,RB,LV,JAX,9,14.9,17.4,19.9
00-0040122,Ashton Jeanty,RB,LV,DEN,10,12.3,13.8,15.3
00-0040122,Ashton Jeanty,RB,LV,DAL,11,3.4,6.4,9.4
00-0040122,Ashton Jeanty,RB,LV,CLE,12,16.8,20.8,24.8
00-0040122,Ashton Jeanty,RB,LV,LAC,13,6.1,9.1,12.1
00-0040122,Ashton Jeanty,RB,LV,DEN,14,3.8,4.8,5.8
00-0040122,Ashton Jeanty,RB,LV,PHI,15,4.2,6.2,8.2
00-0040122,Ashton Jeanty,RB,LV,HOU,16,30.8,31.3,31.8
00-0040122,Ashton Jeanty,RB,LV,NYG,17,7.3,8.3,9.3
00-0040122,Ashton Jeanty,RB,LV,KC,18,9.4,10.9,12.4
00-0039373,Audric Estimé,RB,NO,TB,14,1.1,1.1,1.1
00-0039373,Audric Estimé,RB,NO,CAR,15,5.0,6.5,8.0
00-0039373,Audric Estimé,RB,NO,NYJ,16,3.6,5.1,6.6
00-0039373,Audric Estimé,RB,NO,TEN,17,15.8,16.3,16.8
00-0039373,Audric Estimé,RB,NO,ATL,18,10.6,13.1,15.6
00-0033699,Austin Ekeler,RB,WAS,NYG,1,5.7,7.2,8.7
00-0033699,Austin Ekeler,RB,WAS,GB,2,2.4,3.4,4.4
00-0032392,Austin Hooper,TE,NE,LV,1,1.0,1.5,2.0
00-0032392,Austin Hooper,TE,NE,MIA,2,3.8,5.3,6.8
00-0032392,Austin Hooper,TE,NE,PIT,3,2.8,3.8,4.8
00-0032392,Austin Hooper,TE,NE,CAR,4,2.4,2.9,3.4
00-0032392,Austin Hooper,TE,NE,NO,6,0.5,1.0,1.5
00-0032392,Austin Hooper,TE,NE,TEN,7,7.1,8.1,9.1
00-0032392,Austin Hooper,TE,NE,CLE,8,3.8,4.8,5.8
00-0032392,Austin Hooper,TE,NE,ATL,9,2.0,2.5,3.0
00-0032392,Austin Hooper,TE,NE,TB,10,0.0,0.0,0.0
00-0032392,Austin Hooper,TE,NE,CIN,12,3.9,5.4,6.9
00-0032392,Austin Hooper,TE,NE,BAL,16,3.4,4.4,5.4
00-0032392,Austin Hooper,TE,NE,NYJ,17,7.1,8.1,9.1
00-0032392,Austin Hooper,TE,NE,MIA,18,0.5,1.0,1.5
00-0036841,Austin Trammell,WR,JAX,LV,9,0.0,0.0,0.0
00-0036841,Austin Trammell,WR,JAX,HOU,10,3.3,4.3,5.3
00-0036841,Austin Trammell,WR,JAX,LAC,11,1.3,1.8,2.3
00-0036841,Austin Trammell,WR,JAX,ARI,12,0.0,0.0,0.0
00-0036841,Austin Trammell,WR,JAX,TEN,13,0.0,0.0,0.0
00-0036841,Austin Trammell,WR,JAX,IND,14,0.0,0.0,0.0
00-0036950,Avery Williams,RB,NYJ,DAL,5,0.0,0.0,0.0
00-0034855,Baker Mayfield,QB,TB,ATL,1,22.6,22.6,22.6
00-0034855,Baker Mayfield,QB,TB,HOU,2,19.9,19.9,19.9
00-0034855,Baker Mayfield,QB,TB,NYJ,3,17.7,17.7,17.7
00-0034855,Baker Mayfield,QB,TB,PHI,4,18.9,18.9,18.9
00-0034855,Baker Mayfield,QB,TB,SEA,5,26.7,26.7,26.7
00-0034855,Baker Mayfield,QB,TB,SF,6,19.6,19.6,19.6
00-0034855,Baker Mayfield,QB,TB,DET,7,11.1,11.1,11.1
00-0034855,Baker Mayfield,QB,TB,NO,8,4.1,4.1,4.1
00-0034855,Baker Mayfield,QB,TB,NE,10,22.9,22.9,22.9
00-0034855,Baker Mayfield,QB,TB,BUF,11,16.8,16.8,16.8
00-0034855,Baker Mayfield,QB,TB,LA,12,3.5,3.5,3.5
00-0034855,Baker Mayfield,QB,TB,ARI,13,14.5,14.5,14.5
00-0034855,Baker Mayfield,QB,TB,NO,14,11.1,11.1,11.1
00-0034855,Baker Mayfield,QB,TB,ATL,15,19.2,19.2,19.2
00-0034855,Baker Mayfield,QB,TB,CAR,16,12.7,12.7,12.7
00-0034855,Baker Mayfield,QB,TB,MIA,17,17.4,17.4,17.4
00-0034855,Baker Mayfield,QB,TB,CAR,18,13.2,13.2,13.2
00-0037157,Bam Knight,RB,ARI,CAR,2,0.0,0.0,0.0
00-0037157,Bam Knight,RB,ARI,SEA,4,0.0,0.0,0.0
00-0037157,Bam Knight,RB,ARI,TEN,5,8.4,8.9,9.4
00-0037157,Bam Knight,RB,ARI,IND,6,11.4,11.9,12.4
00-0037157,Bam Knight,RB,ARI,GB,7,6.4,7.9,9.4
00-0037157,Bam Knight,RB,ARI,DAL,9,4.7,5.7,6.7
00-0037157,Bam Knight,RB,ARI,SEA,10,3.3,3.8,4.3
00-0037157,Bam Knight,RB,ARI,SF,11,10.5,12.5,14.5
00-0037157,Bam Knight,RB,ARI,JAX,12,9.2,11.2,13.2
00-0037157,Bam Knight,RB,ARI,TB,13,13.8,15.3,16.8
00-0037157,Bam Knight,RB,ARI,LA,14,3.4,4.9,6.4
00-0037157,Bam Knight,RB,ARI,HOU,15,-0.2,-0.2,-0.2
00-0040432,Beaux Collins,WR,NYG,DAL,2,0.0,0.0,0.0
00-0040432,Beaux Collins,WR,NYG,NO,5,0.7,1.2,1.7
00-0040432,Beaux Collins,WR,NYG,DEN,7,0.0,0.0,0.0
00-0040432,Beaux Collins,WR,NYG,PHI,8,1.8,2.3,2.8
00-0040530,Ben Sauls,K,NYG,MIN,16,7.0,7.0,7.0
00-0040530,Ben Sauls,K,NYG,LV,17,10.0,10.0,10.0
00-0040530,Ben Sauls,K,NYG,DAL,18,15.0,15.0,15.0
00-0038809,Ben Sims,TE,MIN,WAS,14,0.9,1.4,1.9
00-0038809,Ben Sims,TE,MIN,DET,17,0.3,0.8,1.3
00-0038809,Ben Sims,TE,MIN,GB,18,1.8,2.3,2.8
00-0039912,Ben Sinnott,TE,WAS,GB,2,0.7,1.2,1.7
00-0039912,Ben Sinnott,TE,WAS,ATL,4,0.0,0.0,0.0
00-0039912,Ben Sinnott,TE,WAS,KC,8,2.2,2.7,3.2
00-0039912,Ben Sinnott,TE,WAS,DET,10,6.4,6.9,7.4
00-0039912,Ben Sinnott,TE,WAS,MIN,14,0.8,1.3,1.8
00-0039912,Ben Sinnott,TE,WAS,NYG,15,3.6,4.1,4.6
00-0039912,Ben Sinnott,TE,WAS,PHI,16,0.5,1.0,1.5
00-0039912,Ben Sinnott,TE,WAS,DAL,17,2.9,4.4,5.9
00-0039912,Ben Sinnott,TE,WAS,PHI,18,0.3,1.3,2.3
00-0036862,Ben Skowronek,WR,PIT,NYJ,1,8.2,8.7,9.2
00-0036862,Ben Skowronek,WR,PIT,SEA,2,0.0,0.0,0.0
00-0036862,Ben Skowronek,WR,PIT,NE,3,0.0,0.0,0.0
00-0036862,Ben Skowronek,WR,PIT,MIN,4,0.0,0.0,0.0
00-0036862,Ben Skowronek,WR,PIT,CLE,6,0.0,0.0,0.0
00-0036862,Ben Skowronek,WR,PIT,CIN,7,0.0,0.0,0.0
00-0036862,Ben Skowronek,WR,PIT,GB,8,1.3,1.8,2.3
00-0036862,Ben Skowronek,WR,PIT,IND,9,0.0,0.0,0.0
00-0036862,Ben Skowronek,WR,PIT,LAC,10,0.0,0.0,0.0
00-0036862,Ben Skowronek,WR,PIT,CIN,11,0.0,0.0,0.0
00-0036862,Ben Skowronek,WR,PIT,CHI,12,2.1,2.6,3.1
00-0036862,Ben Skowronek,WR,PIT,BUF,13,0.0,0.0,0.0
00-0036862,Ben Skowronek,WR,PIT,BAL,14,1.3,1.8,2.3
00-0036862,Ben Skowronek,WR,PIT,MIA,15,0.0,0.0,0.0
00-0036862,Ben Skowronek,WR,PIT,DET,16,0.0,0.0,0.0
00-0036862,Ben Skowronek,WR,PIT,BAL,18,0.0,0.0,0.0
00-0040509,Ben Yurosek,TE,MIN,ATL,2,0.0,0.0,0.0
00-0040509,Ben Yurosek,TE,MIN,CIN,3,0.0,0.0,0.0
00-0040509,Ben Yurosek,TE,MIN,LAC,8,0.5,1.0,1.5
00-0040509,Ben Yurosek,TE,MIN,DET,9,0.0,0.0,0.0
00-0040509,Ben Yurosek,TE,MIN,BAL,10,0.0,0.0,0.0
00-0040509,Ben Yurosek,TE,MIN,GB,18,0.9,1.4,1.9
00-0040719,Bhayshul Tuten,RB,JAX,CAR,1,1.1,1.1,1.1
00-0040719,Bhayshul Tuten,RB,JAX,CIN,2,13.4,14.4,15.4
00-0040719,Bhayshul Tuten,RB,JAX,HOU,3,8.1,8.1,8.1
00-0040719,Bhayshul Tuten,RB,JAX,SF,4,2.2,2.7,3.2
00-0040719,Bhayshul Tuten,RB,JAX,KC,5,1.1,1.6,2.1
00-0040719,Bhayshul Tuten,RB,JAX,SEA,6,2.8,3.8,4.8
00-0040719,Bhayshul Tuten,RB,JAX,LA,7,2.2,2.2,2.2
00-0040719,Bhayshul Tuten,RB,JAX,LV,9,8.6,9.1,9.6
00-0040719,Bhayshul Tuten,RB,JAX,HOU,10,1.0,1.5,2.0
00-0040719,Bhayshul Tuten,RB,JAX,LAC,11,13.4,13.4,13.4
00-0040719,Bhayshul Tuten,RB,JAX,ARI,12,1.7,1.7,1.7
00-0040719,Bhayshul Tuten,RB,JAX,TEN,13,7.9,8.4,8.9
00-0040719,Bhayshul Tuten,RB,JAX,IND,14,-1.5,-1.5,-1.5
00-0040719,Bhayshul Tuten,RB,JAX,NYJ,15,8.3,8.8,9.3
00-0040719,Bhayshul Tuten,RB,JAX,TEN,18,8.3,8.3,8.3
00-0038542,Bijan Robinson,RB,ATL,TB,1,18.4,21.4,24.4
00-0038542,Bijan Robinson,RB,ATL,MIN,2,16.8,18.3,19.8
00-0038542,Bijan Robinson,RB,ATL,CAR,3,11.1,13.6,16.1
00-0038542,Bijan Robinson,RB,ATL,WAS,4,24.1,26.1,28.1
00-0038542,Bijan Robinson,RB,ATL,BUF,6,29.8,32.8,35.8
00-0038542,Bijan Robinson,RB,ATL,SF,7,15.2,18.2,21.2
00-0038542,Bijan Robinson,RB,ATL,MIA,8,2.8,4.3,5.8
00-0038542,Bijan Robinson,RB,ATL,NE,9,9.6,13.6,17.6
00-0038542,Bijan Robinson,RB,ATL,IND,10,8.8,9.8,10.8
00-0038542,Bijan Robinson,RB,ATL,CAR,11,26.3,28.3,30.3
00-0038542,Bijan Robinson,RB,ATL,NO,12,12.7,13.7,14.7
00-0038542,Bijan Robinson,RB,ATL,NYJ,13,25.3,27.8,30.3
00-0038542,Bijan Robinson,RB,ATL,SEA,14,7.4,8.4,9.4
00-0038542,Bijan Robinson,RB,ATL,TB,15,21.5,25.5,29.5
00-0038542,Bijan Robinson,RB,ATL,ARI,16,22.8,26.3,29.8
00-0038542,Bijan Robinson,RB,ATL,LA,17,34.9,37.4,39.9
00-0038542,Bijan Robinson,RB,ATL,NO,18,4.3,5.8,7.3
00-0039738,Blake Corum,RB,LA,HOU,1,1.6,2.1,2.6
00-0039738,Blake Corum,RB,LA,TEN,2,10.4,10.4,10.4
00-0039738,Blake Corum,RB,LA,PHI,3,5.3,5.3,5.3
00-0039738,Blake Corum,RB,LA,IND,4,1.6,2.6,3.6
00-0039738,Blake Corum,RB,LA,SF,5,1.3,1.3,1.3
00-0039738,Blake Corum,RB,LA,BAL,6,2.3,2.3,2.3
00-0039738,Blake Corum,RB,LA,JAX,7,4.3,4.8,5.3
00-0039738,Blake Corum,RB,LA,NO,9,5.8,5.8,5.8
00-0039738,Blake Corum,RB,LA,SF,10,5.6,5.6,5.6
00-0039738,Blake Corum,RB,LA,SEA,11,0.5,1.0,1.5
00-0039738,Blake Corum,RB,LA,TB,12,2.4,2.4,2.4
00-0039738,Blake Corum,RB,LA,CAR,13,14.1,14.1,14.1
00-0039738,Blake Corum,RB,LA,ARI,14,25.1,25.6,26.1
00-0039738,Blake Corum,RB,LA,DET,15,13.1,13.1,13.1
00-0039738,Blake Corum,RB,LA,SEA,16,12.1,12.6,13.1
00-0039738,Blake Corum,RB,LA,ATL,17,1.8,1.8,1.8
00-0039738,Blake Corum,RB,LA,ARI,18,6.9,7.4,7.9
00-0038905,Blake Grupe,K,NO,ARI,1,6.0,6.0,6.0
00-0038905,Blake Grupe,K,NO,SF,2,2.0,2.0,2.0
00-0038905,Blake Grupe,K,NO,SEA,3,6.0,6.0,6.0
00-0038905,Blake Grupe,K,NO,BUF,4,9.0,9.0,9.0
00-0038905,Blake Grupe,K,NO,NYG,5,14.0,14.0,14.0
00-0038905,Blake Grupe,K,NO,NE,6,16.0,16.0,16.0
00-0038905,Blake Grupe,K,NO,CHI,7,1.0,1.0,1.0
00-0038905,Blake Grupe,K,NO,TB,8,4.0,4.0,4.0
00-0038905,Blake Grupe,K,NO,LA,9,4.0,4.0,4.0
00-0038905,Blake Grupe,K,NO,CAR,10,5.0,5.0,5.0
00-0038905,Blake Grupe,K,NO,ATL,12,2.0,2.0,2.0
00-0038905,Blake Grupe,K,IND,JAX,14,7.0,7.0,7.0
00-0038905,Blake Grupe,K,IND,SEA,15,15.0,15.0,15.0
00-0038905,Blake Grupe,K,IND,SF,16,11.0,11.0,11.0
00-0038905,Blake Grupe,K,IND,JAX,17,5.0,5.0,5.0
00-0038905,Blake Grupe,K,IND,HOU,18,14.0,14.0,14.0
00-0038710,Blake Whiteheart,TE,CLE,GB,3,0.0,0.0,0.0
00-0038710,Blake Whiteheart,TE,CLE,DET,4,0.0,0.0,0.0
00-0038710,Blake Whiteheart,TE,CLE,PIT,6,0.0,0.5,1.0
00-0038710,Blake Whiteheart,TE,CLE,MIA,7,0.4,0.9,1.4
00-0038710,Blake Whiteheart,TE,CLE,NYJ,10,0.0,0.0,0.0
00-0038710,Blake Whiteheart,TE,CLE,SF,13,0.0,0.0,0.0
00-0038710,Blake Whiteheart,TE,CLE,TEN,14,0.0,0.0,0.0
00-0038710,Blake Whiteheart,TE,CLE,PIT,17,0.0,0.0,0.0
00-0038710,Blake Whiteheart,TE,CLE,CIN,18,0.0,0.0,0.0
00-0037091,Bo Melton,WR,GB,DET,1,0.0,0.0,0.0
00-0037091,Bo Melton,WR,GB,DAL,4,0.0,0.0,0.0
00-0037091,Bo Melton,WR,GB,CIN,6,0.3,0.3,0.3
00-0037091,Bo Melton,WR,GB,ARI,7,0.0,0.0,0.0
00-0037091,Bo Melton,WR,GB,PIT,8,0.0,0.0,0.0
00-0037091,Bo Melton,WR,GB,PHI,10,2.8,3.8,4.8
00-0037091,Bo Melton,WR,GB,NYG,11,1.7,1.7,1.7
00-0037091,Bo Melton,WR,GB,DET,13,1.5,1.5,1.5
00-0037091,Bo Melton,WR,GB,CHI,14,10.5,11.0,11.5
00-0037091,Bo Melton,WR,GB,DEN,15,0.0,0.0,0.0
00-0037091,Bo Melton,WR,GB,CHI,16,0.0,0.0,0.0
00-0037091,Bo Melton,WR,GB,BAL,17,3.4,3.9,4.4
00-0037091,Bo Melton,WR,GB,MIN,18,0.0,0.0,0.0
00-0039732,Bo Nix,QB,DEN,TEN,1,6.8,6.8,6.8
00-0039732,Bo Nix,QB,DEN,IND,2,20.2,20.2,20.2
00-0039732,Bo Nix,QB,DEN,LAC,3,13.4,13.4,13.4
00-0039732,Bo Nix,QB,DEN,CIN,4,25.7,25.7,25.7
00-0039732,Bo Nix,QB,DEN,PHI,5,17.9,17.9,17.9
00-0039732,Bo Nix,QB,DEN,NYJ,6,13.4,13.4,13.4
00-0039732,Bo Nix,QB,DEN,NYG,7,40.0,40.0,40.0
00-0039732,Bo Nix,QB,DEN,DAL,8,23.8,23.8,23.8
00-0039732,Bo Nix,QB,DEN,HOU,9,18.5,18.5,18.5
00-0039732,Bo Nix,QB,DEN,LV,10,5.8,5.8,5.8
00-0039732,Bo Nix,QB,DEN,KC,11,12.6,12.6,12.6
00-0039732,Bo Nix,QB,DEN,WAS,13,16.4,16.4,16.4
00-0039732,Bo Nix,QB,DEN,LV,14,16.0,16.0,16.0
00-0039732,Bo Nix,QB,DEN,GB,15,29.1,29.1,29.1
00-0039732,Bo Nix,QB,DEN,JAX,16,15.2,15.2,15.2
00-0039732,Bo Nix,QB,DEN,KC,17,19.5,19.5,19.5
00-0039732,Bo Nix,QB,DEN,LAC,18,10.5,10.5,10.5
00-0040398,Brady Cook,QB,NYJ,MIA,14,2.5,2.5,2.5
00-0040398,Brady Cook,QB,NYJ,JAX,15,8.9,8.9,8.9
00-0040398,Brady Cook,QB,NYJ,NO,16,3.7,3.7,3.7
00-0040398,Brady Cook,QB,NYJ,NE,17,4.2,4.2,4.2
00-0040398,Brady Cook,QB,NYJ,BUF,18,9.1,9.1,9.1
00-0038488,Brady Russell,RB,SEA,SF,1,0.0,0.0,0.0
00-0038488,Brady Russell,RB,SEA,PIT,2,0.0,0.0,0.0
00-0038488,Brady Russell,RB,SEA,NO,3,0.0,0.0,0.0
00-0038488,Brady Russell,RB,SEA,JAX,6,0.0,0.0,0.0
00-0038488,Brady Russell,RB,SEA,HOU,7,0.0,0.0,0.0
00-0038488,Brady Russell,RB,SEA,ARI,10,0.0,0.0,0.0
00-0038488,Brady Russell,RB,SEA,LA,11,0.0,0.0,0.0
00-0038488,Brady Russell,RB,SEA,TEN,12,0.0,0.0,0.0
00-0038488,Brady Russell,RB,SEA,IND,15,0.0,0.0,0.0
00-0038488,Brady Russell,RB,SEA,LA,16,0.0,0.0,0.0
00-0039794,Braelon Allen,RB,NYJ,PIT,1,6.9,6.9,6.9
00-0039794,Braelon Allen,RB,NYJ,BUF,2,1.1,1.1,1.1
00-0039794,Braelon Allen,RB,NYJ,TB,3,4.7,5.7,6.7
00-0039794,Braelon Allen,RB,NYJ,MIA,4,0.6,0.6,0.6
00-0031236,Brandin Cooks,WR,NO,ARI,1,2.6,4.1,5.6
00-0031236,Brandin Cooks,WR,NO,SF,2,2.6,3.6,4.6
00-0031236,Brandin Cooks,WR,NO,SEA,3,2.4,3.9,5.4
00-0031236,Brandin Cooks,WR,NO,BUF,4,2.2,3.7,5.2
00-0031236,Brandin Cooks,WR,NO,NYG,5,0.5,1.0,1.5
00-0031236,Brandin Cooks,WR,NO,NE,6,2.1,2.6,3.1
00-0031236,Brandin Cooks,WR,NO,CHI,7,0.3,0.8,1.3
00-0031236,Brandin Cooks,WR,NO,TB,8,2.2,3.7,5.2
00-0031236,Brandin Cooks,WR,NO,LA,9,1.6,2.6,3.6
00-0031236,Brandin Cooks,WR,BUF,PIT,13,1.3,1.8,2.3
00-0031236,Brandin Cooks,WR,BUF,NE,15,0.0,0.0,0.0
00-0031236,Brandin Cooks,WR,BUF,CLE,16,0.0,0.0,0.0
00-0031236,Brandin Cooks,WR,BUF,PHI,17,10.1,12.1,14.1
00-0032434,Brandon Allen,QB,TEN,JAX,18,0.9,0.9,0.9
00-0037692,Brandon Aubrey,K,DAL,PHI,1,11.0,11.0,11.0
00-0037692,Brandon Aubrey,K,DAL,NYG,2,22.0,22.0,22.0
00-0037692,Brandon Aubrey,K,DAL,CHI,3,8.0,8.0,8.0
00-0037692,Brandon Aubrey,K,DAL,GB,4,8.0,8.0,8.0
00-0037692,Brandon Aubrey,K,DAL,NYJ,5,6.0,6.0,6.0
00-0037692,Brandon Aubrey,K,DAL,CAR,6,9.0,9.0,9.0
00-0037692,Brandon Aubrey,K,DAL,WAS,7,17.0,17.0,17.0
00-0037692,Brandon Aubrey,K,DAL,DEN,8,6.0,6.0,6.0
00-0037692,Brandon Aubrey,K,DAL,ARI,9,4.0,4.0,4.0
00-0037692,Brandon Aubrey,K,DAL,LV,11,9.0,9.0,9.0
00-0037692,Brandon Aubrey,K,DAL,PHI,12,6.0,6.0,6.0
00-0037692,Brandon Aubrey,K,DAL,KC,13,12.0,12.0,12.0
00-0037692,Brandon Aubrey,K,DAL,DET,14,23.0,23.0,23.0
00-0037692,Brandon Aubrey,K,DAL,MIN,15,14.0,14.0,14.0
00-0037692,Brandon Aubrey,K,DAL,LAC,16,5.0,5.0,5.0
00-0037692,Brandon Aubrey,K,DAL,WAS,17,16.0,16.0,16.0
00-0037692,Brandon Aubrey,K,DAL,NYG,18,4.0,4.0,4.0
00-0029822,Brandon McManus,K,GB,DET,1,9.0,9.0,9.0
00-0029822,Brandon McManus,K,GB,WAS,2,10.0,10.0,10.0
00-0029822,Brandon McManus,K,GB,CLE,3,3.0,3.0,3.0
00-0029822,Brandon McManus,K,GB,DAL,4,12.0,12.0,12.0
00-0029822,Brandon McManus,K,GB,PIT,8,7.0,7.0,7.0
00-0029822,Brandon McManus,K,GB,CAR,9,7.0,7.0,7.0
00-0029822,Brandon McManus,K,GB,PHI,10,0.0,0.0,0.0
00-0029822,Brandon McManus,K,GB,MIN,12,12.0,12.0,12.0
00-0029822,Brandon McManus,K,GB,DET,13,8.0,8.0,8.0
00-0029822,Brandon McManus,K,GB,CHI,14,4.0,4.0,4.0
00-0029822,Brandon McManus,K,GB,DEN,15,16.0,16.0,16.0
00-0029822,Brandon McManus,K,GB,CHI,16,10.0,10.0,10.0
00-0029822,Brandon McManus,K,GB,BAL,17,6.0,6.0,6.0
00-0029822,Brandon McManus,K,GB,MIN,18,3.0,3.0,3.0
00-0040078,Brashard Smith,RB,KC,LAC,1,0.0,0.0,0.0
00-0040078,Brashard Smith,RB,KC,PHI,2,0.2,0.2,0.2
00-0040078,Brashard Smith,RB,KC,NYG,3,1.3,1.3,1.3
00-0040078,Brashard Smith,RB,KC,BAL,4,3.6,5.1,6.6
00-0040078,Brashard Smith,RB,KC,JAX,5,3.6,5.1,6.6
00-0040078,Brashard Smith,RB,KC,DET,6,2.1,3.6,5.1
00-0040078,Brashard Smith,RB,KC,LV,7,8.1,10.6,13.1
00-0040078,Brashard Smith,RB,KC,WAS,8,0.8,0.8,0.8
00-0040078,Brashard Smith,RB,KC,BUF,9,0.7,0.7,0.7
00-0040078,Brashard Smith,RB,KC,DEN,11,0.8,1.8,2.8
00-0040078,Brashard Smith,RB,KC,IND,12,3.6,5.1,6.6
00-0040078,Brashard Smith,RB,KC,DAL,13,0.0,0.0,0.0
00-0040078,Brashard Smith,RB,KC,HOU,14,0.7,0.7,0.7
00-0040078,Brashard Smith,RB,KC,LAC,15,0.1,0.1,0.1
00-0040078,Brashard Smith,RB,KC,TEN,16,0.4,0.9,1.4
00-0040078,Brashard Smith,RB,KC,DEN,17,6.5,8.0,9.5
00-0040078,Brashard Smith,RB,KC,LV,18,5.8,6.8,7.8
00-0034419,Braxton Berrios,WR,HOU,SEA,7,-0.1,0.4,0.9
00-0034419,Braxton Berrios,WR,HOU,SF,8,3.8,6.3,8.8
00-0034419,Braxton Berrios,WR,HOU,DEN,9,0.0,0.0,0.0
00-0034419,Braxton Berrios,WR,HOU,JAX,10,0.0,0.0,0.0
00-0038643,Brayden Willis,TE,SF,NO,2,0.0,0.0,0.0
00-0038643,Brayden Willis,TE,SF,ARI,3,0.0,0.0,0.0
00-0038643,Brayden Willis,TE,SF,JAX,4,0.0,0.0,0.0
00-0038643,Brayden Willis,TE,SF,LA,5,0.0,0.0,0.0
00-0038643,Brayden Willis,TE,SF,TB,6,0.0,0.0,0.0
00-0038643,Brayden Willis,TE,SF,CHI,17,0.0,0.0,0.0
00-0038120,Breece Hall,RB,NYJ,PIT,1,14.5,15.5,16.5
00-0038120,Breece Hall,RB,NYJ,BUF,2,3.8,4.8,5.8
00-0038120,Breece Hall,RB,NYJ,TB,3,5.2,7.2,9.2
00-0038120,Breece Hall,RB,NYJ,MIA,4,11.1,13.6,16.1
00-0038120,Breece Hall,RB,NYJ,DAL,5,13.5,15.5,17.5
00-0038120,Breece Hall,RB,NYJ,DEN,6,5.9,5.9,5.9
00-0038120,Breece Hall,RB,NYJ,CAR,7,5.2,6.2,7.2
00-0038120,Breece Hall,RB,NYJ,CIN,8,30.9,31.9,32.9
00-0038120,Breece Hall,RB,NYJ,CLE,10,18.5,19.0,19.5
00-0038120,Breece Hall,RB,NYJ,NE,11,6.4,7.4,8.4
00-0038120,Breece Hall,RB,NYJ,BAL,12,9.9,11.9,13.9
00-0038120,Breece Hall,RB,NYJ,ATL,13,13.6,14.6,15.6
00-0038120,Breece Hall,RB,NYJ,MIA,14,4.3,4.3,4.3
00-0038120,Breece Hall,RB,NYJ,JAX,15,3.7,4.7,5.7
00-0038120,Breece Hall,RB,NYJ,NO,16,6.3,7.3,8.3
00-0038120,Breece Hall,RB,NYJ,NE,17,18.9,19.9,20.9
00-0039458,Brenden Bates,TE,HOU,BAL,5,2.3,3.3,4.3
00-0039458,Brenden Bates,TE,CLE,CHI,15,0.0,0.0,0.0
00-0039458,Brenden Bates,TE,CLE,BUF,16,0.0,0.0,0.0
00-0039458,Brenden Bates,TE,CLE,PIT,17,1.9,2.4,2.9
00-0039458,Brenden Bates,TE,CLE,CIN,18,0.6,1.1,1.6
00-0038935,Brenton Strange,TE,JAX,CAR,1,5.9,7.9,9.9
00-0038935,Brenton Strange,TE,JAX,CIN,2,1.7,3.2,4.7
00-0038935,Brenton Strange,TE,JAX,HOU,3,6.1,9.1,12.1
00-0038935,Brenton Strange,TE,JAX,SF,4,4.5,7.5,10.5
00-0038935,Brenton Strange,TE,JAX,KC,5,2.2,2.7,3.2
00-0038935,Brenton Strange,TE,JAX,ARI,12,9.3,11.8,14.3
00-0038935,Brenton Strange,TE,JAX,TEN,13,10.5,12.0,13.5
00-0038935,Brenton Strange,TE,JAX,IND,14,2.7,4.2,5.7
00-0038935,Brenton Strange,TE,JAX,NYJ,15,2.6,3.1,3.6
00-0038935,Brenton Strange,TE,JAX,DEN,16,9.9,12.4,14.9
00-0038935,Brenton Strange,TE,JAX,IND,17,5.4,6.9,8.4
00-0038935,Brenton Strange,TE,JAX,TEN,18,11.2,14.2,17.2
00-0034955,Brett Rypien,QB,CIN,MIN,3,0.0,0.0,0.0
00-0039530,Brevyn Spann-Ford,TE,DAL,PHI,1,0.0,0.0,0.0
00-0039530,Brevyn Spann-Ford,TE,DAL,NYG,2,0.3,0.8,1.3
00-0039530,Brevyn Spann-Ford,TE,DAL,CHI,3,0.0,0.0,0.0
00-0039530,Brevyn Spann-Ford,TE,DAL,NYJ,5,0.0,0.0,0.0
00-0039530,Brevyn Spann-Ford,TE,DAL,CAR,6,0.2,0.7,1.2
00-0039530,Brevyn Spann-Ford,TE,DAL,WAS,7,0.0,0.0,0.0
00-0039530,Brevyn Spann-Ford,TE,DAL,DEN,8,0.9,1.4,1.9
00-0039530,Brevyn Spann-Ford,TE,DAL,ARI,9,0.0,0.0,0.0
00-0039530,Brevyn Spann-Ford,TE,DAL,LV,11,0.4,0.9,1.4
00-0039530,Brevyn Spann-Ford,TE,DAL,PHI,12,6.4,6.9,7.4
00-0039530,Brevyn Spann-Ford,TE,DAL,KC,13,0.0,0.0,0.0
00-0039530,Brevyn Spann-Ford,TE,DAL,DET,14,0.7,1.2,1.7
00-0039530,Brevyn Spann-Ford,TE,DAL,MIN,15,0.0,0.0,0.0
00-0039530,Brevyn Spann-Ford,TE,DAL,LAC,16,0.0,0.0,0.0
00-0039530,Brevyn Spann-Ford,TE,DAL,WAS,17,3.1,3.6,4.1
00-0039530,Brevyn Spann-Ford,TE,DAL,NYG,18,3.0,4.0,5.0
00-0037746,Brian Robinson,RB,SF,SEA,1,3.7,4.2,4.7
00-0037746,Brian Robinson,RB,SF,NO,2,1.9,2.4,2.9
00-0037746,Brian Robinson,RB,SF,ARI,3,2.2,2.2,2.2
00-0037746,Brian Robinson,RB,SF,JAX,4,2.1,2.1,2.1
00-0037746,Brian Robinson,RB,SF,LA,5,1.2,1.2,1.2
00-0037746,Brian Robinson,RB,SF,TB,6,0.8,2.3,3.8
00-0037746,Brian Robinson,RB,SF,ATL,7,3.6,3.6,3.6
00-0037746,Brian Robinson,RB,SF,HOU,8,0.0,0.0,0.0
00-0037746,Brian Robinson,RB,SF,NYG,9,11.3,11.3,11.3
00-0037746,Brian Robinson,RB,SF,LA,10,10.5,11.0,11.5
00-0037746,Brian Robinson,RB,SF,ARI,11,2.4,2.4,2.4
00-0037746,Brian Robinson,RB,SF,CAR,12,4.4,4.9,5.4
00-0037746,Brian Robinson,RB,SF,CLE,13,2.6,2.6,2.6
00-0037746,Brian Robinson,RB,SF,TEN,15,2.1,2.1,2.1
00-0037746,Brian Robinson,RB,SF,IND,16,2.0,2.0,2.0
00-0037746,Brian Robinson,RB,SF,CHI,17,2.8,3.3,3.8
00-0037746,Brian Robinson,RB,SF,SEA,18,0.9,0.9,0.9
00-0039893,Brian Thomas Jr.,WR,JAX,CAR,1,8.0,8.5,9.0
00-0039893,Brian Thomas Jr.,WR,JAX,CIN,2,4.9,6.9,8.9
00-0039893,Brian Thomas Jr.,WR,JAX,HOU,3,5.5,6.5,7.5
00-0039893,Brian Thomas Jr.,WR,JAX,SF,4,5.6,8.1,10.6
00-0039893,Brian Thomas Jr.,WR,JAX,KC,5,8.0,10.0,12.0
00-0039893,Brian Thomas Jr.,WR,JAX,SEA,6,15.0,19.0,23.0
00-0039893,Brian Thomas Jr.,WR,JAX,LA,7,3.1,4.6,6.1
00-0039893,Brian Thomas Jr.,WR,JAX,LV,9,5.5,7.0,8.5
00-0039893,Brian Thomas Jr.,WR,JAX,TEN,13,2.8,3.8,4.8
00-0039893,Brian Thomas Jr.,WR,JAX,IND,14,8.7,10.2,11.7
00-0039893,Brian Thomas Jr.,WR,JAX,NYJ,15,13.1,15.1,17.1
00-0039893,Brian Thomas Jr.,WR,JAX,DEN,16,1.8,2.8,3.8
00-0039893,Brian Thomas Jr.,WR,JAX,IND,17,3.9,5.9,7.9
00-0039893,Brian Thomas Jr.,WR,JAX,TEN,18,4.9,6.4,7.9
00-0037132,Britain Covey,WR,PHI,CHI,13,0.0,0.0,0.0
00-0037132,Britain Covey,WR,PHI,LAC,14,0.0,0.0,0.0
00-0037132,Britain Covey,WR,PHI,LV,15,0.0,0.0,0.0
00-0037132,Britain Covey,WR,PHI,WAS,16,0.0,0.0,0.0
00-0037132,Britain Covey,WR,PHI,BUF,17,0.0,0.0,0.0
00-0037132,Britain Covey,WR,PHI,WAS,18,2.0,3.0,4.0
00-0039603,British Brooks,RB,HOU,BAL,5,1.5,1.5,1.5
00-0039603,British Brooks,RB,HOU,SF,8,0.0,0.0,0.0
00-0039603,British Brooks,RB,HOU,DEN,9,0.0,0.0,0.0
00-0039603,British Brooks,RB,HOU,BUF,12,0.0,0.0,0.0
00-0039603,British Brooks,RB,HOU,KC,14,0.0,0.0,0.0
00-0039603,British Brooks,RB,HOU,ARI,15,0.0,0.0,0.0
00-0039603,British Brooks,RB,HOU,LV,16,0.0,0.0,0.0
00-0039603,British Brooks,RB,HOU,IND,18,6.3,6.3,6.3
00-0037329,Brittain Brown,RB,CHI,CIN,9,9.7,9.7,9.7
00-0037329,Brittain Brown,RB,CHI,CLE,15,0.0,0.0,0.0
00-0039338,Brock Bowers,TE,LV,NE,1,10.3,12.8,15.3
00-0039338,Brock Bowers,TE,LV,LAC,2,3.8,6.3,8.8
00-0039338,Brock Bowers,TE,LV,WAS,3,5.8,7.8,9.8
00-0039338,Brock Bowers,TE,LV,CHI,4,4.6,7.1,9.6
00-0039338,Brock Bowers,TE,LV,JAX,9,31.3,37.3,43.3
00-0039338,Brock Bowers,TE,LV,DEN,10,2.7,3.2,3.7
00-0039338,Brock Bowers,TE,LV,DAL,11,7.2,10.7,14.2
00-0039338,Brock Bowers,TE,LV,CLE,12,5.5,8.5,11.5
00-0039338,Brock Bowers,TE,LV,LAC,13,18.3,20.3,22.3
00-0039338,Brock Bowers,TE,LV,DEN,14,10.6,12.6,14.6
00-0039338,Brock Bowers,TE,LV,PHI,15,2.8,5.8,8.8
00-0039338,Brock Bowers,TE,LV,HOU,16,9.3,11.8,14.3
00-0037834,Brock Purdy,QB,SF,SEA,1,16.8,16.8,16.8
00-0037834,Brock Purdy,QB,SF,JAX,4,17.7,17.7,17.7
00-0037834,Brock Purdy,QB,SF,ARI,11,19.3,19.3,19.3
00-0037834,Brock Purdy,QB,SF,CAR,12,7.3,7.3,7.3
00-0037834,Brock Purdy,QB,SF,CLE,13,17.1,17.1,17.1
00-0037834,Brock Purdy,QB,SF,TEN,15,26.2,26.2,26.2
00-0037834,Brock Purdy,QB,SF,IND,16,30.9,30.9,30.9
00-0037834,Brock Purdy,QB,SF,CHI,17,36.9,36.9,36.9
00-0037834,Brock Purdy,QB,SF,SEA,18,5.2,5.2,5.2
00-0036754,Brock Wright,TE,DET,CHI,2,8.8,10.3,11.8
00-0036754,Brock Wright,TE,DET,CLE,4,0.0,0.0,0.0
00-0036754,Brock Wright,TE,DET,CIN,5,6.9,7.9,8.9
00-0036754,Brock Wright,TE,DET,TB,7,2.3,3.8,5.3
00-0036754,Brock Wright,TE,DET,MIN,9,1.1,1.6,2.1
00-0036754,Brock Wright,TE,DET,WAS,10,0.0,0.0,0.0
00-0036754,Brock Wright,TE,DET,PHI,11,0.8,1.8,2.8
00-0036754,Brock Wright,TE,DET,NYG,12,2.9,4.4,5.9
00-0039650,Bryce Oliver,WR,TEN,DEN,1,0.8,1.3,1.8
00-0039650,Bryce Oliver,WR,TEN,LA,2,0.0,0.0,0.0
00-0039150,Bryce Young,QB,CAR,JAX,1,8.2,8.2,8.2
00-0039150,Bryce Young,QB,CAR,ARI,2,21.3,21.3,21.3
00-0039150,Bryce Young,QB,CAR,ATL,3,11.6,11.6,11.6
00-0039150,Bryce Young,QB,CAR,NE,4,10.3,10.3,10.3
00-0039150,Bryce Young,QB,CAR,MIA,5,12.0,12.0,12.0
00-0039150,Bryce Young,QB,CAR,DAL,6,18.5,18.5,18.5
00-0039150,Bryce Young,QB,CAR,NYJ,7,10.5,10.5,10.5
00-0039150,Bryce Young,QB,CAR,GB,9,3.0,3.0,3.0
00-0039150,Bryce Young,QB,CAR,NO,10,1.6,1.6,1.6
00-0039150,Bryce Young,QB,CAR,ATL,11,31.8,31.8,31.8
00-0039150,Bryce Young,QB,CAR,SF,12,8.3,8.3,8.3
00-0039150,Bryce Young,QB,CAR,LA,13,22.5,22.5,22.5
00-0039150,Bryce Young,QB,CAR,NO,15,15.4,15.4,15.4
00-0039150,Bryce Young,QB,CAR,TB,16,17.6,17.6,17.6
00-0039150,Bryce Young,QB,CAR,SEA,17,8.9,8.9,8.9
00-0039150,Bryce Young,QB,CAR,TB,18,16.5,16.5,16.5
00-0038840,Brycen Tremayne,WR,CAR,JAX,1,0.0,0.0,0.0
00-0038840,Brycen Tremayne,WR,CAR,ARI,2,4.8,6.3,7.8
00-0038840,Brycen Tremayne,WR,CAR,ATL,3,1.5,2.5,3.5
00-0038840,Brycen Tremayne,WR,CAR,NE,4,3.6,5.1,6.6
00-0038840,Brycen Tremayne,WR,CAR,MIA,5,0.9,1.4,1.9
00-0038840,Brycen Tremayne,WR,CAR,NYJ,7,0.0,0.0,0.0
00-0038840,Brycen Tremayne,WR,CAR,BUF,8,0.0,0.0,0.0
00-0038840,Brycen Tremayne,WR,CAR,GB,9,0.8,1.3,1.8
00-0038840,Brycen Tremayne,WR,CAR,ATL,11,1.7,2.7,3.7
00-0038840,Brycen Tremayne,WR,CAR,SF,12,0.0,0.0,0.0
00-0038840,Brycen Tremayne,WR,CAR,LA,13,0.0,0.0,0.0
00-0038840,Brycen Tremayne,WR,CAR,NO,15,0.0,0.0,0.0
00-0038840,Brycen Tremayne,WR,CAR,TB,16,0.0,0.0,0.0
00-0038840,Brycen Tremayne,WR,CAR,SEA,17,0.0,0.0,0.0
00-0038840,Brycen Tremayne,WR,CAR,TB,18,2.7,3.7,4.7
00-0039361,Bucky Irving,RB,TB,ATL,1,10.5,12.5,14.5
00-0039361,Bucky Irving,RB,TB,HOU,2,12.1,15.1,18.1
00-0039361,Bucky Irving,RB,TB,NYJ,3,9.9,11.9,13.9
00-0039361,Bucky Irving,RB,TB,PHI,4,20.5,23.0,25.5
00-0039361,Bucky Irving,RB,TB,ARI,13,14.1,15.1,16.1
00-0039361,Bucky Irving,RB,TB,NO,14,14.1,15.1,16.1
00-0039361,Bucky Irving,RB,TB,ATL,15,7.1,7.6,8.1
00-0039361,Bucky Irving,RB,TB,CAR,16,7.1,7.1,7.1
00-0039361,Bucky Irving,RB,TB,MIA,17,3.3,5.8,8.3
00-0039361,Bucky Irving,RB,TB,CAR,18,9.8,10.3,10.8
00-0032918,C.J. Ham,FB,MIN,CLE,5,0.0,0.0,0.0
00-0032918,C.J. Ham,FB,MIN,PHI,7,0.5,1.0,1.5
00-0032918,C.J. Ham,FB,MIN,BAL,10,0.0,0.0,0.0
00-0032918,C.J. Ham,FB,MIN,CHI,11,0.0,0.0,0.0
00-0032918,C.J. Ham,FB,MIN,DAL,15,6.1,6.1,6.1
00-0032918,C.J. Ham,FB,MIN,NYG,16,0.3,0.3,0.3
00-0032918,C.J. Ham,FB,MIN,DET,17,0.0,0.0,0.0
00-0032918,C.J. Ham,FB,MIN,GB,18,6.7,7.2,7.7
00-0039163,C.J. Stroud,QB,HOU,LA,1,8.7,8.7,8.7
00-0039163,C.J. Stroud,QB,HOU,TB,2,15.0,15.0,15.0
00-0039163,C.J. Stroud,QB,HOU,JAX,3,10.4,10.4,10.4
00-0039163,C.J. Stroud,QB,HOU,TEN,4,18.4,18.4,18.4
00-0039163,C.J. Stroud,QB,HOU,BAL,5,28.8,28.8,28.8
00-0039163,C.J. Stroud,QB,HOU,SEA,7,13.7,13.7,13.7
00-0039163,C.J. Stroud,QB,HOU,SF,8,21.7,21.7,21.7
00-0039163,C.J. Stroud,QB,HOU,DEN,9,4.4,4.4,4.4
00-0039163,C.J. Stroud,QB,HOU,IND,13,9.0,9.0,9.0
00-0039163,C.J. Stroud,QB,HOU,KC,14,12.6,12.6,12.6
00-0039163,C.J. Stroud,QB,HOU,ARI,15,23.4,23.4,23.4
00-0039163,C.J. Stroud,QB,HOU,LV,16,11.5,11.5,11.5
00-0039163,C.J. Stroud,QB,HOU,LAC,17,13.8,13.8,13.8
00-0039163,C.J. Stroud,QB,HOU,IND,18,17.3,17.3,17.3
00-0038129,Cade Otton,TE,TB,ATL,1,0.0,0.0,0.0
00-0038129,Cade Otton,TE,TB,HOU,2,2.5,4.0,5.5
00-0038129,Cade Otton,TE,TB,PHI,4,0.9,2.4,3.9
00-0038129,Cade Otton,TE,TB,SEA,5,8.1,10.1,12.1
00-0038129,Cade Otton,TE,TB,SF,6,5.1,7.6,10.1
00-0038129,Cade Otton,TE,TB,DET,7,6.5,10.0,13.5
00-0038129,Cade Otton,TE,TB,NO,8,4.0,6.0,8.0
00-0038129,Cade Otton,TE,TB,NE,10,8.2,12.7,17.2
00-0038129,Cade Otton,TE,TB,BUF,11,2.8,3.8,4.8
00-0038129,Cade Otton,TE,TB,LA,12,2.1,4.1,6.1
00-0038129,Cade Otton,TE,TB,ARI,13,0.9,1.9,2.9
00-0038129,Cade Otton,TE,TB,NO,14,1.9,3.4,4.9
00-0038129,Cade Otton,TE,TB,CAR,16,1.5,2.5,3.5
00-0038129,Cade Otton,TE,TB,MIA,17,3.3,5.3,7.3
00-0038129,Cade Otton,TE,TB,CAR,18,15.4,18.9,22.4
00-0039359,Cade Stover,TE,HOU,LA,1,2.2,4.2,6.2
00-0039359,Cade Stover,TE,HOU,BUF,12,0.0,0.0,0.0
00-0039359,Cade Stover,TE,HOU,IND,13,1.9,2.9,3.9
00-0039359,Cade Stover,TE,HOU,ARI,15,2.2,3.7,5.2
00-0039359,Cade Stover,TE,HOU,LV,16,0.7,1.7,2.7
00-0039359,Cade Stover,TE,HOU,IND,18,0.9,1.4,1.9
00-0031203,Cairo Santos,K,CHI,MIN,1,6.0,6.0,6.0
00-0031203,Cairo Santos,K,CHI,DET,2,3.0,3.0,3.0
00-0031203,Cairo Santos,K,CHI,DAL,3,7.0,7.0,7.0
00-0031203,Cairo Santos,K,CHI,LV,4,19.0,19.0,19.0
00-0031203,Cairo Santos,K,CHI,BAL,8,10.0,10.0,10.0
00-0031203,Cairo Santos,K,CHI,CIN,9,10.0,10.0,10.0
00-0031203,Cairo Santos,K,CHI,NYG,10,6.0,6.0,6.0
00-0031203,Cairo Santos,K,CHI,MIN,11,15.0,15.0,15.0
00-0031203,Cairo Santos,K,CHI,PIT,12,8.0,8.0,8.0
00-0031203,Cairo Santos,K,CHI,PHI,13,6.0,6.0,6.0
00-0031203,Cairo Santos,K,CHI,GB,14,8.0,8.0,8.0
00-0031203,Cairo Santos,K,CHI,CLE,15,7.0,7.0,7.0
00-0031203,Cairo Santos,K,CHI,GB,16,14.0,14.0,14.0
00-0031203,Cairo Santos,K,CHI,SF,17,8.0,8.0,8.0
00-0031203,Cairo Santos,K,CHI,DET,18,0.0,0.0,0.0
00-0039918,Caleb Williams,QB,CHI,MIN,1,24.2,24.2,24.2
00-0039918,Caleb Williams,QB,CHI,DET,2,17.0,17.0,17.0
00-0039918,Caleb Williams,QB,CHI,DAL,3,29.1,29.1,29.1
00-0039918,Caleb Williams,QB,CHI,LV,4,11.8,11.8,11.8
00-0039918,Caleb Williams,QB,CHI,WAS,6,20.4,20.4,20.4
00-0039918,Caleb Williams,QB,CHI,NO,7,4.7,4.7,4.7
00-0039918,Caleb Williams,QB,CHI,BAL,8,11.8,11.8,11.8
00-0039918,Caleb Williams,QB,CHI,CIN,9,36.7,37.7,38.7
00-0039918,Caleb Williams,QB,CHI,NYG,10,25.1,25.1,25.1
00-0039918,Caleb Williams,QB,CHI,MIN,11,10.3,10.3,10.3
00-0039918,Caleb Williams,QB,CHI,PIT,12,21.7,21.7,21.7
00-0039918,Caleb Williams,QB,CHI,PHI,13,9.5,9.5,9.5
00-0039918,Caleb Williams,QB,CHI,GB,14,14.9,14.9,14.9
00-0039918,Caleb Williams,QB,CHI,CLE,15,19.0,19.0,19.0
00-0039918,Caleb Williams,QB,CHI,GB,16,21.0,21.0,21.0
00-0039918,Caleb Williams,QB,CHI,SF,17,23.0,23.0,23.0
00-0039918,Caleb Williams,QB,CHI,DET,18,16.6,16.6,16.6
00-0037837,Calvin Austin III,WR,PIT,NYJ,1,13.0,15.0,17.0
00-0037837,Calvin Austin III,WR,PIT,SEA,2,2.2,2.7,3.2
00-0037837,Calvin Austin III,WR,PIT,NE,3,9.4,10.9,12.4
00-0037837,Calvin Austin III,WR,PIT,MIN,4,1.3,2.3,3.3
00-0037837,Calvin Austin III,WR,PIT,GB,8,2.8,4.8,6.8
00-0037837,Calvin Austin III,WR,PIT,IND,9,5.6,8.1,10.6
00-0037837,Calvin Austin III,WR,PIT,LAC,10,1.4,2.4,3.4
00-0037837,Calvin Austin III,WR,PIT,CIN,11,0.5,1.0,1.5
00-0037837,Calvin Austin III,WR,PIT,CHI,12,3.6,5.6,7.6
00-0037837,Calvin Austin III,WR,PIT,BUF,13,0.0,0.0,0.0
00-0037837,Calvin Austin III,WR,PIT,BAL,14,3.1,3.6,4.1
00-0037837,Calvin Austin III,WR,PIT,MIA,15,0.0,0.0,0.0
00-0037837,Calvin Austin III,WR,PIT,DET,16,0.8,1.3,1.8
00-0037837,Calvin Austin III,WR,PIT,BAL,18,11.5,13.0,14.5
00-0034837,Calvin Ridley,WR,TEN,DEN,1,2.7,4.7,6.7
00-0034837,Calvin Ridley,WR,TEN,LA,2,5.7,7.2,8.7
00-0034837,Calvin Ridley,WR,TEN,IND,3,2.7,3.2,3.7
00-0034837,Calvin Ridley,WR,TEN,HOU,4,3.0,4.0,5.0
00-0034837,Calvin Ridley,WR,TEN,ARI,5,13.1,15.6,18.1
00-0034837,Calvin Ridley,WR,TEN,LV,6,1.8,2.3,2.8
00-0034837,Calvin Ridley,WR,TEN,HOU,11,1.3,1.8,2.3
00-0036414,Cam Akers,RB,MIN,CIN,3,1.9,1.9,1.9
00-0036414,Cam Akers,RB,MIN,CLE,5,5.3,5.3,5.3
00-0036414,Cam Akers,RB,SEA,CAR,17,0.0,0.0,0.0
00-0036414,Cam Akers,RB,SEA,SF,18,0.0,0.0,0.0
00-0039631,Cam Grandy,TE,CIN,MIN,3,0.6,1.1,1.6
00-0039631,Cam Grandy,TE,CIN,MIA,16,0.1,0.6,1.1
00-0039409,Cam Little,K,JAX,CAR,1,15.0,15.0,15.0
00-0039409,Cam Little,K,JAX,CIN,2,10.0,10.0,10.0
00-0039409,Cam Little,K,JAX,HOU,3,4.0,4.0,4.0
00-0039409,Cam Little,K,JAX,SF,4,8.0,8.0,8.0
00-0039409,Cam Little,K,JAX,KC,5,9.0,9.0,9.0
00-0039409,Cam Little,K,JAX,SEA,6,-2.0,-2.0,-2.0
00-0039409,Cam Little,K,JAX,LA,7,0.0,0.0,0.0
00-0039409,Cam Little,K,JAX,LV,9,15.0,15.0,15.0
00-0039409,Cam Little,K,JAX,HOU,10,13.0,13.0,13.0
00-0039409,Cam Little,K,JAX,LAC,11,5.0,5.0,5.0
00-0039409,Cam Little,K,JAX,ARI,12,13.0,13.0,13.0
00-0039409,Cam Little,K,JAX,TEN,13,6.0,6.0,6.0
00-0039409,Cam Little,K,JAX,IND,14,11.0,11.0,11.0
00-0039409,Cam Little,K,JAX,NYJ,15,12.0,12.0,12.0
00-0039409,Cam Little,K,JAX,DEN,16,11.0,11.0,11.0
00-0039409,Cam Little,K,JAX,IND,17,14.0,14.0,14.0
00-0039409,Cam Little,K,JAX,TEN,18,15.0,15.0,15.0
00-0040715,Cam Skattebo,RB,NYG,WAS,1,0.9,1.9,2.9
00-0040715,Cam Skattebo,RB,NYG,DAL,2,11.9,12.9,13.9
00-0040715,Cam Skattebo,RB,NYG,KC,3,18.1,21.1,24.1
00-0040715,Cam Skattebo,RB,NYG,LAC,4,11.0,12.0,13.0
00-0040715,Cam Skattebo,RB,NYG,NO,5,8.4,11.4,14.4
00-0040715,Cam Skattebo,RB,NYG,PHI,6,29.0,30.0,31.0
00-0040715,Cam Skattebo,RB,NYG,DEN,7,15.4,16.9,18.4
00-0040715,Cam Skattebo,RB,NYG,PHI,8,9.0,9.5,10.0
00-0040676,Cam Ward,QB,TEN,DEN,1,2.5,2.5,2.5
00-0040676,Cam Ward,QB,TEN,LA,2,9.8,9.8,9.8
00-0040676,Cam Ward,QB,TEN,IND,3,12.0,12.0,12.0
00-0040676,Cam Ward,QB,TEN,HOU,4,4.5,4.5,4.5
00-0040676,Cam Ward,QB,TEN,ARI,5,8.0,8.0,8.0
00-0040676,Cam Ward,QB,TEN,LV,6,6.9,6.9,6.9
00-0040676,Cam Ward,QB,TEN,NE,7,10.2,10.2,10.2
00-0040676,Cam Ward,QB,TEN,IND,8,12.8,12.8,12.8
00-0040676,Cam Ward,QB,TEN,LAC,9,6.4,6.4,6.4
00-0040676,Cam Ward,QB,TEN,HOU,11,13.1,13.1,13.1
00-0040676,Cam Ward,QB,TEN,SEA,12,23.9,23.9,23.9
00-0040676,Cam Ward,QB,TEN,JAX,13,6.3,6.3,6.3
00-0040676,Cam Ward,QB,TEN,CLE,14,11.1,11.1,11.1
00-0040676,Cam Ward,QB,TEN,SF,15,15.0,15.0,15.0
00-0040676,Cam Ward,QB,TEN,KC,16,18.0,18.0,18.0
00-0040676,Cam Ward,QB,TEN,NO,17,17.0,17.0,17.0
00-0040676,Cam Ward,QB,TEN,JAX,18,9.2,9.2,9.2
00-0037224,Cameron Dicker,K,LAC,KC,1,9.0,9.0,9.0
00-0037224,Cameron Dicker,K,LAC,LV,2,8.0,8.0,8.0
00-0037224,Cameron Dicker,K,LAC,DEN,3,12.0,12.0,12.0
00-0037224,Cameron Dicker,K,LAC,NYG,4,5.0,5.0,5.0
00-0037224,Cameron Dicker,K,LAC,WAS,5,6.0,6.0,6.0
00-0037224,Cameron Dicker,K,LAC,MIA,6,17.0,17.0,17.0
00-0037224,Cameron Dicker,K,LAC,IND,7,7.0,7.0,7.0
00-0037224,Cameron Dicker,K,LAC,MIN,8,14.0,14.0,14.0
00-0037224,Cameron Dicker,K,LAC,TEN,9,11.0,11.0,11.0
00-0037224,Cameron Dicker,K,LAC,PIT,10,13.0,13.0,13.0
00-0037224,Cameron Dicker,K,LAC,JAX,11,8.0,8.0,8.0
00-0037224,Cameron Dicker,K,LAC,LV,13,9.0,9.0,9.0
00-0037224,Cameron Dicker,K,LAC,PHI,14,20.0,20.0,20.0
00-0037224,Cameron Dicker,K,LAC,KC,15,12.0,12.0,12.0
00-0037224,Cameron Dicker,K,LAC,DAL,16,10.0,10.0,10.0
00-0037224,Cameron Dicker,K,LAC,HOU,17,2.0,2.0,2.0
00-0037224,Cameron Dicker,K,LAC,DEN,18,3.0,3.0,3.0
00-0038564,Cameron Latu,TE,PHI,TB,4,0.0,0.0,0.0
00-0038564,Cameron Latu,TE,PHI,DEN,5,0.0,0.0,0.0
00-0038564,Cameron Latu,TE,PHI,NYG,6,0.0,0.0,0.0
00-0038564,Cameron Latu,TE,PHI,MIN,7,0.0,0.0,0.0
00-0038564,Cameron Latu,TE,PHI,NYG,8,0.0,0.0,0.0
00-0038564,Cameron Latu,TE,PHI,DET,11,0.0,0.0,0.0
00-0038564,Cameron Latu,TE,PHI,DAL,12,0.0,0.0,0.0
00-0038564,Cameron Latu,TE,PHI,CHI,13,0.0,0.0,0.0
00-0038564,Cameron Latu,TE,PHI,LAC,14,0.0,0.0,0.0
00-0038564,Cameron Latu,TE,PHI,WAS,18,0.0,0.0,0.0
00-0032950,Carson Wentz,QB,MIN,CIN,3,15.3,15.3,15.3
00-0032950,Carson Wentz,QB,MIN,PIT,4,21.2,21.2,21.2
00-0032950,Carson Wentz,QB,MIN,CLE,5,14.7,14.7,14.7
00-0032950,Carson Wentz,QB,MIN,PHI,7,11.3,11.3,11.3
00-0032950,Carson Wentz,QB,MIN,LAC,8,7.8,7.8,7.8
00-0040488,Carter Runyon,TE,LV,KC,7,0.3,0.8,1.3
00-0040488,Carter Runyon,TE,LV,DAL,11,0.0,0.0,0.0
00-0040488,Carter Runyon,TE,LV,HOU,16,0.0,0.0,0.0
00-0039394,Casey Washington,WR,ATL,TB,1,3.3,4.8,6.3
00-0039394,Casey Washington,WR,ATL,WAS,4,1.9,2.4,2.9
00-0039394,Casey Washington,WR,ATL,BUF,6,0.0,0.0,0.0
00-0039394,Casey Washington,WR,ATL,SF,7,1.7,2.2,2.7
00-0039394,Casey Washington,WR,ATL,MIA,8,2.5,3.0,3.5
00-0038979,Cedric Tillman,WR,CLE,CIN,1,11.2,13.7,16.2
00-0038979,Cedric Tillman,WR,CLE,BAL,2,8.2,9.2,10.2
00-0038979,Cedric Tillman,WR,CLE,GB,3,2.6,4.1,5.6
00-0038979,Cedric Tillman,WR,CLE,DET,4,0.6,1.1,1.6
00-0038979,Cedric Tillman,WR,CLE,NYJ,10,1.1,2.1,3.1
00-0038979,Cedric Tillman,WR,CLE,BAL,11,5.2,6.7,8.2
00-0038979,Cedric Tillman,WR,CLE,LV,12,0.5,1.0,1.5
00-0038979,Cedric Tillman,WR,CLE,SF,13,0.0,0.0,0.0
00-0038979,Cedric Tillman,WR,CLE,TEN,14,2.3,2.8,3.3
00-0038979,Cedric Tillman,WR,CLE,BUF,16,0.8,1.3,1.8
00-0038979,Cedric Tillman,WR,CLE,PIT,17,4.2,4.7,5.2
00-0038979,Cedric Tillman,WR,CLE,CIN,18,2.3,2.8,3.3
00-0034418,Cedrick Wilson Jr.,WR,MIA,ATL,8,0.2,0.7,1.2
00-0034418,Cedrick Wilson Jr.,WR,MIA,BAL,9,0.7,1.2,1.7
00-0034418,Cedrick Wilson Jr.,WR,MIA,NO,13,1.6,2.1,2.6
00-0034418,Cedrick Wilson Jr.,WR,MIA,CIN,16,1.1,1.6,2.1
00-0034418,Cedrick Wilson Jr.,WR,MIA,TB,17,0.8,1.3,1.8
00-0034418,Cedrick Wilson Jr.,WR,MIA,NE,18,0.0,0.0,0.0
00-0036358,CeeDee Lamb,WR,DAL,PHI,1,11.0,14.5,18.0
00-0036358,CeeDee Lamb,WR,DAL,NYG,2,11.2,15.7,20.2
00-0036358,CeeDee Lamb,WR,DAL,WAS,7,17.0,19.5,22.0
00-0036358,CeeDee Lamb,WR,DAL,DEN,8,7.6,11.1,14.6
00-0036358,CeeDee Lamb,WR,DAL,ARI,9,8.5,12.0,15.5
00-0036358,CeeDee Lamb,WR,DAL,LV,11,12.6,15.1,17.6
00-0036358,CeeDee Lamb,WR,DAL,PHI,12,7.5,9.5,11.5
00-0036358,CeeDee Lamb,WR,DAL,KC,13,17.2,20.7,24.2
00-0036358,CeeDee Lamb,WR,DAL,DET,14,12.1,15.1,18.1
00-0036358,CeeDee Lamb,WR,DAL,MIN,15,11.1,14.1,17.1
00-0036358,CeeDee Lamb,WR,DAL,LAC,16,5.1,8.1,11.1
00-0036358,CeeDee Lamb,WR,DAL,WAS,17,4.6,7.1,9.6
00-0036358,CeeDee Lamb,WR,DAL,NYG,18,0.4,0.9,1.4
00-0038567,Chad Ryland,K,ARI,NO,1,10.0,10.0,10.0
00-0038567,Chad Ryland,K,ARI,CAR,2,10.0,10.0,10.0
00-0038567,Chad Ryland,K,ARI,SF,3,6.0,6.0,6.0
00-0038567,Chad Ryland,K,ARI,SEA,4,10.0,10.0,10.0
00-0038567,Chad Ryland,K,ARI,TEN,5,3.0,3.0,3.0
00-0038567,Chad Ryland,K,ARI,IND,6,11.0,11.0,11.0
00-0038567,Chad Ryland,K,ARI,GB,7,12.0,12.0,12.0
00-0038567,Chad Ryland,K,ARI,DAL,9,10.0,10.0,10.0
00-0038567,Chad Ryland,K,ARI,SEA,10,2.0,2.0,2.0
00-0038567,Chad Ryland,K,ARI,SF,11,3.0,3.0,3.0
00-0038567,Chad Ryland,K,ARI,JAX,12,5.0,5.0,5.0
00-0038567,Chad Ryland,K,ARI,TB,13,6.0,6.0,6.0
00-0038567,Chad Ryland,K,ARI,LA,14,4.0,4.0,4.0
00-0038567,Chad Ryland,K,ARI,HOU,15,2.0,2.0,2.0
00-0038567,Chad Ryland,K,ARI,ATL,16,15.0,15.0,15.0
00-0038567,Chad Ryland,K,ARI,CIN,17,2.0,2.0,2.0
00-0038567,Chad Ryland,K,ARI,LA,18,11.0,11.0,11.0
00-0038576,Charlie Jones,WR,CIN,CLE,1,0.0,0.0,0.0
00-0038576,Charlie Jones,WR,CIN,JAX,2,0.0,0.0,0.0
00-0038576,Charlie Jones,WR,CIN,MIN,3,0.0,0.0,0.0
00-0038576,Charlie Jones,WR,CIN,DEN,4,0.0,0.0,0.0
00-0038576,Charlie Jones,WR,CIN,DET,5,0.0,0.0,0.0
00-0038576,Charlie Jones,WR,CIN,GB,6,0.0,0.0,0.0
00-0038576,Charlie Jones,WR,CIN,PIT,7,0.0,0.0,0.0
00-0038576,Charlie Jones,WR,CIN,NYJ,8,0.0,0.0,0.0
00-0038576,Charlie Jones,WR,CIN,CHI,9,6.0,6.0,6.0
00-0038576,Charlie Jones,WR,CIN,PIT,11,0.0,0.0,0.0
00-0038576,Charlie Jones,WR,CIN,NE,12,0.0,0.0,0.0
00-0038576,Charlie Jones,WR,CIN,BAL,13,0.0,0.0,0.0
00-0038576,Charlie Jones,WR,CIN,BUF,14,0.0,0.0,0.0
00-0038576,Charlie Jones,WR,CIN,BAL,15,0.0,0.0,0.0
00-0038046,Charlie Kolar,TE,BAL,DET,3,2.2,3.2,4.2
00-0038046,Charlie Kolar,TE,BAL,HOU,5,1.0,1.5,2.0
00-0038046,Charlie Kolar,TE,BAL,LA,6,0.0,0.0,0.0
00-0038046,Charlie Kolar,TE,BAL,CHI,8,7.0,7.5,8.0
00-0038046,Charlie Kolar,TE,BAL,MIA,9,8.3,9.3,10.3
00-0038046,Charlie Kolar,TE,BAL,MIN,10,2.3,2.8,3.3
00-0038046,Charlie Kolar,TE,BAL,CLE,11,0.0,0.0,0.0
00-0038046,Charlie Kolar,TE,BAL,NYJ,12,0.0,0.0,0.0
00-0038046,Charlie Kolar,TE,BAL,CIN,13,1.7,2.2,2.7
00-0038046,Charlie Kolar,TE,BAL,PIT,14,1.9,2.4,2.9
00-0038046,Charlie Kolar,TE,BAL,CIN,15,0.0,0.0,0.0
00-0038046,Charlie Kolar,TE,BAL,NE,16,1.8,2.3,2.8
00-0038046,Charlie Kolar,TE,BAL,GB,17,0.0,0.0,0.0
00-0039229,Charlie Smyth,K,NO,MIA,13,5.0,5.0,5.0
00-0039229,Charlie Smyth,K,NO,TB,14,5.0,5.0,5.0
00-0039229,Charlie Smyth,K,NO,CAR,15,10.0,10.0,10.0
00-0039229,Charlie Smyth,K,NO,NYJ,16,19.0,19.0,19.0
00-0039229,Charlie Smyth,K,NO,TEN,17,13.0,13.0,13.0
00-0039229,Charlie Smyth,K,NO,ATL,18,4.0,4.0,4.0
00-0036429,Charlie Woerner,TE,ATL,CAR,3,-0.5,0.0,0.5
00-0036429,Charlie Woerner,TE,ATL,SF,7,0.0,0.0,0.0
00-0036429,Charlie Woerner,TE,ATL,IND,10,1.4,1.9,2.4
00-0036429,Charlie Woerner,TE,ATL,NO,12,2.4,3.9,5.4
00-0036429,Charlie Woerner,TE,ATL,TB,15,1.2,2.2,3.2
00-0036429,Charlie Woerner,TE,ATL,ARI,16,0.3,0.8,1.3
00-0036429,Charlie Woerner,TE,ATL,LA,17,0.0,0.0,0.0
00-0038597,Chase Brown,RB,CIN,CLE,1,11.1,12.1,13.1
00-0038597,Chase Brown,RB,CIN,JAX,2,6.5,7.5,8.5
00-0038597,Chase Brown,RB,CIN,MIN,3,2.0,4.0,6.0
00-0038597,Chase Brown,RB,CIN,DEN,4,7.1,8.6,10.1
00-0038597,Chase Brown,RB,CIN,DET,5,4.8,8.3,11.8
00-0038597,Chase Brown,RB,CIN,GB,6,6.9,7.9,8.9
00-0038597,Chase Brown,RB,CIN,PIT,7,10.0,11.0,12.0
00-0038597,Chase Brown,RB,CIN,NYJ,8,22.5,24.0,25.5
00-0038597,Chase Brown,RB,CIN,CHI,9,11.2,15.2,19.2
00-0038597,Chase Brown,RB,CIN,PIT,11,12.7,15.7,18.7
00-0038597,Chase Brown,RB,CIN,NE,12,13.0,14.0,15.0
00-0038597,Chase Brown,RB,CIN,BAL,13,11.3,14.8,18.3
00-0038597,Chase Brown,RB,CIN,BUF,14,15.5,17.0,18.5
00-0038597,Chase Brown,RB,CIN,BAL,15,9.0,12.5,16.0
00-0038597,Chase Brown,RB,CIN,MIA,16,28.9,30.9,32.9
00-0038597,Chase Brown,RB,CIN,ARI,17,26.1,27.6,29.1
00-0038597,Chase Brown,RB,CIN,CLE,18,15.0,17.0,19.0
00-0034681,Chase Edmonds,RB,WAS,MIA,11,0.0,0.0,0.0
00-0034681,Chase Edmonds,RB,WAS,NYG,15,0.0,0.0,0.0
00-0034681,Chase Edmonds,RB,WAS,DAL,17,0.0,0.0,0.0
00-0035358,Chase McLaughlin,K,TB,ATL,1,4.0,4.0,4.0
00-0035358,Chase McLaughlin,K,TB,HOU,2,1.0,1.0,1.0
00-0035358,Chase McLaughlin,K,TB,NYJ,3,20.0,20.0,20.0
00-0035358,Chase McLaughlin,K,TB,PHI,4,16.0,16.0,16.0
00-0035358,Chase McLaughlin,K,TB,SEA,5,12.0,12.0,12.0
00-0035358,Chase McLaughlin,K,TB,SF,6,6.0,6.0,6.0
00-0035358,Chase McLaughlin,K,TB,DET,7,5.0,5.0,5.0
00-0035358,Chase McLaughlin,K,TB,NO,8,17.0,17.0,17.0
00-0035358,Chase McLaughlin,K,TB,NE,10,5.0,5.0,5.0
00-0035358,Chase McLaughlin,K,TB,BUF,11,8.0,8.0,8.0
00-0035358,Chase McLaughlin,K,TB,LA,12,1.0,1.0,1.0
00-0035358,Chase McLaughlin,K,TB,ARI,13,10.0,10.0,10.0
00-0035358,Chase McLaughlin,K,TB,NO,14,9.0,9.0,9.0
00-0035358,Chase McLaughlin,K,TB,ATL,15,11.0,11.0,11.0
00-0035358,Chase McLaughlin,K,TB,CAR,16,10.0,10.0,10.0
00-0035358,Chase McLaughlin,K,TB,MIA,17,4.0,4.0,4.0
00-0035358,Chase McLaughlin,K,TB,CAR,18,10.0,10.0,10.0
00-0037809,Chig Okonkwo,TE,TEN,DEN,1,1.9,3.4,4.9
00-0037809,Chig Okonkwo,TE,TEN,LA,2,3.5,5.5,7.5
00-0037809,Chig Okonkwo,TE,TEN,IND,3,6.6,9.1,11.6
00-0037809,Chig Okonkwo,TE,TEN,HOU,4,0.4,0.9,1.4
00-0037809,Chig Okonkwo,TE,TEN,ARI,5,4.8,6.8,8.8
00-0037809,Chig Okonkwo,TE,TEN,LV,6,4.6,7.6,10.6
00-0037809,Chig Okonkwo,TE,TEN,NE,7,0.0,0.0,0.0
00-0037809,Chig Okonkwo,TE,TEN,IND,8,5.3,7.3,9.3
00-0037809,Chig Okonkwo,TE,TEN,LAC,9,1.0,2.0,3.0
00-0037809,Chig Okonkwo,TE,TEN,HOU,11,5.6,7.1,8.6
00-0037809,Chig Okonkwo,TE,TEN,SEA,12,4.0,5.5,7.0
00-0037809,Chig Okonkwo,TE,TEN,JAX,13,2.9,4.9,6.9
00-0037809,Chig Okonkwo,TE,TEN,CLE,14,2.0,3.0,4.0
00-0037809,Chig Okonkwo,TE,TEN,SF,15,3.3,5.3,7.3
00-0037809,Chig Okonkwo,TE,TEN,KC,16,10.4,13.4,16.4
00-0037809,Chig Okonkwo,TE,TEN,NO,17,11.5,13.0,14.5
00-0037809,Chig Okonkwo,TE,TEN,JAX,18,0.2,1.2,2.2
00-0040705,Chimere Dike,WR,TEN,DEN,1,0.9,0.9,0.9
00-0040705,Chimere Dike,WR,TEN,LA,2,0.8,1.8,2.8
00-0040705,Chimere Dike,WR,TEN,IND,3,0.5,2.0,3.5
00-0040705,Chimere Dike,WR,TEN,HOU,4,-0.4,-0.4,-0.4
00-0040705,Chimere Dike,WR,TEN,ARI,5,1.7,2.7,3.7
00-0040705,Chimere Dike,WR,TEN,LV,6,0.8,1.8,2.8
00-0040705,Chimere Dike,WR,TEN,NE,7,12.9,14.9,16.9
00-0040705,Chimere Dike,WR,TEN,IND,8,9.4,12.9,16.4
00-0040705,Chimere Dike,WR,TEN,LAC,9,6.5,7.0,7.5
00-0040705,Chimere Dike,WR,TEN,HOU,11,1.4,2.4,3.4
00-0040705,Chimere Dike,WR,TEN,SEA,12,16.4,18.9,21.4
00-0040705,Chimere Dike,WR,TEN,JAX,13,0.9,1.4,1.9
00-0040705,Chimere Dike,WR,TEN,CLE,14,8.4,10.9,13.4
00-0040705,Chimere Dike,WR,TEN,SF,15,1.0,3.0,5.0
00-0040705,Chimere Dike,WR,TEN,KC,16,10.0,11.5,13.0
00-0040705,Chimere Dike,WR,TEN,NO,17,6.2,8.2,10.2
00-0040705,Chimere Dike,WR,TEN,JAX,18,2.7,4.2,5.7
00-0036463,Chris Blair,WR,ATL,LA,17,0.0,0.0,0.0
00-0031136,Chris Boswell,K,PIT,NYJ,1,14.0,14.0,14.0
00-0031136,Chris Boswell,K,PIT,SEA,2,12.0,12.0,12.0
00-0031136,Chris Boswell,K,PIT,NE,3,3.0,3.0,3.0
00-0031136,Chris Boswell,K,PIT,MIN,4,5.0,5.0,5.0
00-0031136,Chris Boswell,K,PIT,CLE,6,14.0,14.0,14.0
00-0031136,Chris Boswell,K,PIT,CIN,7,8.0,8.0,8.0
00-0031136,Chris Boswell,K,PIT,GB,8,20.0,20.0,20.0
00-0031136,Chris Boswell,K,PIT,IND,9,10.0,10.0,10.0
00-0031136,Chris Boswell,K,PIT,LAC,10,5.0,5.0,5.0
00-0031136,Chris Boswell,K,PIT,CIN,11,10.0,10.0,10.0
00-0031136,Chris Boswell,K,PIT,CHI,12,4.0,4.0,4.0
00-0031136,Chris Boswell,K,PIT,BUF,13,1.0,1.0,1.0
00-0031136,Chris Boswell,K,PIT,BAL,14,9.0,9.0,9.0
00-0031136,Chris Boswell,K,PIT,MIA,15,4.0,4.0,4.0
00-0031136,Chris Boswell,K,PIT,DET,16,10.0,10.0,10.0
00-0031136,Chris Boswell,K,PIT,CLE,17,7.0,7.0,7.0
00-0031136,Chris Boswell,K,PIT,BAL,18,10.0,10.0,10.0
00-0038685,Chris Brooks,RB,GB,DET,1,0.3,0.8,1.3
00-0038685,Chris Brooks,RB,GB,WAS,2,2.7,4.2,5.7
00-0038685,Chris Brooks,RB,GB,CLE,3,0.0,0.0,0.0
00-0038685,Chris Brooks,RB,GB,DAL,4,0.1,0.6,1.1
00-0038685,Chris Brooks,RB,GB,CIN,6,0.1,0.1,0.1
00-0038685,Chris Brooks,RB,GB,ARI,7,0.0,0.0,0.0
00-0038685,Chris Brooks,RB,GB,PIT,8,0.0,0.0,0.0
00-0038685,Chris Brooks,RB,GB,CAR,9,2.4,3.4,4.4
00-0038685,Chris Brooks,RB,GB,PHI,10,0.0,0.0,0.0
00-0038685,Chris Brooks,RB,GB,NYG,11,0.8,0.8,0.8
00-0038685,Chris Brooks,RB,GB,MIN,12,2.6,3.1,3.6
00-0038685,Chris Brooks,RB,GB,DET,13,0.9,1.9,2.9
00-0038685,Chris Brooks,RB,GB,CHI,14,0.6,1.1,1.6
00-0038685,Chris Brooks,RB,GB,DEN,15,1.6,2.1,2.6
00-0038685,Chris Brooks,RB,GB,CHI,16,0.4,0.4,0.4
00-0038685,Chris Brooks,RB,GB,BAL,17,1.1,1.6,2.1
00-0038685,Chris Brooks,RB,GB,MIN,18,6.1,6.1,6.1
00-0033921,Chris Godwin Jr.,WR,TB,PHI,4,2.6,4.1,5.6
00-0033921,Chris Godwin Jr.,WR,TB,SEA,5,2.6,4.1,5.6
00-0033921,Chris Godwin Jr.,WR,TB,LA,12,0.9,1.9,2.9
00-0033921,Chris Godwin Jr.,WR,TB,ARI,13,7.8,9.3,10.8
00-0033921,Chris Godwin Jr.,WR,TB,NO,14,5.5,8.0,10.5
00-0033921,Chris Godwin Jr.,WR,TB,ATL,15,10.0,12.0,14.0
00-0033921,Chris Godwin Jr.,WR,TB,CAR,16,3.0,5.5,8.0
00-0033921,Chris Godwin Jr.,WR,TB,MIA,17,16.8,20.3,23.8
00-0033921,Chris Godwin Jr.,WR,TB,CAR,18,0.8,1.3,1.8
00-0031484,Chris Manhertz,TE,NYG,KC,3,0.7,1.2,1.7
00-0031484,Chris Manhertz,TE,NYG,LAC,4,0.0,0.0,0.0
00-0031484,Chris Manhertz,TE,NYG,MIN,16,0.0,0.0,0.0
00-0031484,Chris Manhertz,TE,NYG,DAL,18,0.0,0.0,0.0
00-0032398,Chris Moore,WR,WAS,NYG,1,3.4,3.9,4.4
00-0032398,Chris Moore,WR,WAS,LV,3,2.5,3.5,4.5
00-0032398,Chris Moore,WR,WAS,ATL,4,0.9,0.9,0.9
00-0032398,Chris Moore,WR,WAS,LAC,5,0.0,0.0,0.0
00-0032398,Chris Moore,WR,WAS,CHI,6,10.6,12.1,13.6
00-0032398,Chris Moore,WR,WAS,DAL,7,5.9,6.9,7.9
00-0032398,Chris Moore,WR,WAS,DET,10,0.0,0.0,0.0
00-0032398,Chris Moore,WR,WAS,MIA,11,2.8,3.8,4.8
00-0032398,Chris Moore,WR,WAS,PHI,16,0.0,0.0,0.0
00-0032398,Chris Moore,WR,WAS,DAL,17,1.5,2.0,2.5
00-0037324,Chris Oladokun,QB,KC,TEN,16,5.1,5.1,5.1
00-0037324,Chris Oladokun,QB,KC,DEN,17,7.7,7.7,7.7
00-0037324,Chris Oladokun,QB,KC,LV,18,-1.7,-1.7,-1.7
00-0037239,Chris Olave,WR,NO,ARI,1,5.4,8.9,12.4
00-0037239,Chris Olave,WR,NO,SF,2,5.4,8.4,11.4
00-0037239,Chris Olave,WR,NO,SEA,3,5.7,10.7,15.7
00-0037239,Chris Olave,WR,NO,BUF,4,6.0,7.5,9.0
00-0037239,Chris Olave,WR,NO,NYG,5,5.9,9.4,12.9
00-0037239,Chris Olave,WR,NO,NE,6,9.8,12.8,15.8
00-0037239,Chris Olave,WR,NO,CHI,7,21.8,24.3,26.8
00-0037239,Chris Olave,WR,NO,TB,8,6.0,10.0,14.0
00-0037239,Chris Olave,WR,NO,LA,9,5.7,7.2,8.7
00-0037239,Chris Olave,WR,NO,CAR,10,16.4,18.9,21.4
00-0037239,Chris Olave,WR,NO,ATL,12,7.0,11.5,16.0
00-0037239,Chris Olave,WR,NO,MIA,13,10.7,12.7,14.7
00-0037239,Chris Olave,WR,NO,TB,14,3.0,4.5,6.0
00-0037239,Chris Olave,WR,NO,CAR,15,14.5,17.5,20.5
00-0037239,Chris Olave,WR,NO,NYJ,16,26.8,31.8,36.8
00-0037239,Chris Olave,WR,NO,TEN,17,17.9,21.9,25.9
00-0038611,Chris Rodriguez Jr.,RB,WAS,LV,3,3.9,3.9,3.9
00-0038611,Chris Rodriguez Jr.,RB,WAS,ATL,4,5.9,5.9,5.9
00-0038611,Chris Rodriguez Jr.,RB,WAS,LAC,5,0.7,0.7,0.7
00-0038611,Chris Rodriguez Jr.,RB,WAS,DAL,7,7.2,7.2,7.2
00-0038611,Chris Rodriguez Jr.,RB,WAS,KC,8,0.2,0.2,0.2
00-0038611,Chris Rodriguez Jr.,RB,WAS,SEA,9,12.5,12.5,12.5
00-0038611,Chris Rodriguez Jr.,RB,WAS,DET,10,7.6,7.6,7.6
00-0038611,Chris Rodriguez Jr.,RB,WAS,MIA,11,8.5,9.0,9.5
00-0038611,Chris Rodriguez Jr.,RB,WAS,DEN,13,10.1,10.1,10.1
00-0038611,Chris Rodriguez Jr.,RB,WAS,MIN,14,5.2,5.2,5.2
00-0038611,Chris Rodriguez Jr.,RB,WAS,PHI,16,12.9,13.4,13.9
00-0038611,Chris Rodriguez Jr.,RB,WAS,PHI,18,14.3,14.8,15.3
00-0034775,Christian Kirk,WR,HOU,JAX,3,2.5,4.0,5.5
00-0034775,Christian Kirk,WR,HOU,TEN,4,2.0,3.5,5.0
00-0034775,Christian Kirk,WR,HOU,BAL,5,6.4,8.4,10.4
00-0034775,Christian Kirk,WR,HOU,DEN,9,2.6,4.6,6.6
00-0034775,Christian Kirk,WR,HOU,JAX,10,0.3,0.8,1.3
00-0034775,Christian Kirk,WR,HOU,TEN,11,0.6,1.1,1.6
00-0034775,Christian Kirk,WR,HOU,BUF,12,11.4,13.9,16.4
00-0034775,Christian Kirk,WR,HOU,KC,14,0.6,1.1,1.6
00-0034775,Christian Kirk,WR,HOU,LV,16,3.7,5.2,6.7
00-0034775,Christian Kirk,WR,HOU,LAC,17,0.1,1.1,2.1
00-0034775,Christian Kirk,WR,HOU,IND,18,-0.3,0.2,0.7
00-0033280,Christian McCaffrey,RB,SF,SEA,1,14.2,18.7,23.2
00-0033280,Christian McCaffrey,RB,SF,NO,2,16.7,19.7,22.7
00-0033280,Christian McCaffrey,RB,SF,ARI,3,14.0,19.0,24.0
00-0033280,Christian McCaffrey,RB,SF,JAX,4,20.1,23.1,26.1
00-0033280,Christian McCaffrey,RB,SF,LA,5,19.9,23.9,27.9
00-0033280,Christian McCaffrey,RB,SF,TB,6,17.1,20.6,24.1
00-0033280,Christian McCaffrey,RB,SF,ATL,7,32.1,35.6,39.1
00-0033280,Christian McCaffrey,RB,SF,HOU,8,6.8,8.3,9.8
00-0033280,Christian McCaffrey,RB,SF,NYG,9,29.3,31.8,34.3
00-0033280,Christian McCaffrey,RB,SF,LA,10,9.6,13.6,17.6
00-0033280,Christian McCaffrey,RB,SF,ARI,11,30.1,32.6,35.1
00-0033280,Christian McCaffrey,RB,SF,CAR,12,20.2,23.7,27.2
00-0033280,Christian McCaffrey,RB,SF,CLE,13,13.4,15.4,17.4
00-0033280,Christian McCaffrey,RB,SF,TEN,15,14.7,15.2,15.7
00-0033280,Christian McCaffrey,RB,SF,IND,16,26.6,29.6,32.6
00-0033280,Christian McCaffrey,RB,SF,CHI,17,24.1,26.1,28.1
00-0033280,Christian McCaffrey,RB,SF,SEA,18,5.7,8.7,11.7
00-0038124,Christian Watson,WR,GB,PIT,8,8.5,10.5,12.5
00-0038124,Christian Watson,WR,GB,CAR,9,5.8,6.8,7.8
00-0038124,Christian Watson,WR,GB,PHI,10,4.5,5.5,6.5
00-0038124,Christian Watson,WR,GB,NYG,11,16.6,18.6,20.6
00-0038124,Christian Watson,WR,GB,MIN,12,4.9,7.4,9.9
00-0038124,Christian Watson,WR,GB,DET,13,14.3,16.3,18.3
00-0038124,Christian Watson,WR,GB,CHI,14,20.9,22.9,24.9
00-0038124,Christian Watson,WR,GB,DEN,15,2.9,4.4,5.9
00-0038124,Christian Watson,WR,GB,CHI,16,1.7,2.7,3.7
00-0038124,Christian Watson,WR,GB,BAL,17,17.3,19.8,22.3
00-0036555,Chuba Hubbard,RB,CAR,JAX,1,14.9,16.4,17.9
00-0036555,Chuba Hubbard,RB,CAR,ARI,2,13.7,16.2,18.7
00-0036555,Chuba Hubbard,RB,CAR,ATL,3,7.6,8.6,9.6
00-0036555,Chuba Hubbard,RB,CAR,NE,4,6.9,8.4,9.9
00-0036555,Chuba Hubbard,RB,CAR,NYJ,7,5.5,6.5,7.5
00-0036555,Chuba Hubbard,RB,CAR,BUF,8,9.4,9.4,9.4
00-0036555,Chuba Hubbard,RB,CAR,GB,9,1.7,1.7,1.7
00-0036555,Chuba Hubbard,RB,CAR,NO,10,1.5,2.0,2.5
00-0036555,Chuba Hubbard,RB,CAR,ATL,11,2.8,3.3,3.8
00-0036555,Chuba Hubbard,RB,CAR,SF,12,4.3,6.3,8.3
00-0036555,Chuba Hubbard,RB,CAR,LA,13,18.4,19.4,20.4
00-0036555,Chuba Hubbard,RB,CAR,NO,15,3.8,4.3,4.8
00-0036555,Chuba Hubbard,RB,CAR,TB,16,3.4,3.9,4.4
00-0036555,Chuba Hubbard,RB,CAR,SEA,17,-0.2,1.3,2.8
00-0036555,Chuba Hubbard,RB,CAR,TB,18,1.7,2.7,3.7
00-0038582,Clayton Tune,QB,GB,BAL,17,-1.7,-1.7,-1.7
00-0038582,Clayton Tune,QB,GB,MIN,18,3.7,3.7,3.7
00-0036360,Clyde Edwards-Helaire,RB,KC,BUF,9,0.5,0.5,0.5
00-0036360,Clyde Edwards-Helaire,RB,KC,IND,12,1.7,2.7,3.7
00-0035891,Cody White,WR,SEA,SF,1,0.0,0.0,0.0
00-0035891,Cody White,WR,SEA,WAS,9,12.0,12.5,13.0
00-0035891,Cody White,WR,SEA,ARI,10,0.0,0.0,0.0
00-0035891,Cody White,WR,SEA,LA,11,0.0,0.0,0.0
00-0035891,Cody White,WR,SEA,TEN,12,0.0,0.0,0.0
00-0035891,Cody White,WR,SEA,MIN,13,2.1,2.6,3.1
00-0035891,Cody White,WR,SEA,ATL,14,0.9,1.4,1.9
00-0035891,Cody White,WR,SEA,LA,16,0.0,0.0,0.0
00-0036244,Colby Parkinson,TE,LA,HOU,1,-2.6,-1.6,-0.6
00-0036244,Colby Parkinson,TE,LA,IND,4,1.7,2.7,3.7
00-0036244,Colby Parkinson,TE,LA,SF,5,0.0,0.0,0.0
00-0036244,Colby Parkinson,TE,LA,JAX,7,4.7,6.2,7.7
00-0036244,Colby Parkinson,TE,LA,NO,9,1.0,2.0,3.0
00-0036244,Colby Parkinson,TE,LA,SF,10,10.1,12.1,14.1
00-0036244,Colby Parkinson,TE,LA,SEA,11,7.4,8.4,9.4
00-0036244,Colby Parkinson,TE,LA,TB,12,10.1,12.1,14.1
00-0036244,Colby Parkinson,TE,LA,CAR,13,2.7,4.7,6.7
00-0036244,Colby Parkinson,TE,LA,ARI,14,9.2,10.7,12.2
00-0036244,Colby Parkinson,TE,LA,DET,15,19.5,22.0,24.5
00-0036244,Colby Parkinson,TE,LA,SEA,16,2.1,3.1,4.1
00-0036244,Colby Parkinson,TE,LA,ATL,17,5.3,8.3,11.3
00-0036244,Colby Parkinson,TE,LA,ARI,18,15.6,17.6,19.6
00-0036290,Cole Kmet,TE,CHI,MIN,1,3.1,3.6,4.1
00-0036290,Cole Kmet,TE,CHI,DET,2,2.9,3.9,4.9
00-0036290,Cole Kmet,TE,CHI,DAL,3,7.0,7.5,8.0
00-0036290,Cole Kmet,TE,CHI,LV,4,4.6,6.1,7.6
00-0036290,Cole Kmet,TE,CHI,WAS,6,0.0,0.5,1.0
00-0036290,Cole Kmet,TE,CHI,NO,7,1.6,2.1,2.6
00-0036290,Cole Kmet,TE,CHI,CIN,9,1.0,1.5,2.0
00-0036290,Cole Kmet,TE,CHI,NYG,10,0.5,1.0,1.5
00-0036290,Cole Kmet,TE,CHI,MIN,11,4.5,7.0,9.5
00-0036290,Cole Kmet,TE,CHI,PIT,12,0.3,0.8,1.3
00-0036290,Cole Kmet,TE,CHI,PHI,13,9.6,11.1,12.6
00-0036290,Cole Kmet,TE,CHI,GB,14,4.2,5.2,6.2
00-0036290,Cole Kmet,TE,CHI,CLE,15,2.8,3.8,4.8
00-0036290,Cole Kmet,TE,CHI,GB,16,1.4,2.4,3.4
00-0036290,Cole Kmet,TE,CHI,SF,17,1.6,2.6,3.6
00-0036290,Cole Kmet,TE,CHI,DET,18,3.6,4.6,5.6
00-0040352,Coleman Owen,WR,IND,SEA,15,0.0,0.0,0.0
00-0040352,Coleman Owen,WR,IND,SF,16,0.0,0.0,0.0
00-0039686,Colson Yankoff,TE,WAS,NYG,1,0.0,0.0,0.0
00-0039686,Colson Yankoff,TE,WAS,LV,3,0.0,0.0,0.0
00-0039686,Colson Yankoff,TE,WAS,ATL,4,0.0,0.0,0.0
00-0039686,Colson Yankoff,TE,WAS,LAC,5,0.0,0.0,0.0
00-0039686,Colson Yankoff,TE,WAS,CHI,6,0.0,0.0,0.0
00-0039686,Colson Yankoff,TE,WAS,DAL,7,0.0,0.0,0.0
00-0039686,Colson Yankoff,TE,WAS,MIA,11,0.4,0.9,1.4
00-0039686,Colson Yankoff,TE,WAS,DEN,13,1.4,1.9,2.4
00-0039686,Colson Yankoff,TE,WAS,MIN,14,0.0,0.0,0.0
00-0039686,Colson Yankoff,TE,WAS,NYG,15,0.0,0.0,0.0
00-0040126,Colston Loveland,TE,CHI,MIN,1,1.2,2.2,3.2
00-0040126,Colston Loveland,TE,CHI,DET,2,0.0,0.0,0.0
00-0040126,Colston Loveland,TE,CHI,DAL,3,3.1,3.6,4.1
00-0040126,Colston Loveland,TE,CHI,WAS,6,1.1,2.1,3.1
00-0040126,Colston Loveland,TE,CHI,NO,7,2.4,3.9,5.4
00-0040126,Colston Loveland,TE,CHI,BAL,8,3.8,5.3,6.8
00-0040126,Colston Loveland,TE,CHI,CIN,9,23.8,26.8,29.8
00-0040126,Colston Loveland,TE,CHI,NYG,10,5.5,7.5,9.5
00-0040126,Colston Loveland,TE,CHI,MIN,11,4.0,5.5,7.0
00-0040126,Colston Loveland,TE,CHI,PIT,12,10.9,12.9,14.9
00-0040126,Colston Loveland,TE,CHI,PHI,13,2.8,4.3,5.8
00-0040126,Colston Loveland,TE,CHI,GB,14,8.9,10.9,12.9
00-0040126,Colston Loveland,TE,CHI,CLE,15,6.1,8.1,10.1
00-0040126,Colston Loveland,TE,CHI,GB,16,3.0,4.5,6.0
00-0040126,Colston Loveland,TE,CHI,SF,17,15.4,18.4,21.4
00-0040126,Colston Loveland,TE,CHI,DET,18,15.1,20.1,25.1
00-0037304,Connor Heyward,FB,PIT,NYJ,1,0.0,0.0,0.0
00-0037304,Connor Heyward,FB,PIT,SEA,2,0.6,1.1,1.6
00-0037304,Connor Heyward,FB,PIT,MIN,4,0.2,0.2,0.2
00-0037304,Connor Heyward,FB,PIT,CLE,6,7.2,7.7,8.2
00-0037304,Connor Heyward,FB,PIT,CIN,7,0.0,0.0,0.0
00-0037304,Connor Heyward,FB,PIT,GB,8,0.0,0.0,0.0
00-0037304,Connor Heyward,FB,PIT,IND,9,0.4,0.4,0.4
00-0037304,Connor Heyward,FB,PIT,LAC,10,0.0,0.0,0.0
00-0037304,Connor Heyward,FB,PIT,CIN,11,0.3,0.3,0.3
00-0037304,Connor Heyward,FB,PIT,CHI,12,0.0,0.0,0.0
00-0037304,Connor Heyward,FB,PIT,BAL,14,0.2,0.2,0.2
00-0037304,Connor Heyward,FB,PIT,MIA,15,6.4,6.4,6.4
00-0037304,Connor Heyward,FB,PIT,CLE,17,2.6,2.6,2.6
00-0037304,Connor Heyward,FB,PIT,BAL,18,6.5,7.0,7.5
00-0033908,Cooper Kupp,WR,SEA,SF,1,1.5,2.5,3.5
00-0033908,Cooper Kupp,WR,SEA,PIT,2,9.0,12.5,16.0
00-0033908,Cooper Kupp,WR,SEA,NO,3,3.1,4.1,5.1
00-0033908,Cooper Kupp,WR,SEA,ARI,4,2.6,4.6,6.6
00-0033908,Cooper Kupp,WR,SEA,TB,5,5.9,8.9,11.9
00-0033908,Cooper Kupp,WR,SEA,JAX,6,10.0,11.0,12.0
00-0033908,Cooper Kupp,WR,SEA,HOU,7,1.2,1.7,2.2
00-0033908,Cooper Kupp,WR,SEA,ARI,10,7.4,8.4,9.4
00-0033908,Cooper Kupp,WR,SEA,LA,11,2.3,3.8,5.3
00-0033908,Cooper Kupp,WR,SEA,TEN,12,2.4,3.4,4.4
00-0033908,Cooper Kupp,WR,SEA,MIN,13,2.4,3.9,5.4
00-0033908,Cooper Kupp,WR,SEA,ATL,14,9.5,10.5,11.5
00-0033908,Cooper Kupp,WR,SEA,IND,15,4.6,7.1,9.6
00-0033908,Cooper Kupp,WR,SEA,LA,16,3.9,5.4,6.9
00-0033908,Cooper Kupp,WR,SEA,CAR,17,0.6,1.1,1.6
00-0033908,Cooper Kupp,WR,SEA,SF,18,2.9,3.9,4.9
00-0033662,Cooper Rush,QB,BAL,CLE,2,-0.4,-0.4,-0.4
00-0033662,Cooper Rush,QB,BAL,KC,4,2.1,2.1,2.1
00-0033662,Cooper Rush,QB,BAL,HOU,5,1.2,1.2,1.2
00-0033662,Cooper Rush,QB,BAL,LA,6,-1.1,-1.1,-1.1
00-0040556,Corey Kiner,RB,ARI,HOU,15,1.1,1.1,1.1
00-0040556,Corey Kiner,RB,ARI,ATL,16,3.2,3.2,3.2
00-0040556,Corey Kiner,RB,ARI,CIN,17,0.2,0.2,0.2
00-0040556,Corey Kiner,RB,ARI,LA,18,2.8,3.8,4.8
00-0034348,Courtland Sutton,WR,DEN,TEN,1,12.1,15.1,18.1
00-0034348,Courtland Sutton,WR,DEN,IND,2,0.6,1.1,1.6
00-0034348,Courtland Sutton,WR,DEN,LAC,3,17.8,20.8,23.8
00-0034348,Courtland Sutton,WR,DEN,CIN,4,14.1,16.6,19.1
00-0034348,Courtland Sutton,WR,DEN,PHI,5,9.9,13.9,17.9
00-0034348,Courtland Sutton,WR,DEN,NYJ,6,1.7,2.2,2.7
00-0034348,Courtland Sutton,WR,DEN,NYG,7,10.7,13.7,16.7
00-0034348,Courtland Sutton,WR,DEN,DAL,8,6.7,8.7,10.7
00-0034348,Courtland Sutton,WR,DEN,HOU,9,9.0,9.5,10.0
00-0034348,Courtland Sutton,WR,DEN,LV,10,2.4,3.9,5.4
00-0034348,Courtland Sutton,WR,DEN,KC,11,5.9,7.9,9.9
00-0034348,Courtland Sutton,WR,DEN,WAS,13,12.2,14.7,17.2
00-0034348,Courtland Sutton,WR,DEN,LV,14,6.2,9.2,12.2
00-0034348,Courtland Sutton,WR,DEN,GB,15,17.3,20.8,24.3
00-0034348,Courtland Sutton,WR,DEN,JAX,16,14.6,17.6,20.6
00-0034348,Courtland Sutton,WR,DEN,KC,17,4.0,6.0,8.0
00-0034348,Courtland Sutton,WR,DEN,LAC,18,0.5,1.0,1.5
00-0035567,Craig Reynolds,RB,DET,GB,1,0.0,0.0,0.0
00-0035567,Craig Reynolds,RB,DET,CHI,2,0.4,0.4,0.4
00-0035567,Craig Reynolds,RB,DET,CLE,4,0.0,0.0,0.0
00-0035567,Craig Reynolds,RB,DET,CIN,5,0.0,0.0,0.0
00-0035567,Craig Reynolds,RB,DET,KC,6,0.0,0.0,0.0
00-0033282,Curtis Samuel,WR,BUF,NO,4,0.9,1.4,1.9
00-0033282,Curtis Samuel,WR,BUF,NE,5,8.6,9.6,10.6
00-0033282,Curtis Samuel,WR,BUF,CAR,8,0.0,0.0,0.0
00-0033282,Curtis Samuel,WR,BUF,KC,9,0.6,1.1,1.6
00-0033282,Curtis Samuel,WR,BUF,MIA,10,2.1,2.6,3.1
00-0033282,Curtis Samuel,WR,BUF,TB,11,1.9,2.9,3.9
00-0036275,D'Andre Swift,RB,CHI,MIN,1,6.5,8.0,9.5
00-0036275,D'Andre Swift,RB,CHI,DET,2,10.9,12.4,13.9
00-0036275,D'Andre Swift,RB,CHI,DAL,3,7.8,9.3,10.8
00-0036275,D'Andre Swift,RB,CHI,LV,4,12.0,14.0,16.0
00-0036275,D'Andre Swift,RB,CHI,WAS,6,23.5,24.5,25.5
00-0036275,D'Andre Swift,RB,CHI,NO,7,19.8,20.3,20.8
00-0036275,D'Andre Swift,RB,CHI,BAL,8,13.1,14.1,15.1
00-0036275,D'Andre Swift,RB,CHI,NYG,10,9.8,12.3,14.8
00-0036275,D'Andre Swift,RB,CHI,MIN,11,9.0,9.0,9.0
00-0036275,D'Andre Swift,RB,CHI,PIT,12,0.9,1.4,1.9
00-0036275,D'Andre Swift,RB,CHI,PHI,13,19.8,20.3,20.8
00-0036275,D'Andre Swift,RB,CHI,GB,14,8.2,9.7,11.2
00-0036275,D'Andre Swift,RB,CHI,CLE,15,21.6,22.1,22.6
00-0036275,D'Andre Swift,RB,CHI,GB,16,7.0,8.0,9.0
00-0036275,D'Andre Swift,RB,CHI,SF,17,19.9,20.9,21.9
00-0036275,D'Andre Swift,RB,CHI,DET,18,4.8,5.3,5.8
00-0035628,D'Ernest Johnson,RB,ARI,GB,7,0.0,0.0,0.0
00-0035628,D'Ernest Johnson,RB,NE,TB,10,0.1,0.1,0.1
00-0035628,D'Ernest Johnson,RB,NE,NYJ,11,0.6,0.6,0.6
00-0035628,D'Ernest Johnson,RB,NE,NYJ,17,0.5,0.5,0.5
00-0035628,D'Ernest Johnson,RB,NE,MIA,18,1.3,1.3,1.3
00-0040179,DJ Giddens,RB,IND,MIA,1,4.1,4.1,4.1
00-0040179,DJ Giddens,RB,IND,DEN,2,0.0,0.0,0.0
00-0040179,DJ Giddens,RB,IND,TEN,3,0.3,0.3,0.3
00-0040179,DJ Giddens,RB,IND,LV,5,2.2,2.2,2.2
00-0040179,DJ Giddens,RB,IND,HOU,18,3.0,3.0,3.0
00-0034827,DJ Moore,WR,CHI,MIN,1,7.6,9.1,10.6
00-0034827,DJ Moore,WR,CHI,DET,2,4.6,7.1,9.6
00-0034827,DJ Moore,WR,CHI,DAL,3,8.8,10.8,12.8
00-0034827,DJ Moore,WR,CHI,LV,4,3.8,5.8,7.8
00-0034827,DJ Moore,WR,CHI,WAS,6,5.2,6.7,8.2
00-0034827,DJ Moore,WR,CHI,NO,7,5.2,6.7,8.2
00-0034827,DJ Moore,WR,CHI,BAL,8,7.6,9.6,11.6
00-0034827,DJ Moore,WR,CHI,CIN,9,19.0,21.0,23.0
00-0034827,DJ Moore,WR,CHI,NYG,10,0.0,0.0,0.0
00-0034827,DJ Moore,WR,CHI,MIN,11,2.1,2.6,3.1
00-0034827,DJ Moore,WR,CHI,PIT,12,18.4,20.9,23.4
00-0034827,DJ Moore,WR,CHI,PHI,13,2.7,3.7,4.7
00-0034827,DJ Moore,WR,CHI,GB,14,-0.4,0.1,0.6
00-0034827,DJ Moore,WR,CHI,CLE,15,18.9,20.9,22.9
00-0034827,DJ Moore,WR,CHI,GB,16,16.9,19.4,21.9
00-0034827,DJ Moore,WR,CHI,SF,17,0.7,1.2,1.7
00-0034827,DJ Moore,WR,CHI,DET,18,1.1,1.6,2.1
00-0036527,DJ Turner,WR,LV,DEN,14,0.0,0.0,0.0
00-0035640,DK Metcalf,WR,PIT,NYJ,1,8.3,10.3,12.3
00-0035640,DK Metcalf,WR,PIT,SEA,2,8.0,9.5,11.0
00-0035640,DK Metcalf,WR,PIT,NE,3,9.2,10.7,12.2
00-0035640,DK Metcalf,WR,PIT,MIN,4,18.6,21.1,23.6
00-0035640,DK Metcalf,WR,PIT,CLE,6,15.5,17.5,19.5
00-0035640,DK Metcalf,WR,PIT,CIN,7,5.0,6.5,8.0
00-0035640,DK Metcalf,WR,PIT,GB,8,11.5,14.0,16.5
00-0035640,DK Metcalf,WR,PIT,IND,9,0.6,1.6,2.6
00-0035640,DK Metcalf,WR,PIT,LAC,10,3.5,5.0,6.5
00-0035640,DK Metcalf,WR,PIT,CIN,11,4.9,7.4,9.9
00-0035640,DK Metcalf,WR,PIT,CHI,12,9.4,11.9,14.4
00-0035640,DK Metcalf,WR,PIT,BUF,13,3.2,4.7,6.2
00-0035640,DK Metcalf,WR,PIT,BAL,14,14.8,18.3,21.8
00-0035640,DK Metcalf,WR,PIT,MIA,15,11.5,13.0,14.5
00-0035640,DK Metcalf,WR,PIT,DET,16,4.2,6.2,8.2
00-0033077,Dak Prescott,QB,DAL,PHI,1,7.8,7.8,7.8
00-0033077,Dak Prescott,QB,DAL,NYG,2,22.1,22.1,22.1
00-0033077,Dak Prescott,QB,DAL,CHI,3,12.0,12.0,12.0
00-0033077,Dak Prescott,QB,DAL,GB,4,31.0,31.0,31.0
00-0033077,Dak Prescott,QB,DAL,NYJ,5,28.3,28.3,28.3
00-0033077,Dak Prescott,QB,DAL,CAR,6,22.3,22.3,22.3
00-0033077,Dak Prescott,QB,DAL,WAS,7,23.3,23.3,23.3
00-0033077,Dak Prescott,QB,DAL,DEN,8,6.6,6.6,6.6
00-0033077,Dak Prescott,QB,DAL,ARI,9,15.4,15.4,15.4
00-0033077,Dak Prescott,QB,DAL,LV,11,24.3,24.3,24.3
00-0033077,Dak Prescott,QB,DAL,PHI,12,27.1,27.1,27.1
00-0033077,Dak Prescott,QB,DAL,KC,13,20.6,20.6,20.6
00-0033077,Dak Prescott,QB,DAL,DET,14,18.4,18.4,18.4
00-0033077,Dak Prescott,QB,DAL,MIN,15,12.0,12.0,12.0
00-0033077,Dak Prescott,QB,DAL,LAC,16,19.2,19.2,19.2
00-0033077,Dak Prescott,QB,DAL,WAS,17,22.7,22.7,22.7
00-0033077,Dak Prescott,QB,DAL,NYG,18,0.7,0.7,0.7
00-0040431,Dalen Cambre,WR,NYG,GB,11,0.0,0.0,0.0
00-0040431,Dalen Cambre,WR,NYG,WAS,15,0.0,0.0,0.0
00-0040431,Dalen Cambre,WR,NYG,DAL,18,0.0,0.0,0.0
00-0040629,Dalevon Campbell,WR,CAR,ATL,3,0.0,0.0,0.0
00-0034351,Dallas Goedert,TE,PHI,DAL,1,4.4,7.9,11.4
00-0034351,Dallas Goedert,TE,PHI,LA,3,9.3,9.8,10.3
00-0034351,Dallas Goedert,TE,PHI,TB,4,15.7,17.7,19.7
00-0034351,Dallas Goedert,TE,PHI,DEN,5,7.9,9.4,10.9
00-0034351,Dallas Goedert,TE,PHI,NYG,6,17.0,21.5,26.0
00-0034351,Dallas Goedert,TE,PHI,MIN,7,1.8,3.3,4.8
00-0034351,Dallas Goedert,TE,PHI,NYG,8,14.8,16.3,17.8
00-0034351,Dallas Goedert,TE,PHI,GB,10,4.3,6.3,8.3
00-0034351,Dallas Goedert,TE,PHI,DET,11,2.4,3.4,4.4
00-0034351,Dallas Goedert,TE,PHI,DAL,12,2.0,3.0,4.0
00-0034351,Dallas Goedert,TE,PHI,CHI,13,2.7,3.7,4.7
00-0034351,Dallas Goedert,TE,PHI,LAC,14,7.8,11.8,15.8
00-0034351,Dallas Goedert,TE,PHI,LV,15,19.0,22.0,25.0
00-0034351,Dallas Goedert,TE,PHI,WAS,16,9.2,10.7,12.2
00-0034351,Dallas Goedert,TE,PHI,BUF,17,6.8,8.3,9.8
00-0038933,Dalton Kincaid,TE,BUF,BAL,1,10.8,12.8,14.8
00-0038933,Dalton Kincaid,TE,BUF,NYJ,2,3.7,5.7,7.7
00-0038933,Dalton Kincaid,TE,BUF,MIA,3,12.6,15.1,17.6
00-0038933,Dalton Kincaid,TE,BUF,NO,4,8.8,9.3,9.8
00-0038933,Dalton Kincaid,TE,BUF,NE,5,10.8,13.8,16.8
00-0038933,Dalton Kincaid,TE,BUF,CAR,8,2.3,2.8,3.3
00-0038933,Dalton Kincaid,TE,BUF,KC,9,16.1,19.1,22.1
00-0038933,Dalton Kincaid,TE,BUF,MIA,10,3.7,4.7,5.7
00-0038933,Dalton Kincaid,TE,BUF,CIN,14,10.1,12.1,14.1
00-0038933,Dalton Kincaid,TE,BUF,NE,15,3.4,4.9,6.4
00-0038933,Dalton Kincaid,TE,BUF,CLE,16,0.0,0.0,0.0
00-0038933,Dalton Kincaid,TE,BUF,NYJ,18,4.8,6.3,7.8
00-0034383,Dalton Schultz,TE,HOU,LA,1,2.8,4.3,5.8
00-0034383,Dalton Schultz,TE,HOU,TB,2,2.9,4.4,5.9
00-0034383,Dalton Schultz,TE,HOU,JAX,3,3.9,6.4,8.9
00-0034383,Dalton Schultz,TE,HOU,TEN,4,3.0,5.5,8.0
00-0034383,Dalton Schultz,TE,HOU,BAL,5,6.0,8.5,11.0
00-0034383,Dalton Schultz,TE,HOU,SEA,7,9.8,14.3,18.8
00-0034383,Dalton Schultz,TE,HOU,SF,8,2.4,3.4,4.4
00-0034383,Dalton Schultz,TE,HOU,DEN,9,7.7,10.7,13.7
00-0034383,Dalton Schultz,TE,HOU,JAX,10,11.3,14.8,18.3
00-0034383,Dalton Schultz,TE,HOU,TEN,11,5.1,8.1,11.1
00-0034383,Dalton Schultz,TE,HOU,BUF,12,0.8,1.3,1.8
00-0034383,Dalton Schultz,TE,HOU,IND,13,5.5,9.0,12.5
00-0034383,Dalton Schultz,TE,HOU,KC,14,2.2,3.7,5.2
00-0034383,Dalton Schultz,TE,HOU,ARI,15,13.6,17.6,21.6
00-0034383,Dalton Schultz,TE,HOU,LV,16,9.5,12.0,14.5
00-0034383,Dalton Schultz,TE,HOU,LAC,17,1.9,3.4,4.9
00-0034383,Dalton Schultz,TE,HOU,IND,18,7.3,9.3,11.3
00-0037258,Dameon Pierce,RB,HOU,LA,1,0.5,0.5,0.5
00-0037258,Dameon Pierce,RB,HOU,BAL,5,2.1,2.1,2.1
00-0037258,Dameon Pierce,RB,HOU,SF,8,0.0,0.0,0.0
00-0037258,Dameon Pierce,RB,HOU,JAX,10,0.0,0.0,0.0
00-0037258,Dameon Pierce,RB,KC,LV,18,1.0,1.0,1.0
00-0038115,Daniel Bellinger,TE,NYG,WAS,1,1.4,1.9,2.4
00-0038115,Daniel Bellinger,TE,NYG,DAL,2,0.0,0.0,0.0
00-0038115,Daniel Bellinger,TE,NYG,KC,3,0.6,1.1,1.6
00-0038115,Daniel Bellinger,TE,NYG,LAC,4,1.3,1.8,2.3
00-0038115,Daniel Bellinger,TE,NYG,NO,5,5.2,7.2,9.2
00-0038115,Daniel Bellinger,TE,NYG,DEN,7,14.8,16.3,17.8
00-0038115,Daniel Bellinger,TE,NYG,PHI,8,2.1,2.6,3.1
00-0038115,Daniel Bellinger,TE,NYG,CHI,10,0.8,1.3,1.8
00-0038115,Daniel Bellinger,TE,NYG,GB,11,0.0,0.0,0.0
00-0038115,Daniel Bellinger,TE,NYG,DET,12,0.0,0.0,0.0
00-0038115,Daniel Bellinger,TE,NYG,WAS,15,3.5,5.0,6.5
00-0038115,Daniel Bellinger,TE,NYG,LV,17,1.1,2.1,3.1
00-0038115,Daniel Bellinger,TE,NYG,DAL,18,9.8,10.8,11.8
00-0034161,Daniel Carlson,K,LV,NE,1,10.0,10.0,10.0
00-0034161,Daniel Carlson,K,LV,LAC,2,12.0,12.0,12.0
00-0034161,Daniel Carlson,K,LV,WAS,3,4.0,4.0,4.0
00-0034161,Daniel Carlson,K,LV,CHI,4,5.0,5.0,5.0
00-0034161,Daniel Carlson,K,LV,IND,5,5.0,5.0,5.0
00-0034161,Daniel Carlson,K,LV,TEN,6,10.0,10.0,10.0
00-0034161,Daniel Carlson,K,LV,KC,7,0.0,0.0,0.0
00-0034161,Daniel Carlson,K,LV,JAX,9,4.0,4.0,4.0
00-0034161,Daniel Carlson,K,LV,DEN,10,0.0,0.0,0.0
00-0034161,Daniel Carlson,K,LV,DAL,11,11.0,11.0,11.0
00-0034161,Daniel Carlson,K,LV,CLE,12,4.0,4.0,4.0
00-0034161,Daniel Carlson,K,LV,LAC,13,2.0,2.0,2.0
00-0034161,Daniel Carlson,K,LV,DEN,14,6.0,6.0,6.0
00-0034161,Daniel Carlson,K,LV,PHI,15,0.0,0.0,0.0
00-0034161,Daniel Carlson,K,LV,HOU,16,3.0,3.0,3.0
00-0034161,Daniel Carlson,K,LV,NYG,17,5.0,5.0,5.0
00-0034161,Daniel Carlson,K,LV,KC,18,16.0,16.0,16.0
00-0035710,Daniel Jones,QB,IND,MIA,1,29.5,29.5,29.5
00-0035710,Daniel Jones,QB,IND,DEN,2,22.8,22.8,22.8
00-0035710,Daniel Jones,QB,IND,TEN,3,15.8,15.8,15.8
00-0035710,Daniel Jones,QB,IND,LA,4,10.4,10.4,10.4
00-0035710,Daniel Jones,QB,IND,LV,5,16.7,16.7,16.7
00-0035710,Daniel Jones,QB,IND,ARI,6,22.5,22.5,22.5
00-0035710,Daniel Jones,QB,IND,LAC,7,22.2,22.2,22.2
00-0035710,Daniel Jones,QB,IND,TEN,8,23.2,23.2,23.2
00-0035710,Daniel Jones,QB,IND,PIT,9,14.1,14.1,14.1
00-0035710,Daniel Jones,QB,IND,ATL,10,15.5,15.5,15.5
00-0035710,Daniel Jones,QB,IND,KC,12,16.8,16.8,16.8
00-0035710,Daniel Jones,QB,IND,HOU,13,16.1,16.1,16.1
00-0035710,Daniel Jones,QB,IND,JAX,14,0.8,0.8,0.8
00-0034860,Dante Pettis,WR,NO,CAR,10,0.0,0.0,0.0
00-0034860,Dante Pettis,WR,NO,ATL,12,1.4,1.9,2.4
00-0034860,Dante Pettis,WR,NO,MIA,13,0.0,0.0,0.0
00-0034860,Dante Pettis,WR,NO,TB,14,0.0,0.0,0.0
00-0034860,Dante Pettis,WR,NO,CAR,15,0.0,0.0,0.0
00-0034860,Dante Pettis,WR,NO,NYJ,16,0.0,0.0,0.0
00-0034860,Dante Pettis,WR,NO,TEN,17,3.3,4.8,6.3
00-0034860,Dante Pettis,WR,NO,ATL,18,6.0,8.5,11.0
00-0033854,Dare Ogunbowale,RB,HOU,LA,1,0.6,1.6,2.6
00-0033854,Dare Ogunbowale,RB,HOU,TB,2,0.0,0.0,0.0
00-0033854,Dare Ogunbowale,RB,HOU,JAX,3,0.0,0.0,0.0
00-0033854,Dare Ogunbowale,RB,HOU,BAL,5,0.0,0.0,0.0
00-0033854,Dare Ogunbowale,RB,HOU,SEA,7,0.0,0.0,0.0
00-0033854,Dare Ogunbowale,RB,HOU,SF,8,1.7,2.2,2.7
00-0033854,Dare Ogunbowale,RB,HOU,DEN,9,0.2,0.7,1.2
00-0033854,Dare Ogunbowale,RB,HOU,TEN,11,0.9,1.4,1.9
00-0033854,Dare Ogunbowale,RB,HOU,BUF,12,0.0,0.0,0.0
00-0033854,Dare Ogunbowale,RB,HOU,IND,13,0.0,0.0,0.0
00-0033854,Dare Ogunbowale,RB,HOU,KC,14,6.5,6.5,6.5
00-0033854,Dare Ogunbowale,RB,HOU,ARI,15,3.4,4.9,6.4
00-0033854,Dare Ogunbowale,RB,HOU,LV,16,-0.1,0.4,0.9
00-0033854,Dare Ogunbowale,RB,HOU,IND,18,0.9,1.4,1.9
00-0037093,Dareke Young,WR,SEA,PIT,2,0.0,0.0,0.0
00-0037093,Dareke Young,WR,SEA,NO,3,1.2,1.7,2.2
00-0037093,Dareke Young,WR,SEA,ARI,4,0.0,0.0,0.0
00-0037093,Dareke Young,WR,SEA,TB,5,3.6,4.1,4.6
00-0037093,Dareke Young,WR,SEA,JAX,6,0.0,0.0,0.0
00-0037093,Dareke Young,WR,SEA,HOU,7,0.0,0.0,0.0
00-0037093,Dareke Young,WR,SEA,LA,16,0.0,0.0,0.0
00-0037093,Dareke Young,WR,SEA,CAR,17,0.0,0.0,0.0
00-0040024,Darius Cooper,WR,PHI,DET,11,0.0,0.0,0.0
00-0040024,Darius Cooper,WR,PHI,DAL,12,0.7,1.7,2.7
00-0040024,Darius Cooper,WR,PHI,LAC,14,1.9,2.4,2.9
00-0040024,Darius Cooper,WR,PHI,LV,15,2.9,3.9,4.9
00-0040024,Darius Cooper,WR,PHI,BUF,17,0.4,0.9,1.4
00-0040024,Darius Cooper,WR,PHI,WAS,18,3.3,4.8,6.3
00-0035535,Darius Slayton,WR,NYG,WAS,1,0.0,0.0,0.0
00-0035535,Darius Slayton,WR,NYG,DAL,2,6.1,7.1,8.1
00-0035535,Darius Slayton,WR,NYG,KC,3,3.0,5.0,7.0
00-0035535,Darius Slayton,WR,NYG,LAC,4,4.4,5.9,7.4
00-0035535,Darius Slayton,WR,NYG,NO,5,1.1,2.6,4.1
00-0035535,Darius Slayton,WR,NYG,PHI,8,2.6,3.6,4.6
00-0035535,Darius Slayton,WR,NYG,SF,9,6.2,8.7,11.2
00-0035535,Darius Slayton,WR,NYG,CHI,10,8.9,10.9,12.9
00-0035535,Darius Slayton,WR,NYG,DET,12,2.3,2.8,3.3
00-0035535,Darius Slayton,WR,NYG,NE,13,12.1,13.1,14.1
00-0035535,Darius Slayton,WR,NYG,WAS,15,5.3,7.3,9.3
00-0035535,Darius Slayton,WR,NYG,MIN,16,0.8,1.3,1.8
00-0035535,Darius Slayton,WR,NYG,LV,17,3.6,4.6,5.6
00-0035535,Darius Slayton,WR,NYG,DAL,18,5.4,7.4,9.4
00-0036309,Darnell Mooney,WR,ATL,MIN,2,2.0,3.0,4.0
00-0036309,Darnell Mooney,WR,ATL,CAR,3,4.4,6.4,8.4
00-0036309,Darnell Mooney,WR,ATL,WAS,4,1.5,2.0,2.5
00-0036309,Darnell Mooney,WR,ATL,SF,7,6.8,8.3,9.8
00-0036309,Darnell Mooney,WR,ATL,MIA,8,1.1,1.6,2.1
00-0036309,Darnell Mooney,WR,ATL,NE,9,1.5,2.0,2.5
00-0036309,Darnell Mooney,WR,ATL,IND,10,1.7,2.2,2.7
00-0036309,Darnell Mooney,WR,ATL,CAR,11,3.4,4.9,6.4
00-0036309,Darnell Mooney,WR,ATL,NO,12,13.4,14.9,16.4
00-0036309,Darnell Mooney,WR,ATL,NYJ,13,2.5,3.5,4.5
00-0036309,Darnell Mooney,WR,ATL,SEA,14,0.6,1.1,1.6
00-0036309,Darnell Mooney,WR,ATL,TB,15,3.5,5.0,6.5
00-0036309,Darnell Mooney,WR,ATL,ARI,16,2.4,3.4,4.4
00-0036309,Darnell Mooney,WR,ATL,LA,17,3.5,4.5,5.5
00-0036309,Darnell Mooney,WR,ATL,NO,18,2.0,3.5,5.0
00-0038558,Darnell Washington,TE,PIT,SEA,2,2.0,2.0,2.0
00-0038558,Darnell Washington,TE,PIT,MIN,4,2.0,3.5,5.0
00-0038558,Darnell Washington,TE,PIT,CLE,6,6.2,7.7,9.2
00-0038558,Darnell Washington,TE,PIT,CIN,7,6.2,7.7,9.2
00-0038558,Darnell Washington,TE,PIT,IND,9,4.3,6.3,8.3
00-0038558,Darnell Washington,TE,PIT,LAC,10,1.5,2.0,2.5
00-0038558,Darnell Washington,TE,PIT,CIN,11,6.7,8.7,10.7
00-0038558,Darnell Washington,TE,PIT,CHI,12,2.2,3.2,4.2
00-0038558,Darnell Washington,TE,PIT,BUF,13,4.5,5.5,6.5
00-0038558,Darnell Washington,TE,PIT,BAL,14,1.2,1.7,2.2
00-0038558,Darnell Washington,TE,PIT,MIA,15,2.5,4.0,5.5
00-0038558,Darnell Washington,TE,PIT,DET,16,1.6,3.1,4.6
00-0038558,Darnell Washington,TE,PIT,CLE,17,1.5,2.5,3.5
00-0031610,Darren Waller,TE,MIA,NYJ,4,14.7,16.2,17.7
00-0031610,Darren Waller,TE,MIA,CAR,5,13.8,16.3,18.8
00-0031610,Darren Waller,TE,MIA,LAC,6,7.2,8.2,9.2
00-0031610,Darren Waller,TE,MIA,CLE,7,0.0,0.0,0.0
00-0031610,Darren Waller,TE,MIA,NO,13,4.7,5.7,6.7
00-0031610,Darren Waller,TE,MIA,NYJ,14,1.7,2.2,2.7
00-0031610,Darren Waller,TE,MIA,PIT,15,18.6,22.1,25.6
00-0031610,Darren Waller,TE,MIA,CIN,16,4.0,5.5,7.0
00-0031610,Darren Waller,TE,MIA,TB,17,0.0,0.5,1.0
00-0031381,Davante Adams,WR,LA,HOU,1,5.1,7.1,9.1
00-0031381,Davante Adams,WR,LA,TEN,2,16.6,19.6,22.6
00-0031381,Davante Adams,WR,LA,PHI,3,11.6,13.1,14.6
00-0031381,Davante Adams,WR,LA,IND,4,11.6,13.6,15.6
00-0031381,Davante Adams,WR,LA,SF,5,8.8,11.3,13.8
00-0031381,Davante Adams,WR,LA,BAL,6,3.9,5.9,7.9
00-0031381,Davante Adams,WR,LA,JAX,7,21.5,24.0,26.5
00-0031381,Davante Adams,WR,LA,NO,9,18.0,20.5,23.0
00-0031381,Davante Adams,WR,LA,SF,10,13.7,16.7,19.7
00-0031381,Davante Adams,WR,LA,SEA,11,6.1,6.6,7.1
00-0031381,Davante Adams,WR,LA,TB,12,18.2,20.7,23.2
00-0031381,Davante Adams,WR,LA,CAR,13,17.8,19.8,21.8
00-0031381,Davante Adams,WR,LA,ARI,14,2.9,4.9,6.9
00-0031381,Davante Adams,WR,LA,DET,15,7.1,9.1,11.1
00-0039648,David Martin-Robinson,TE,TEN,DEN,1,0.0,0.0,0.0
00-0039648,David Martin-Robinson,TE,TEN,LV,6,6.1,6.6,7.1
00-0039648,David Martin-Robinson,TE,TEN,IND,8,0.0,0.0,0.0
00-0039648,David Martin-Robinson,TE,TEN,LAC,9,0.0,0.0,0.0
00-0039648,David Martin-Robinson,TE,TEN,HOU,11,0.0,0.0,0.0
00-0039648,David Martin-Robinson,TE,TEN,JAX,13,0.0,0.0,0.0
00-0039648,David Martin-Robinson,TE,TEN,CLE,14,0.6,1.1,1.6
00-0039648,David Martin-Robinson,TE,TEN,SF,15,0.0,0.0,0.0
00-0039648,David Martin-Robinson,TE,TEN,KC,16,0.0,0.0,0.0
00-0039648,David Martin-Robinson,TE,TEN,NO,17,0.9,1.4,1.9
00-0039648,David Martin-Robinson,TE,TEN,JAX,18,1.4,1.9,2.4
00-0035685,David Montgomery,RB,DET,GB,1,4.3,6.3,8.3
00-0035685,David Montgomery,RB,DET,CHI,2,12.1,12.6,13.1
00-0035685,David Montgomery,RB,DET,BAL,3,28.4,28.9,29.4
00-0035685,David Montgomery,RB,DET,CLE,4,1.2,1.2,1.2
00-0035685,David Montgomery,RB,DET,CIN,5,17.2,17.7,18.2
00-0035685,David Montgomery,RB,DET,KC,6,6.1,7.1,8.1
00-0035685,David Montgomery,RB,DET,TB,7,3.9,4.9,5.9
00-0035685,David Montgomery,RB,DET,MIN,9,9.0,10.0,11.0
00-0035685,David Montgomery,RB,DET,WAS,10,9.1,9.6,10.1
00-0035685,David Montgomery,RB,DET,PHI,11,3.7,4.2,4.7
00-0035685,David Montgomery,RB,DET,NYG,12,3.7,5.2,6.7
00-0035685,David Montgomery,RB,DET,GB,13,10.8,11.8,12.8
00-0035685,David Montgomery,RB,DET,DAL,14,13.3,13.8,14.3
00-0035685,David Montgomery,RB,DET,LA,15,9.2,9.2,9.2
00-0035685,David Montgomery,RB,DET,PIT,16,1.4,1.4,1.4
00-0035685,David Montgomery,RB,DET,MIN,17,4.0,5.0,6.0
00-0035685,David Montgomery,RB,DET,CHI,18,5.5,6.0,6.5
00-0033589,David Moore,WR,CAR,JAX,1,0.0,0.0,0.0
00-0033589,David Moore,WR,CAR,ATL,3,0.5,1.0,1.5
00-0033589,David Moore,WR,CAR,NE,4,1.2,1.2,1.2
00-0033885,David Njoku,TE,CLE,CIN,1,3.7,5.2,6.7
00-0033885,David Njoku,TE,CLE,BAL,2,4.0,6.0,8.0
00-0033885,David Njoku,TE,CLE,GB,3,4.0,6.5,9.0
00-0033885,David Njoku,TE,CLE,DET,4,1.1,2.1,3.1
00-0033885,David Njoku,TE,CLE,MIN,5,12.7,15.7,18.7
00-0033885,David Njoku,TE,CLE,PIT,6,2.8,4.3,5.8
00-0033885,David Njoku,TE,CLE,NE,8,9.7,11.7,13.7
00-0033885,David Njoku,TE,CLE,NYJ,10,8.1,9.1,10.1
00-0033885,David Njoku,TE,CLE,BAL,11,0.7,1.2,1.7
00-0033885,David Njoku,TE,CLE,SF,13,0.4,1.4,2.4
00-0033885,David Njoku,TE,CLE,TEN,14,6.1,6.6,7.1
00-0035359,David Sills,WR,ATL,CAR,3,0.9,1.4,1.9
00-0035359,David Sills,WR,ATL,MIA,8,1.4,2.4,3.4
00-0035359,David Sills,WR,ATL,NE,9,0.0,0.0,0.0
00-0035359,David Sills,WR,ATL,IND,10,0.0,0.0,0.0
00-0035359,David Sills,WR,ATL,CAR,11,1.1,1.6,2.1
00-0035359,David Sills,WR,ATL,NO,12,7.6,8.6,9.6
00-0035359,David Sills,WR,ATL,NYJ,13,7.5,8.5,9.5
00-0035359,David Sills,WR,ATL,SEA,14,0.0,0.0,0.0
00-0035359,David Sills,WR,ATL,TB,15,7.8,10.8,13.8
00-0035359,David Sills,WR,ATL,ARI,16,0.0,0.0,0.0
00-0035359,David Sills,WR,ATL,LA,17,3.7,5.2,6.7
00-0035359,David Sills,WR,ATL,NO,18,1.1,1.6,2.1
00-0039074,Davis Allen,TE,LA,HOU,1,7.3,7.8,8.3
00-0039074,Davis Allen,TE,LA,TEN,2,6.8,7.3,7.8
00-0039074,Davis Allen,TE,LA,PHI,3,0.3,0.8,1.3
00-0039074,Davis Allen,TE,LA,IND,4,0.0,0.5,1.0
00-0039074,Davis Allen,TE,LA,SF,5,2.4,3.4,4.4
00-0039074,Davis Allen,TE,LA,BAL,6,0.7,1.2,1.7
00-0039074,Davis Allen,TE,LA,JAX,7,0.4,0.9,1.4
00-0039074,Davis Allen,TE,LA,NO,9,3.7,5.2,6.7
00-0039074,Davis Allen,TE,LA,SF,10,6.8,7.8,8.8
00-0039074,Davis Allen,TE,LA,TB,12,2.9,4.4,5.9
00-0039074,Davis Allen,TE,LA,CAR,13,0.4,0.9,1.4
00-0039074,Davis Allen,TE,LA,ARI,14,2.1,3.1,4.1
00-0039074,Davis Allen,TE,LA,DET,15,1.6,3.1,4.6
00-0039074,Davis Allen,TE,LA,SEA,16,3.4,4.4,5.4
00-0039074,Davis Allen,TE,LA,ARI,18,0.0,0.0,0.0
00-0036898,Davis Mills,QB,HOU,BAL,5,1.2,1.2,1.2
00-0036898,Davis Mills,QB,HOU,DEN,9,6.2,6.2,6.2
00-0036898,Davis Mills,QB,HOU,JAX,10,27.7,27.7,27.7
00-0036898,Davis Mills,QB,HOU,TEN,11,16.4,16.4,16.4
00-0036898,Davis Mills,QB,HOU,BUF,12,14.5,14.5,14.5
00-0036898,Davis Mills,QB,HOU,IND,18,2.6,2.6,2.6
00-0035689,Dawson Knox,TE,BUF,BAL,1,2.0,3.0,4.0
00-0035689,Dawson Knox,TE,BUF,NYJ,2,1.9,2.9,3.9
00-0035689,Dawson Knox,TE,BUF,NO,4,0.0,0.0,0.0
00-0035689,Dawson Knox,TE,BUF,NE,5,1.5,2.5,3.5
00-0035689,Dawson Knox,TE,BUF,ATL,6,7.9,8.4,8.9
00-0035689,Dawson Knox,TE,BUF,CAR,8,1.5,2.0,2.5
00-0035689,Dawson Knox,TE,BUF,KC,9,3.0,3.5,4.0
00-0035689,Dawson Knox,TE,BUF,MIA,10,3.7,5.2,6.7
00-0035689,Dawson Knox,TE,BUF,TB,11,2.3,2.8,3.3
00-0035689,Dawson Knox,TE,BUF,HOU,12,1.7,3.2,4.7
00-0035689,Dawson Knox,TE,BUF,PIT,13,2.8,4.3,5.8
00-0035689,Dawson Knox,TE,BUF,CIN,14,11.3,14.3,17.3
00-0035689,Dawson Knox,TE,BUF,NE,15,15.7,17.2,18.7
00-0035689,Dawson Knox,TE,BUF,CLE,16,1.0,1.5,2.0
00-0035689,Dawson Knox,TE,BUF,PHI,17,3.0,5.5,8.0
00-0035689,Dawson Knox,TE,BUF,NYJ,18,8.4,9.4,10.4
00-0039040,De'Von Achane,RB,MIA,IND,1,13.5,15.0,16.5
00-0039040,De'Von Achane,RB,MIA,NE,2,18.2,22.2,26.2
00-0039040,De'Von Achane,RB,MIA,BUF,3,9.1,12.6,16.1
00-0039040,De'Von Achane,RB,MIA,NYJ,4,16.1,16.6,17.1
00-0039040,De'Von Achane,RB,MIA,CAR,5,10.6,13.6,16.6
00-0039040,De'Von Achane,RB,MIA,LAC,6,27.0,29.0,31.0
00-0039040,De'Von Achane,RB,MIA,CLE,7,9.8,11.3,12.8
00-0039040,De'Von Achane,RB,MIA,ATL,8,15.1,17.6,20.1
00-0039040,De'Von Achane,RB,MIA,BAL,9,10.6,13.6,16.6
00-0039040,De'Von Achane,RB,MIA,BUF,10,34.5,37.5,40.5
00-0039040,De'Von Achane,RB,MIA,WAS,11,16.5,19.0,21.5
00-0039040,De'Von Achane,RB,MIA,NO,13,19.4,19.4,19.4
00-0039040,De'Von Achane,RB,MIA,NYJ,14,16.5,17.0,17.5
00-0039040,De'Von Achane,RB,MIA,PIT,15,12.7,15.7,18.7
00-0039040,De'Von Achane,RB,MIA,CIN,16,15.0,16.5,18.0
00-0039040,De'Von Achane,RB,MIA,TB,17,11.2,12.7,14.2
00-0031763,DeAndre Carter,WR,CLE,CIN,1,0.0,0.0,0.0
00-0031763,DeAndre Carter,WR,CLE,BAL,2,0.0,0.0,0.0
00-0031763,DeAndre Carter,WR,CLE,GB,3,0.0,0.0,0.0
00-0031763,DeAndre Carter,WR,CLE,DET,4,0.0,0.0,0.0
00-0030564,DeAndre Hopkins,WR,BAL,BUF,1,9.5,10.5,11.5
00-0030564,DeAndre Hopkins,WR,BAL,CLE,2,12.4,13.4,14.4
00-0030564,DeAndre Hopkins,WR,BAL,DET,3,1.3,1.8,2.3
00-0030564,DeAndre Hopkins,WR,BAL,KC,4,0.0,0.0,0.0
00-0030564,DeAndre Hopkins,WR,BAL,HOU,5,4.6,5.6,6.6
00-0030564,DeAndre Hopkins,WR,BAL,LA,6,2.0,3.0,4.0
00-0030564,DeAndre Hopkins,WR,BAL,CHI,8,1.4,1.9,2.4
00-0030564,DeAndre Hopkins,WR,BAL,MIA,9,0.0,0.0,0.0
00-0030564,DeAndre Hopkins,WR,BAL,MIN,10,1.6,2.6,3.6
00-0030564,DeAndre Hopkins,WR,BAL,CLE,11,1.1,1.6,2.1
00-0030564,DeAndre Hopkins,WR,BAL,NYJ,12,1.3,2.3,3.3
00-0030564,DeAndre Hopkins,WR,BAL,CIN,13,2.5,3.5,4.5
00-0030564,DeAndre Hopkins,WR,BAL,PIT,14,0.0,0.0,0.0
00-0030564,DeAndre Hopkins,WR,BAL,CIN,15,3.2,3.7,4.2
00-0030564,DeAndre Hopkins,WR,BAL,NE,16,4.1,6.1,8.1
00-0030564,DeAndre Hopkins,WR,BAL,GB,17,0.0,0.0,0.0
00-0030564,DeAndre Hopkins,WR,BAL,PIT,18,0.0,0.0,0.0
00-0038621,DeMario Douglas,WR,NE,LV,1,6.2,7.2,8.2
00-0038621,DeMario Douglas,WR,NE,MIA,2,0.8,1.3,1.8
00-0038621,DeMario Douglas,WR,NE,PIT,3,0.7,1.7,2.7
00-0038621,DeMario Douglas,WR,NE,BUF,5,1.7,2.7,3.7
00-0038621,DeMario Douglas,WR,NE,NO,6,13.1,14.6,16.1
00-0038621,DeMario Douglas,WR,NE,TEN,7,1.7,3.2,4.7
00-0038621,DeMario Douglas,WR,NE,CLE,8,4.7,5.2,5.7
00-0038621,DeMario Douglas,WR,NE,ATL,9,16.0,18.0,20.0
00-0038621,DeMario Douglas,WR,NE,TB,10,3.4,4.4,5.4
00-0038621,DeMario Douglas,WR,NE,NYJ,11,3.1,4.6,6.1
00-0038621,DeMario Douglas,WR,NE,CIN,12,5.1,5.6,6.1
00-0038621,DeMario Douglas,WR,NE,NYG,13,3.3,4.8,6.3
00-0038621,DeMario Douglas,WR,NE,BUF,15,0.5,0.5,0.5
00-0038621,DeMario Douglas,WR,NE,BAL,16,0.6,1.1,1.6
00-0038621,DeMario Douglas,WR,NE,NYJ,17,1.0,1.5,2.0
00-0038621,DeMario Douglas,WR,NE,MIA,18,2.9,3.9,4.9
00-0036912,DeVonta Smith,WR,PHI,DAL,1,1.6,3.1,4.6
00-0036912,DeVonta Smith,WR,PHI,KC,2,5.3,7.3,9.3
00-0036912,DeVonta Smith,WR,PHI,LA,3,12.0,16.0,20.0
00-0036912,DeVonta Smith,WR,PHI,TB,4,2.9,3.9,4.9
00-0036912,DeVonta Smith,WR,PHI,DEN,5,11.4,15.4,19.4
00-0036912,DeVonta Smith,WR,PHI,NYG,6,4.9,6.9,8.9
00-0036912,DeVonta Smith,WR,PHI,MIN,7,24.3,28.8,33.3
00-0036912,DeVonta Smith,WR,PHI,NYG,8,8.4,11.4,14.4
00-0036912,DeVonta Smith,WR,PHI,GB,10,12.9,14.9,16.9
00-0036912,DeVonta Smith,WR,PHI,DET,11,0.8,1.3,1.8
00-0036912,DeVonta Smith,WR,PHI,DAL,12,8.9,11.9,14.9
00-0036912,DeVonta Smith,WR,PHI,CHI,13,4.8,7.3,9.8
00-0036912,DeVonta Smith,WR,PHI,LAC,14,3.7,5.7,7.7
00-0036912,DeVonta Smith,WR,PHI,LV,15,5.0,6.0,7.0
00-0036912,DeVonta Smith,WR,PHI,WAS,16,10.2,13.2,16.2
00-0036912,DeVonta Smith,WR,PHI,BUF,17,2.5,3.5,4.5
00-0036912,DeVonta Smith,WR,PHI,WAS,18,5.2,6.7,8.2
00-0036620,Dee Eskridge,WR,MIA,IND,1,0.9,1.4,1.9
00-0036620,Dee Eskridge,WR,MIA,NE,2,0.8,1.3,1.8
00-0036620,Dee Eskridge,WR,MIA,BUF,3,0.0,0.0,0.0
00-0036620,Dee Eskridge,WR,MIA,CAR,5,0.0,0.0,0.0
00-0036620,Dee Eskridge,WR,MIA,LAC,6,0.0,0.0,0.0
00-0036620,Dee Eskridge,WR,MIA,CLE,7,4.5,5.5,6.5
00-0036620,Dee Eskridge,WR,MIA,ATL,8,0.0,0.0,0.0
00-0036620,Dee Eskridge,WR,MIA,BAL,9,0.0,0.0,0.0
00-0036620,Dee Eskridge,WR,MIA,NYJ,14,0.0,0.0,0.0
00-0036620,Dee Eskridge,WR,MIA,PIT,15,0.0,0.0,0.0
00-0036620,Dee Eskridge,WR,MIA,CIN,16,0.0,0.0,0.0
00-0036425,DeeJay Dallas,RB,CAR,MIA,5,0.0,0.0,0.0
00-0036425,DeeJay Dallas,RB,CAR,DAL,6,0.0,0.0,0.0
00-0036425,DeeJay Dallas,RB,JAX,DEN,16,0.0,0.0,0.0
00-0036425,DeeJay Dallas,RB,JAX,IND,17,2.1,2.1,2.1
00-0036425,DeeJay Dallas,RB,JAX,TEN,18,0.0,0.0,0.0
00-0035719,Deebo Samuel Sr.,WR,WAS,NYG,1,15.6,19.1,22.6
00-0035719,Deebo Samuel Sr.,WR,WAS,GB,2,10.4,13.9,17.4
00-0035719,Deebo Samuel Sr.,WR,WAS,LV,3,2.9,3.9,4.9
00-0035719,Deebo Samuel Sr.,WR,WAS,ATL,4,14.1,17.1,20.1
00-0035719,Deebo Samuel Sr.,WR,WAS,LAC,5,15.6,19.6,23.6
00-0035719,Deebo Samuel Sr.,WR,WAS,CHI,6,1.4,3.4,5.4
00-0035719,Deebo Samuel Sr.,WR,WAS,KC,8,1.2,2.7,4.2
00-0035719,Deebo Samuel Sr.,WR,WAS,SEA,9,4.4,6.9,9.4
00-0035719,Deebo Samuel Sr.,WR,WAS,DET,10,8.9,10.9,12.9
00-0035719,Deebo Samuel Sr.,WR,WAS,MIA,11,13.7,17.2,20.7
00-0035719,Deebo Samuel Sr.,WR,WAS,DEN,13,6.1,8.6,11.1
00-0035719,Deebo Samuel Sr.,WR,WAS,MIN,14,2.7,4.7,6.7
00-0035719,Deebo Samuel Sr.,WR,WAS,NYG,15,4.3,5.8,7.3
00-0035719,Deebo Samuel Sr.,WR,WAS,PHI,16,3.5,5.0,6.5
00-0035719,Deebo Samuel Sr.,WR,WAS,DAL,17,9.3,10.3,11.3
00-0035719,Deebo Samuel Sr.,WR,WAS,PHI,18,2.1,3.1,4.1
00-0032775,Demarcus Robinson,WR,SF,JAX,4,2.0,2.5,3.0
00-0032775,Demarcus Robinson,WR,SF,LA,5,3.9,5.4,6.9
00-0032775,Demarcus Robinson,WR,SF,TB,6,4.4,5.4,6.4
00-0032775,Demarcus Robinson,WR,SF,ATL,7,0.0,0.0,0.0
00-0032775,Demarcus Robinson,WR,SF,HOU,8,2.5,3.5,4.5
00-0032775,Demarcus Robinson,WR,SF,NYG,9,0.0,0.0,0.0
00-0032775,Demarcus Robinson,WR,SF,LA,10,3.4,4.9,6.4
00-0032775,Demarcus Robinson,WR,SF,ARI,11,1.3,1.8,2.3
00-0032775,Demarcus Robinson,WR,SF,CAR,12,0.8,1.3,1.8
00-0032775,Demarcus Robinson,WR,SF,CLE,13,0.6,0.6,0.6
00-0032775,Demarcus Robinson,WR,SF,TEN,15,3.6,4.6,5.6
00-0032775,Demarcus Robinson,WR,SF,IND,16,8.3,9.3,10.3
00-0032775,Demarcus Robinson,WR,SF,CHI,17,3.0,4.0,5.0
00-0032775,Demarcus Robinson,WR,SF,SEA,18,2.4,3.9,5.4
00-0038573,Derius Davis,WR,LAC,KC,1,0.3,0.3,0.3
00-0038573,Derius Davis,WR,LAC,LV,2,0.0,0.0,0.0
00-0038573,Derius Davis,WR,LAC,DEN,3,0.2,0.2,0.2
00-0038573,Derius Davis,WR,LAC,IND,7,0.0,0.0,0.0
00-0038573,Derius Davis,WR,LAC,MIN,8,0.0,0.0,0.0
00-0038573,Derius Davis,WR,LAC,TEN,9,0.0,0.0,0.0
00-0038573,Derius Davis,WR,LAC,PIT,10,0.3,0.8,1.3
00-0038573,Derius Davis,WR,LAC,JAX,11,0.0,0.0,0.0
00-0038573,Derius Davis,WR,LAC,LV,13,0.0,0.0,0.0
00-0038573,Derius Davis,WR,LAC,PHI,14,0.0,0.0,0.0
00-0038573,Derius Davis,WR,LAC,DEN,18,0.7,1.2,1.7
00-0032764,Derrick Henry,RB,BAL,BUF,1,28.2,28.7,29.2
00-0032764,Derrick Henry,RB,BAL,CLE,2,2.3,2.3,2.3
00-0032764,Derrick Henry,RB,BAL,DET,3,9.7,10.2,10.7
00-0032764,Derrick Henry,RB,BAL,KC,4,5.8,6.8,7.8
00-0032764,Derrick Henry,RB,BAL,HOU,5,9.3,9.3,9.3
00-0032764,Derrick Henry,RB,BAL,LA,6,13.0,13.5,14.0
00-0032764,Derrick Henry,RB,BAL,CHI,8,19.1,19.1,19.1
00-0032764,Derrick Henry,RB,BAL,MIA,9,12.1,12.6,13.1
00-0032764,Derrick Henry,RB,BAL,MIN,10,8.4,9.9,11.4
00-0032764,Derrick Henry,RB,BAL,CLE,11,18.2,19.2,20.2
00-0032764,Derrick Henry,RB,BAL,NYJ,12,20.8,21.8,22.8
00-0032764,Derrick Henry,RB,BAL,CIN,13,16.4,16.9,17.4
00-0032764,Derrick Henry,RB,BAL,PIT,14,10.2,10.7,11.2
00-0032764,Derrick Henry,RB,BAL,CIN,15,10.0,10.0,10.0
00-0032764,Derrick Henry,RB,BAL,NE,16,22.8,22.8,22.8
00-0032764,Derrick Henry,RB,BAL,GB,17,45.6,45.6,45.6
00-0032764,Derrick Henry,RB,BAL,PIT,18,12.6,12.6,12.6
00-0039424,Devaughn Vele,WR,NO,ARI,1,1.3,1.8,2.3
00-0039424,Devaughn Vele,WR,NO,SF,2,6.3,6.8,7.3
00-0039424,Devaughn Vele,WR,NO,NYG,5,1.3,2.3,3.3
00-0039424,Devaughn Vele,WR,NO,TB,8,1.0,1.5,2.0
00-0039424,Devaughn Vele,WR,NO,CAR,10,1.5,2.0,2.5
00-0039424,Devaughn Vele,WR,NO,ATL,12,3.7,5.2,6.7
00-0039424,Devaughn Vele,WR,NO,MIA,13,15.3,19.3,23.3
00-0039424,Devaughn Vele,WR,NO,TB,14,4.0,5.5,7.0
00-0039424,Devaughn Vele,WR,NO,CAR,15,6.9,9.4,11.9
00-0037487,Deven Thompkins,WR,ATL,BUF,6,0.0,0.0,0.0
00-0037487,Deven Thompkins,WR,ATL,NYJ,13,2.8,3.8,4.8
00-0037487,Deven Thompkins,WR,ATL,SEA,14,0.4,0.9,1.4
00-0037487,Deven Thompkins,WR,ATL,TB,15,0.0,0.0,0.0
00-0037487,Deven Thompkins,WR,ATL,ARI,16,0.0,0.0,0.0
00-0037487,Deven Thompkins,WR,ATL,LA,17,0.0,0.0,0.0
00-0037487,Deven Thompkins,WR,ATL,NO,18,0.0,0.0,0.0
00-0039754,Devin Culp,TE,TB,PHI,4,0.0,0.0,0.0
00-0039754,Devin Culp,TE,TB,SF,6,0.0,0.0,0.0
00-0039754,Devin Culp,TE,TB,ARI,13,0.0,0.0,0.0
00-0039754,Devin Culp,TE,TB,ATL,15,6.6,7.1,7.6
00-0036331,Devin Duvernay,WR,CHI,MIN,1,0.0,0.0,0.0
00-0036331,Devin Duvernay,WR,CHI,DET,2,0.0,0.0,0.0
00-0036331,Devin Duvernay,WR,CHI,DAL,3,0.0,0.0,0.0
00-0036331,Devin Duvernay,WR,CHI,LV,4,0.0,0.0,0.0
00-0036331,Devin Duvernay,WR,CHI,WAS,6,0.0,0.0,0.0
00-0036331,Devin Duvernay,WR,CHI,NO,7,0.0,0.0,0.0
00-0036331,Devin Duvernay,WR,CHI,BAL,8,0.2,0.7,1.2
00-0036331,Devin Duvernay,WR,CHI,CIN,9,0.0,0.0,0.0
00-0036331,Devin Duvernay,WR,CHI,NYG,10,0.0,0.0,0.0
00-0036331,Devin Duvernay,WR,CHI,MIN,11,0.0,0.0,0.0
00-0036331,Devin Duvernay,WR,CHI,PIT,12,0.0,0.0,0.0
00-0036331,Devin Duvernay,WR,CHI,PHI,13,0.0,0.0,0.0
00-0036331,Devin Duvernay,WR,CHI,GB,14,2.4,2.9,3.4
00-0036331,Devin Duvernay,WR,CHI,CLE,15,0.0,0.0,0.0
00-0036331,Devin Duvernay,WR,CHI,GB,16,0.0,0.0,0.0
00-0036331,Devin Duvernay,WR,CHI,SF,17,0.0,0.0,0.0
00-0036331,Devin Duvernay,WR,CHI,DET,18,0.0,0.0,0.0
00-0040202,Devin Neal,RB,NO,ARI,1,0.9,0.9,0.9
00-0040202,Devin Neal,RB,NO,CHI,7,0.1,0.1,0.1
00-0040202,Devin Neal,RB,NO,TB,8,1.1,2.6,4.1
00-0040202,Devin Neal,RB,NO,LA,9,1.2,1.7,2.2
00-0040202,Devin Neal,RB,NO,CAR,10,3.1,4.6,6.1
00-0040202,Devin Neal,RB,NO,ATL,12,6.1,8.6,11.1
00-0040202,Devin Neal,RB,NO,MIA,13,6.9,8.4,9.9
00-0040202,Devin Neal,RB,NO,TB,14,14.4,14.9,15.4
00-0040202,Devin Neal,RB,NO,CAR,15,9.2,9.7,10.2
00-0035250,Devin Singletary,RB,NYG,WAS,1,0.9,0.9,0.9
00-0035250,Devin Singletary,RB,NYG,DAL,2,0.0,0.5,1.0
00-0035250,Devin Singletary,RB,NYG,KC,3,1.1,1.1,1.1
00-0035250,Devin Singletary,RB,NYG,LAC,4,2.8,2.8,2.8
00-0035250,Devin Singletary,RB,NYG,NO,5,2.4,2.9,3.4
00-0035250,Devin Singletary,RB,NYG,PHI,6,1.0,1.0,1.0
00-0035250,Devin Singletary,RB,NYG,DEN,7,0.2,0.2,0.2
00-0035250,Devin Singletary,RB,NYG,PHI,8,2.8,3.3,3.8
00-0035250,Devin Singletary,RB,NYG,SF,9,5.1,6.1,7.1
00-0035250,Devin Singletary,RB,NYG,CHI,10,7.3,8.8,10.3
00-0035250,Devin Singletary,RB,NYG,GB,11,16.7,17.2,17.7
00-0035250,Devin Singletary,RB,NYG,DET,12,4.7,4.7,4.7
00-0035250,Devin Singletary,RB,NYG,NE,13,16.2,17.7,19.2
00-0035250,Devin Singletary,RB,NYG,WAS,15,1.4,1.9,2.4
00-0035250,Devin Singletary,RB,NYG,MIN,16,4.6,5.1,5.6
00-0035250,Devin Singletary,RB,NYG,LV,17,13.0,15.0,17.0
00-0035250,Devin Singletary,RB,NYG,DAL,18,10.6,10.6,10.6
00-0039792,Devontez Walker,WR,BAL,CLE,2,14.6,15.6,16.6
00-0039792,Devontez Walker,WR,BAL,DET,3,3.4,3.9,4.4
00-0039792,Devontez Walker,WR,BAL,KC,4,0.0,0.0,0.0
00-0039792,Devontez Walker,WR,BAL,HOU,5,0.0,0.0,0.0
00-0039792,Devontez Walker,WR,BAL,NYJ,12,3.0,3.5,4.0
00-0039792,Devontez Walker,WR,BAL,CIN,13,0.0,0.0,0.0
00-0039792,Devontez Walker,WR,BAL,NE,16,0.0,0.0,0.0
00-0039792,Devontez Walker,WR,BAL,PIT,18,10.6,11.6,12.6
00-0040704,Dillon Gabriel,QB,CLE,BAL,2,4.8,4.8,4.8
00-0040704,Dillon Gabriel,QB,CLE,DET,4,0.0,0.0,0.0
00-0040704,Dillon Gabriel,QB,CLE,MIN,5,16.1,16.1,16.1
00-0040704,Dillon Gabriel,QB,CLE,PIT,6,8.8,8.8,8.8
00-0040704,Dillon Gabriel,QB,CLE,MIA,7,5.8,5.8,5.8
00-0040704,Dillon Gabriel,QB,CLE,NE,8,11.5,11.5,11.5
00-0040704,Dillon Gabriel,QB,CLE,NYJ,10,20.1,20.1,20.1
00-0040704,Dillon Gabriel,QB,CLE,BAL,11,2.9,2.9,2.9
00-0040704,Dillon Gabriel,QB,CLE,SF,13,0.0,0.0,0.0
00-0040704,Dillon Gabriel,QB,CLE,BUF,16,0.0,0.0,0.0
00-0040241,Dominic Lovett,WR,DET,KC,6,0.0,0.0,0.0
00-0040241,Dominic Lovett,WR,DET,WAS,10,0.0,0.0,0.0
00-0040581,Dont'e Thornton Jr.,WR,LV,NE,1,4.5,5.5,6.5
00-0040581,Dont'e Thornton Jr.,WR,LV,LAC,2,2.0,2.5,3.0
00-0040581,Dont'e Thornton Jr.,WR,LV,WAS,3,2.9,3.9,4.9
00-0040581,Dont'e Thornton Jr.,WR,LV,CHI,4,0.0,0.0,0.0
00-0040581,Dont'e Thornton Jr.,WR,LV,IND,5,0.0,0.0,0.0
00-0040581,Dont'e Thornton Jr.,WR,LV,KC,7,0.0,0.0,0.0
00-0040581,Dont'e Thornton Jr.,WR,LV,DEN,10,0.4,0.9,1.4
00-0040581,Dont'e Thornton Jr.,WR,LV,CLE,12,1.4,1.9,2.4
00-0040581,Dont'e Thornton Jr.,WR,LV,LAC,13,1.1,1.6,2.1
00-0040581,Dont'e Thornton Jr.,WR,LV,NYG,17,1.2,2.2,3.2
00-0040581,Dont'e Thornton Jr.,WR,LV,KC,18,0.0,0.0,0.0
00-0038393,Dontayvion Wicks,WR,GB,DET,1,3.0,4.0,5.0
00-0038393,Dontayvion Wicks,WR,GB,WAS,2,4.4,6.4,8.4
00-0038393,Dontayvion Wicks,WR,GB,CLE,3,2.1,3.1,4.1
00-0038393,Dontayvion Wicks,WR,GB,DAL,4,1.9,2.9,3.9
00-0038393,Dontayvion Wicks,WR,GB,CIN,6,1.5,2.5,3.5
00-0038393,Dontayvion Wicks,WR,GB,ARI,7,0.5,1.0,1.5
00-0038393,Dontayvion Wicks,WR,GB,PHI,10,3.8,5.8,7.8
00-0038393,Dontayvion Wicks,WR,GB,NYG,11,0.9,1.4,1.9
00-0038393,Dontayvion Wicks,WR,GB,MIN,12,3.2,4.2,5.2
00-0038393,Dontayvion Wicks,WR,GB,DET,13,22.0,25.0,28.0
00-0038393,Dontayvion Wicks,WR,GB,DEN,15,0.6,1.1,1.6
00-0038393,Dontayvion Wicks,WR,GB,CHI,16,1.2,2.2,3.2
00-0038393,Dontayvion Wicks,WR,GB,BAL,17,0.7,1.2,1.7
00-0040628,Drake Dabney,TE,GB,MIN,18,0.3,0.8,1.3
00-0037238,Drake London,WR,ATL,TB,1,5.5,9.5,13.5
00-0037238,Drake London,WR,ATL,MIN,2,2.9,4.4,5.9
00-0037238,Drake London,WR,ATL,CAR,3,5.5,8.0,10.5
00-0037238,Drake London,WR,ATL,WAS,4,17.0,21.0,25.0
00-0037238,Drake London,WR,ATL,BUF,6,21.8,26.8,31.8
00-0037238,Drake London,WR,ATL,SF,7,4.2,6.2,8.2
00-0037238,Drake London,WR,ATL,NE,9,29.8,34.3,38.8
00-0037238,Drake London,WR,ATL,IND,10,18.4,21.4,24.4
00-0037238,Drake London,WR,ATL,CAR,11,11.9,15.4,18.9
00-0037238,Drake London,WR,ATL,ARI,16,2.7,4.2,5.7
00-0037238,Drake London,WR,ATL,LA,17,0.4,0.9,1.4
00-0037238,Drake London,WR,ATL,NO,18,13.8,15.8,17.8
00-0039851,Drake Maye,QB,NE,LV,1,14.8,15.3,15.8
00-0039851,Drake Maye,QB,NE,MIA,2,26.3,26.3,26.3
00-0039851,Drake Maye,QB,NE,PIT,3,19.2,19.2,19.2
00-0039851,Drake Maye,QB,NE,CAR,4,23.2,23.2,23.2
00-0039851,Drake Maye,QB,NE,BUF,5,12.1,12.1,12.1
00-0039851,Drake Maye,QB,NE,NO,6,27.2,27.2,27.2
00-0039851,Drake Maye,QB,NE,TEN,7,23.1,23.1,23.1
00-0039851,Drake Maye,QB,NE,CLE,8,26.3,26.3,26.3
00-0039851,Drake Maye,QB,NE,ATL,9,16.4,16.4,16.4
00-0039851,Drake Maye,QB,NE,TB,10,18.1,18.1,18.1
00-0039851,Drake Maye,QB,NE,NYJ,11,15.4,15.4,15.4
00-0039851,Drake Maye,QB,NE,CIN,12,16.0,16.0,16.0
00-0039851,Drake Maye,QB,NE,NYG,13,20.5,20.5,20.5
00-0039851,Drake Maye,QB,NE,BUF,15,20.5,20.5,20.5
00-0039851,Drake Maye,QB,NE,BAL,16,23.7,23.7,23.7
00-0039851,Drake Maye,QB,NE,NYJ,17,32.4,32.4,32.4
00-0039851,Drake Maye,QB,NE,MIA,18,15.7,15.7,15.7
00-0035704,Drew Lock,QB,SEA,NO,3,0.5,0.5,0.5
00-0035704,Drew Lock,QB,SEA,ARI,10,-0.4,-0.4,-0.4
00-0035704,Drew Lock,QB,SEA,ATL,14,0.0,0.0,0.0
00-0035631,Drew Sample,TE,CIN,CLE,1,0.0,0.0,0.0
00-0035631,Drew Sample,TE,CIN,JAX,2,0.7,1.2,1.7
00-0035631,Drew Sample,TE,CIN,MIN,3,8.0,9.0,10.0
00-0035631,Drew Sample,TE,CIN,DET,5,-0.1,0.4,0.9
00-0035631,Drew Sample,TE,CIN,GB,6,-0.2,0.3,0.8
00-0035631,Drew Sample,TE,CIN,PIT,7,0.0,0.0,0.0
00-0035631,Drew Sample,TE,CIN,NE,12,0.0,0.5,1.0
00-0035631,Drew Sample,TE,CIN,BAL,13,1.7,2.2,2.7
00-0035631,Drew Sample,TE,CIN,BAL,15,1.2,2.2,3.2
00-0035631,Drew Sample,TE,CIN,MIA,16,3.1,4.1,5.1
00-0035631,Drew Sample,TE,CIN,ARI,17,0.8,1.3,1.8
00-0035631,Drew Sample,TE,CIN,CLE,18,1.7,3.2,4.7
00-0034798,Durham Smythe,TE,CHI,CIN,9,0.0,0.0,0.0
00-0034798,Durham Smythe,TE,CHI,MIN,11,0.8,1.3,1.8
00-0034798,Durham Smythe,TE,CHI,PIT,12,0.4,0.9,1.4
00-0034798,Durham Smythe,TE,CHI,GB,14,0.2,0.7,1.2
00-0034798,Durham Smythe,TE,CHI,CLE,15,0.0,0.0,0.0
00-0034798,Durham Smythe,TE,CHI,SF,17,1.1,1.6,2.1
00-0034798,Durham Smythe,TE,CHI,DET,18,0.0,0.0,0.0
00-0036626,Dyami Brown,WR,JAX,CAR,1,5.8,7.3,8.8
00-0036626,Dyami Brown,WR,JAX,CIN,2,12.6,15.1,17.6
00-0036626,Dyami Brown,WR,JAX,HOU,3,0.7,1.7,2.7
00-0036626,Dyami Brown,WR,JAX,KC,5,1.5,2.5,3.5
00-0036626,Dyami Brown,WR,JAX,SEA,6,2.0,3.0,4.0
00-0036626,Dyami Brown,WR,JAX,LA,7,5.0,6.0,7.0
00-0036626,Dyami Brown,WR,JAX,LV,9,2.9,4.4,5.9
00-0036626,Dyami Brown,WR,JAX,HOU,10,0.0,0.0,0.0
00-0036626,Dyami Brown,WR,JAX,LAC,11,0.0,0.0,0.0
00-0036626,Dyami Brown,WR,JAX,NYJ,15,-1.6,-1.6,-1.6
00-0036626,Dyami Brown,WR,JAX,TEN,18,0.8,1.3,1.8
00-0038953,Dylan Drummond,WR,ATL,NO,12,1.8,3.3,4.8
00-0038953,Dylan Drummond,WR,ATL,NYJ,13,0.3,0.8,1.3
00-0038953,Dylan Drummond,WR,ATL,SEA,14,2.1,3.6,5.1
00-0038953,Dylan Drummond,WR,ATL,TB,15,0.0,0.0,0.0
00-0038953,Dylan Drummond,WR,ATL,LA,17,0.0,0.0,0.0
00-0038953,Dylan Drummond,WR,ATL,NO,18,0.0,0.0,0.0
00-0039407,Dylan Laube,RB,LV,NE,1,0.0,0.0,0.0
00-0039407,Dylan Laube,RB,LV,LAC,2,1.7,2.7,3.7
00-0039407,Dylan Laube,RB,LV,WAS,3,0.2,0.2,0.2
00-0039407,Dylan Laube,RB,LV,CHI,4,0.0,0.0,0.0
00-0039407,Dylan Laube,RB,LV,IND,5,0.0,0.0,0.0
00-0039407,Dylan Laube,RB,LV,TEN,6,0.0,0.0,0.0
00-0039407,Dylan Laube,RB,LV,KC,7,0.4,0.9,1.4
00-0039407,Dylan Laube,RB,LV,JAX,9,0.0,0.0,0.0
00-0039407,Dylan Laube,RB,LV,DEN,10,0.0,0.0,0.0
00-0039407,Dylan Laube,RB,LV,DAL,11,0.0,0.0,0.0
00-0039407,Dylan Laube,RB,LV,CLE,12,0.0,0.0,0.0
00-0039407,Dylan Laube,RB,LV,LAC,13,0.0,0.0,0.0
00-0039407,Dylan Laube,RB,LV,DEN,14,0.0,0.0,0.0
00-0039407,Dylan Laube,RB,LV,PHI,15,0.4,0.4,0.4
00-0039407,Dylan Laube,RB,LV,HOU,16,0.0,0.0,0.0
00-0039407,Dylan Laube,RB,LV,NYG,17,0.0,0.0,0.0
00-0039407,Dylan Laube,RB,LV,KC,18,0.0,0.0,0.0
00-0040162,Dylan Sampson,RB,CLE,CIN,1,9.3,13.3,17.3
00-0040162,Dylan Sampson,RB,CLE,BAL,2,7.9,9.4,10.9
00-0040162,Dylan Sampson,RB,CLE,GB,3,0.2,0.2,0.2
00-0040162,Dylan Sampson,RB,CLE,DET,4,-0.2,-0.2,-0.2
00-0040162,Dylan Sampson,RB,CLE,MIN,5,0.2,0.7,1.2
00-0040162,Dylan Sampson,RB,CLE,PIT,6,2.4,3.4,4.4
00-0040162,Dylan Sampson,RB,CLE,MIA,7,1.7,2.2,2.7
00-0040162,Dylan Sampson,RB,CLE,NE,8,2.9,5.4,7.9
00-0040162,Dylan Sampson,RB,CLE,NYJ,10,-0.1,0.4,0.9
00-0040162,Dylan Sampson,RB,CLE,BAL,11,1.9,1.9,1.9
00-0040162,Dylan Sampson,RB,CLE,LV,12,14.2,15.2,16.2
00-0040162,Dylan Sampson,RB,CLE,SF,13,2.3,2.3,2.3
00-0040162,Dylan Sampson,RB,CLE,TEN,14,4.8,7.3,9.8
00-0040162,Dylan Sampson,RB,CLE,PIT,17,2.7,4.2,5.7
00-0040162,Dylan Sampson,RB,CLE,CIN,18,4.4,5.4,6.4
00-0038498,E.J. Jenkins,TE,PHI,MIN,7,0.0,0.0,0.0
00-0034173,Eddy Pineiro,K,SF,NO,2,9.0,9.0,9.0
00-0034173,Eddy Pineiro,K,SF,ARI,3,12.0,12.0,12.0
00-0034173,Eddy Pineiro,K,SF,JAX,4,7.0,7.0,7.0
00-0034173,Eddy Pineiro,K,SF,LA,5,17.0,17.0,17.0
00-0034173,Eddy Pineiro,K,SF,TB,6,18.0,18.0,18.0
00-0034173,Eddy Pineiro,K,SF,ATL,7,11.0,11.0,11.0
00-0034173,Eddy Pineiro,K,SF,HOU,8,1.0,1.0,1.0
00-0034173,Eddy Pineiro,K,SF,NYG,9,12.0,12.0,12.0
00-0034173,Eddy Pineiro,K,SF,LA,10,2.0,2.0,2.0
00-0034173,Eddy Pineiro,K,SF,ARI,11,13.0,13.0,13.0
00-0034173,Eddy Pineiro,K,SF,TEN,15,14.0,14.0,14.0
00-0034173,Eddy Pineiro,K,SF,IND,16,11.0,11.0,11.0
00-0034173,Eddy Pineiro,K,SF,CHI,17,6.0,6.0,6.0
00-0034173,Eddy Pineiro,K,SF,SEA,18,4.0,4.0,4.0
00-0040563,Efton Chism III,WR,NE,NO,6,0.0,0.0,0.0
00-0040563,Efton Chism III,WR,NE,TEN,7,0.0,0.0,0.0
00-0040563,Efton Chism III,WR,NE,ATL,9,0.0,0.0,0.0
00-0040563,Efton Chism III,WR,NE,TB,10,0.0,0.0,0.0
00-0040563,Efton Chism III,WR,NE,NYJ,11,0.0,0.0,0.0
00-0040563,Efton Chism III,WR,NE,NYG,13,0.0,0.0,0.0
00-0040563,Efton Chism III,WR,NE,NYJ,17,10.0,11.0,12.0
00-0040563,Efton Chism III,WR,NE,MIA,18,3.5,4.0,4.5
00-0040170,Elic Ayomanor,WR,TEN,DEN,1,1.3,2.3,3.3
00-0040170,Elic Ayomanor,WR,TEN,LA,2,11.6,13.6,15.6
00-0040170,Elic Ayomanor,WR,TEN,IND,3,9.8,11.8,13.8
00-0040170,Elic Ayomanor,WR,TEN,HOU,4,4.4,5.4,6.4
00-0040170,Elic Ayomanor,WR,TEN,ARI,5,1.8,2.8,3.8
00-0040170,Elic Ayomanor,WR,TEN,LV,6,2.7,4.2,5.7
00-0040170,Elic Ayomanor,WR,TEN,NE,7,2.9,3.9,4.9
00-0040170,Elic Ayomanor,WR,TEN,IND,8,5.2,7.2,9.2
00-0040170,Elic Ayomanor,WR,TEN,LAC,9,4.6,6.1,7.6
00-0040170,Elic Ayomanor,WR,TEN,HOU,11,1.1,2.1,3.1
00-0040170,Elic Ayomanor,WR,TEN,JAX,13,0.5,1.0,1.5
00-0040170,Elic Ayomanor,WR,TEN,CLE,14,7.4,7.9,8.4
00-0040170,Elic Ayomanor,WR,TEN,SF,15,1.7,2.2,2.7
00-0040170,Elic Ayomanor,WR,TEN,KC,16,5.8,7.3,8.8
00-0040170,Elic Ayomanor,WR,TEN,NO,17,9.7,11.7,13.7
00-0040170,Elic Ayomanor,WR,TEN,JAX,18,5.0,6.5,8.0
00-0040739,Elijah Arroyo,TE,SEA,SF,1,0.7,1.2,1.7
00-0040739,Elijah Arroyo,TE,SEA,PIT,2,3.1,4.1,5.1
00-0040739,Elijah Arroyo,TE,SEA,NO,3,0.0,0.0,0.0
00-0040739,Elijah Arroyo,TE,SEA,ARI,4,4.4,5.4,6.4
00-0040739,Elijah Arroyo,TE,SEA,TB,5,1.0,1.5,2.0
00-0040739,Elijah Arroyo,TE,SEA,JAX,6,0.6,1.1,1.6
00-0040739,Elijah Arroyo,TE,SEA,HOU,7,2.2,4.2,6.2
00-0040739,Elijah Arroyo,TE,SEA,WAS,9,8.9,9.9,10.9
00-0040739,Elijah Arroyo,TE,SEA,ARI,10,0.5,1.0,1.5
00-0040739,Elijah Arroyo,TE,SEA,LA,11,0.0,0.0,0.0
00-0040739,Elijah Arroyo,TE,SEA,TEN,12,0.5,1.0,1.5
00-0040739,Elijah Arroyo,TE,SEA,MIN,13,0.0,0.0,0.0
00-0040739,Elijah Arroyo,TE,SEA,ATL,14,0.0,0.0,0.0
00-0039041,Elijah Higgins,TE,ARI,NO,1,0.3,0.8,1.3
00-0039041,Elijah Higgins,TE,ARI,CAR,2,4.5,5.5,6.5
00-0039041,Elijah Higgins,TE,ARI,SF,3,0.7,1.2,1.7
00-0039041,Elijah Higgins,TE,ARI,SEA,4,0.0,0.0,0.0
00-0039041,Elijah Higgins,TE,ARI,TEN,5,1.0,2.0,3.0
00-0039041,Elijah Higgins,TE,ARI,IND,6,3.4,4.4,5.4
00-0039041,Elijah Higgins,TE,ARI,GB,7,0.3,0.8,1.3
00-0039041,Elijah Higgins,TE,ARI,DAL,9,3.0,4.5,6.0
00-0039041,Elijah Higgins,TE,ARI,SEA,10,1.9,2.9,3.9
00-0039041,Elijah Higgins,TE,ARI,SF,11,-0.9,0.1,1.1
00-0039041,Elijah Higgins,TE,ARI,JAX,12,0.0,0.0,0.0
00-0039041,Elijah Higgins,TE,ARI,TB,13,1.7,2.7,3.7
00-0039041,Elijah Higgins,TE,ARI,LA,14,0.0,0.5,1.0
00-0039041,Elijah Higgins,TE,ARI,HOU,15,0.3,0.8,1.3
00-0039041,Elijah Higgins,TE,ARI,ATL,16,9.1,12.6,16.1
00-0039041,Elijah Higgins,TE,ARI,CIN,17,0.0,0.0,0.0
00-0039041,Elijah Higgins,TE,ARI,LA,18,2.8,4.3,5.8
00-0036567,Elijah Mitchell,RB,KC,DEN,11,0.0,0.0,0.0
00-0036980,Elijah Moore,WR,BUF,BAL,1,1.1,1.6,2.1
00-0036980,Elijah Moore,WR,BUF,NYJ,2,9.7,10.2,10.7
00-0036980,Elijah Moore,WR,BUF,MIA,3,4.1,5.1,6.1
00-0036980,Elijah Moore,WR,BUF,NO,4,0.0,0.0,0.0
00-0036980,Elijah Moore,WR,BUF,ATL,6,0.0,0.0,0.0
00-0036980,Elijah Moore,WR,BUF,CAR,8,1.4,1.9,2.4
00-0036980,Elijah Moore,WR,BUF,KC,9,2.8,3.3,3.8
00-0036980,Elijah Moore,WR,BUF,MIA,10,0.8,1.8,2.8
00-0036980,Elijah Moore,WR,BUF,HOU,12,-0.3,0.2,0.7
00-0038797,Emanuel Wilson,RB,GB,DET,1,0.4,0.4,0.4
00-0038797,Emanuel Wilson,RB,GB,WAS,2,0.0,0.0,0.0
00-0038797,Emanuel Wilson,RB,GB,CLE,3,2.5,2.5,2.5
00-0038797,Emanuel Wilson,RB,GB,DAL,4,8.1,9.6,11.1
00-0038797,Emanuel Wilson,RB,GB,CIN,6,0.7,1.2,1.7
00-0038797,Emanuel Wilson,RB,GB,ARI,7,1.5,2.0,2.5
00-0038797,Emanuel Wilson,RB,GB,PIT,8,8.7,10.2,11.7
00-0038797,Emanuel Wilson,RB,GB,CAR,9,1.7,2.2,2.7
00-0038797,Emanuel Wilson,RB,GB,PHI,10,0.4,0.9,1.4
00-0038797,Emanuel Wilson,RB,GB,NYG,11,12.9,13.4,13.9
00-0038797,Emanuel Wilson,RB,GB,MIN,12,24.5,25.5,26.5
00-0038797,Emanuel Wilson,RB,GB,DET,13,1.4,1.4,1.4
00-0038797,Emanuel Wilson,RB,GB,CHI,14,1.0,1.0,1.0
00-0038797,Emanuel Wilson,RB,GB,DEN,15,0.3,0.3,0.3
00-0038797,Emanuel Wilson,RB,GB,CHI,16,8.2,8.2,8.2
00-0038797,Emanuel Wilson,RB,GB,BAL,17,2.4,2.9,3.4
00-0038797,Emanuel Wilson,RB,GB,MIN,18,4.8,5.3,5.8
00-0038705,Emari Demercado,RB,ARI,NO,1,0.0,0.0,0.0
00-0038705,Emari Demercado,RB,ARI,SF,3,0.0,0.0,0.0
00-0038705,Emari Demercado,RB,ARI,SEA,4,8.1,9.1,10.1
00-0038705,Emari Demercado,RB,ARI,TEN,5,6.1,6.1,6.1
00-0038705,Emari Demercado,RB,ARI,IND,6,0.1,0.1,0.1
00-0038705,Emari Demercado,RB,ARI,DAL,9,7.8,8.3,8.8
00-0038705,Emari Demercado,RB,ARI,SEA,10,10.4,11.9,13.4
00-0038705,Emari Demercado,RB,ARI,SF,11,2.0,3.0,4.0
00-0038705,Emari Demercado,RB,ARI,HOU,15,0.1,1.1,2.1
00-0038705,Emari Demercado,RB,ARI,ATL,16,3.0,3.0,3.0
00-0038705,Emari Demercado,RB,ARI,CIN,17,2.0,3.0,4.0
00-0038705,Emari Demercado,RB,ARI,LA,18,5.7,6.2,6.7
00-0040129,Emeka Egbuka,WR,TB,ATL,1,19.6,21.6,23.6
00-0040129,Emeka Egbuka,WR,TB,HOU,2,8.9,10.9,12.9
00-0040129,Emeka Egbuka,WR,TB,NYJ,3,8.5,11.5,14.5
00-0040129,Emeka Egbuka,WR,TB,PHI,4,16.1,18.1,20.1
00-0040129,Emeka Egbuka,WR,TB,SEA,5,24.3,27.8,31.3
00-0040129,Emeka Egbuka,WR,TB,SF,6,2.4,3.4,4.4
00-0040129,Emeka Egbuka,WR,TB,DET,7,5.8,7.8,9.8
00-0040129,Emeka Egbuka,WR,TB,NO,8,3.5,5.0,6.5
00-0040129,Emeka Egbuka,WR,TB,NE,10,17.5,20.5,23.5
00-0040129,Emeka Egbuka,WR,TB,BUF,11,4.0,6.5,9.0
00-0040129,Emeka Egbuka,WR,TB,LA,12,3.2,4.7,6.2
00-0040129,Emeka Egbuka,WR,TB,ARI,13,4.2,6.2,8.2
00-0040129,Emeka Egbuka,WR,TB,NO,14,1.5,2.5,3.5
00-0040129,Emeka Egbuka,WR,TB,ATL,15,6.4,8.4,10.4
00-0040129,Emeka Egbuka,WR,TB,CAR,16,4.0,4.5,5.0
00-0040129,Emeka Egbuka,WR,TB,MIA,17,2.0,3.5,5.0
00-0040129,Emeka Egbuka,WR,TB,CAR,18,0.8,1.3,1.8
00-0038396,Eric Gray,RB,NYG,DET,12,0.0,0.0,0.0
00-0033576,Eric Saubert,TE,SEA,SF,1,0.0,0.0,0.0
00-0033576,Eric Saubert,TE,SEA,PIT,2,0.0,0.0,0.0
00-0033576,Eric Saubert,TE,SEA,NO,3,1.2,1.7,2.2
00-0033576,Eric Saubert,TE,SEA,ARI,4,0.0,0.0,0.0
00-0033576,Eric Saubert,TE,SEA,JAX,6,0.0,0.0,0.0
00-0033576,Eric Saubert,TE,SEA,IND,15,0.9,1.4,1.9
00-0033576,Eric Saubert,TE,SEA,LA,16,2.0,2.0,2.0
00-0033576,Eric Saubert,TE,SEA,CAR,17,0.0,0.0,0.0
00-0033576,Eric Saubert,TE,SEA,SF,18,1.0,2.0,3.0
00-0033881,Evan Engram,TE,DEN,TEN,1,2.1,3.6,5.1
00-0033881,Evan Engram,TE,DEN,IND,2,1.2,1.7,2.2
00-0033881,Evan Engram,TE,DEN,CIN,4,2.9,4.9,6.9
00-0033881,Evan Engram,TE,DEN,PHI,5,9.3,11.3,13.3
00-0033881,Evan Engram,TE,DEN,NYJ,6,4.9,7.4,9.9
00-0033881,Evan Engram,TE,DEN,NYG,7,4.2,6.7,9.2
00-0033881,Evan Engram,TE,DEN,DAL,8,3.6,5.6,7.6
00-0033881,Evan Engram,TE,DEN,HOU,9,0.0,0.0,0.0
00-0033881,Evan Engram,TE,DEN,LV,10,1.2,2.2,3.2
00-0033881,Evan Engram,TE,DEN,KC,11,3.3,5.3,7.3
00-0033881,Evan Engram,TE,DEN,WAS,13,7.9,10.9,13.9
00-0033881,Evan Engram,TE,DEN,LV,14,0.8,1.8,2.8
00-0033881,Evan Engram,TE,DEN,GB,15,1.2,1.7,2.2
00-0033881,Evan Engram,TE,DEN,JAX,16,3.6,4.6,5.6
00-0033881,Evan Engram,TE,DEN,KC,17,2.1,4.1,6.1
00-0033881,Evan Engram,TE,DEN,LAC,18,4.5,6.0,7.5
00-0038397,Evan Hull,RB,NO,MIA,13,1.5,1.5,1.5
00-0038397,Evan Hull,RB,NO,TB,14,1.0,1.5,2.0
00-0038397,Evan Hull,RB,NO,CAR,15,1.2,1.2,1.2
00-0038397,Evan Hull,RB,NO,NYJ,16,0.3,0.3,0.3
00-0038397,Evan Hull,RB,NO,TEN,17,0.3,0.3,0.3
00-0038397,Evan Hull,RB,NO,ATL,18,1.1,1.1,1.1
00-0036854,Evan McPherson,K,CIN,CLE,1,5.0,5.0,5.0
00-0036854,Evan McPherson,K,CIN,JAX,2,7.0,7.0,7.0
00-0036854,Evan McPherson,K,CIN,MIN,3,5.0,5.0,5.0
00-0036854,Evan McPherson,K,CIN,DEN,4,3.0,3.0,3.0
00-0036854,Evan McPherson,K,CIN,DET,5,8.0,8.0,8.0
00-0036854,Evan McPherson,K,CIN,GB,6,3.0,3.0,3.0
00-0036854,Evan McPherson,K,CIN,PIT,7,17.0,17.0,17.0
00-0036854,Evan McPherson,K,CIN,NYJ,8,8.0,8.0,8.0
00-0036854,Evan McPherson,K,CIN,CHI,9,10.0,10.0,10.0
00-0036854,Evan McPherson,K,CIN,PIT,11,8.0,8.0,8.0
00-0036854,Evan McPherson,K,CIN,NE,12,12.0,12.0,12.0
00-0036854,Evan McPherson,K,CIN,BAL,13,24.0,24.0,24.0
00-0036854,Evan McPherson,K,CIN,BUF,14,4.0,4.0,4.0
00-0036854,Evan McPherson,K,CIN,BAL,15,0.0,0.0,0.0
00-0036854,Evan McPherson,K,CIN,MIA,16,10.0,10.0,10.0
00-0036854,Evan McPherson,K,CIN,ARI,17,8.0,8.0,8.0
00-0036854,Evan McPherson,K,CIN,CLE,18,-1.0,-1.0,-1.0
00-0036825,Feleipe Franks,TE,ATL,TB,1,0.0,0.0,0.0
00-0036825,Feleipe Franks,TE,ATL,WAS,4,0.0,0.0,0.0
00-0036825,Feleipe Franks,TE,ATL,BUF,6,0.2,0.2,0.2
00-0036825,Feleipe Franks,TE,ATL,MIA,8,0.0,0.0,0.0
00-0036825,Feleipe Franks,TE,ATL,NE,9,0.0,0.0,0.0
00-0036825,Feleipe Franks,TE,ATL,IND,10,0.0,0.0,0.0
00-0036825,Feleipe Franks,TE,ATL,CAR,11,0.0,0.0,0.0
00-0036825,Feleipe Franks,TE,ATL,NO,12,0.2,0.2,0.2
00-0036825,Feleipe Franks,TE,ATL,SEA,14,0.0,0.0,0.0
00-0036825,Feleipe Franks,TE,ATL,NO,18,0.0,0.0,0.0
00-0034981,Foster Moreau,TE,NO,NE,6,0.9,1.4,1.9
00-0034981,Foster Moreau,TE,NO,TB,8,0.0,0.0,0.0
00-0034981,Foster Moreau,TE,NO,CAR,10,1.6,2.6,3.6
00-0034981,Foster Moreau,TE,NO,ATL,12,0.0,0.0,0.0
00-0034981,Foster Moreau,TE,NO,MIA,13,1.3,2.3,3.3
00-0034981,Foster Moreau,TE,NO,TB,14,1.6,2.1,2.6
00-0034981,Foster Moreau,TE,NO,NYJ,16,0.5,1.0,1.5
00-0036196,Gabe Davis,WR,BUF,TB,11,4.0,5.5,7.0
00-0036196,Gabe Davis,WR,BUF,HOU,12,2.2,2.7,3.2
00-0036196,Gabe Davis,WR,BUF,PIT,13,0.5,1.0,1.5
00-0036196,Gabe Davis,WR,BUF,CIN,14,2.1,3.1,4.1
00-0036196,Gabe Davis,WR,BUF,PHI,17,0.0,0.0,0.0
00-0036196,Gabe Davis,WR,BUF,NYJ,18,10.1,12.6,15.1
00-0040259,Gage Larvadain,WR,CLE,MIN,5,0.0,0.0,0.0
00-0040259,Gage Larvadain,WR,CLE,PIT,6,2.2,3.2,4.2
00-0040259,Gage Larvadain,WR,CLE,MIA,7,0.0,0.0,0.0
00-0040259,Gage Larvadain,WR,CLE,NE,8,0.3,0.3,0.3
00-0040259,Gage Larvadain,WR,CLE,NYJ,10,0.0,0.0,0.0
00-0040259,Gage Larvadain,WR,CLE,BAL,11,0.0,0.0,0.0
00-0040259,Gage Larvadain,WR,CLE,LV,12,0.0,0.0,0.0
00-0040259,Gage Larvadain,WR,CLE,SF,13,2.3,3.3,4.3
00-0040259,Gage Larvadain,WR,CLE,TEN,14,1.8,2.8,3.8
00-0040259,Gage Larvadain,WR,CLE,CHI,15,0.8,1.3,1.8
00-0040259,Gage Larvadain,WR,CLE,BUF,16,0.0,0.0,0.0
00-0040259,Gage Larvadain,WR,CLE,PIT,17,0.0,0.0,0.0
00-0040259,Gage Larvadain,WR,CLE,CIN,18,0.0,0.0,0.0
00-0035289,Gardner Minshew,QB,KC,BAL,4,-0.3,-0.3,-0.3
00-0035289,Gardner Minshew,QB,KC,LV,7,-0.3,-0.3,-0.3
00-0035289,Gardner Minshew,QB,KC,LAC,15,-1.1,-1.1,-1.1
00-0035289,Gardner Minshew,QB,KC,TEN,16,1.4,1.4,1.4
00-0037740,Garrett Wilson,WR,NYJ,PIT,1,15.5,19.0,22.5
00-0037740,Garrett Wilson,WR,NYJ,BUF,2,5.0,7.0,9.0
00-0037740,Garrett Wilson,WR,NYJ,TB,3,14.4,19.4,24.4
00-0037740,Garrett Wilson,WR,NYJ,MIA,4,14.2,17.2,20.2
00-0037740,Garrett Wilson,WR,NYJ,DAL,5,13.1,16.1,19.1
00-0037740,Garrett Wilson,WR,NYJ,DEN,6,1.3,2.8,4.3
00-0037740,Garrett Wilson,WR,NYJ,CLE,10,0.0,0.0,0.0
00-0036569,Gary Brightwell,RB,CIN,NE,12,0.0,0.0,0.0
00-0036569,Gary Brightwell,RB,CIN,BAL,13,0.0,0.0,0.0
00-0030565,Geno Smith,QB,LV,NE,1,17.5,17.5,17.5
00-0030565,Geno Smith,QB,LV,LAC,2,3.2,3.2,3.2
00-0030565,Geno Smith,QB,LV,WAS,3,26.1,26.1,26.1
00-0030565,Geno Smith,QB,LV,CHI,4,9.8,9.8,9.8
00-0030565,Geno Smith,QB,LV,IND,5,5.9,5.9,5.9
00-0030565,Geno Smith,QB,LV,TEN,6,8.7,8.7,8.7
00-0030565,Geno Smith,QB,LV,KC,7,2.8,2.8,2.8
00-0030565,Geno Smith,QB,LV,JAX,9,26.3,26.3,26.3
00-0030565,Geno Smith,QB,LV,DEN,10,4.4,4.4,4.4
00-0030565,Geno Smith,QB,LV,DAL,11,12.9,12.9,12.9
00-0030565,Geno Smith,QB,LV,CLE,12,14.2,14.2,14.2
00-0030565,Geno Smith,QB,LV,LAC,13,12.0,12.0,12.0
00-0030565,Geno Smith,QB,LV,DEN,14,9.0,9.0,9.0
00-0030565,Geno Smith,QB,LV,HOU,16,14.0,14.0,14.0
00-0030565,Geno Smith,QB,LV,NYG,17,7.1,7.1,7.1
00-0039299,George Holani,RB,SEA,SF,1,0.0,0.0,0.0
00-0039299,George Holani,RB,SEA,PIT,2,6.0,6.0,6.0
00-0039299,George Holani,RB,SEA,NO,3,2.2,3.2,4.2
00-0039299,George Holani,RB,SEA,ARI,4,0.0,0.0,0.0
00-0039299,George Holani,RB,SEA,TB,5,0.0,0.0,0.0
00-0039299,George Holani,RB,SEA,JAX,6,0.0,0.0,0.0
00-0039299,George Holani,RB,SEA,HOU,7,0.0,0.0,0.0
00-0039299,George Holani,RB,SEA,WAS,9,0.9,0.9,0.9
00-0039299,George Holani,RB,SEA,ARI,10,9.1,9.1,9.1
00-0039299,George Holani,RB,SEA,LA,11,0.6,0.6,0.6
00-0033288,George Kittle,TE,SF,SEA,1,8.5,10.5,12.5
00-0033288,George Kittle,TE,SF,ATL,7,0.0,0.0,0.0
00-0033288,George Kittle,TE,SF,HOU,8,10.3,12.3,14.3
00-0033288,George Kittle,TE,SF,NYG,9,2.9,4.9,6.9
00-0033288,George Kittle,TE,SF,LA,10,14.4,18.9,23.4
00-0033288,George Kittle,TE,SF,ARI,11,18.7,21.7,24.7
00-0033288,George Kittle,TE,SF,CAR,12,7.8,10.8,13.8
00-0033288,George Kittle,TE,SF,CLE,13,6.7,8.7,10.7
00-0033288,George Kittle,TE,SF,TEN,15,14.8,18.8,22.8
00-0033288,George Kittle,TE,SF,IND,16,17.5,21.0,24.5
00-0033288,George Kittle,TE,SF,SEA,18,2.9,5.4,7.9
00-0037247,George Pickens,WR,DAL,PHI,1,3.0,4.5,6.0
00-0037247,George Pickens,WR,DAL,NYG,2,12.8,15.3,17.8
00-0037247,George Pickens,WR,DAL,CHI,3,12.8,15.3,17.8
00-0037247,George Pickens,WR,DAL,GB,4,25.4,29.4,33.4
00-0037247,George Pickens,WR,DAL,NYJ,5,11.7,12.7,13.7
00-0037247,George Pickens,WR,DAL,CAR,6,22.8,27.3,31.8
00-0037247,George Pickens,WR,DAL,WAS,7,8.2,10.2,12.2
00-0037247,George Pickens,WR,DAL,DEN,8,7.8,11.3,14.8
00-0037247,George Pickens,WR,DAL,ARI,9,7.9,10.9,13.9
00-0037247,George Pickens,WR,DAL,LV,11,20.4,24.9,29.4
00-0037247,George Pickens,WR,DAL,PHI,12,20.6,25.1,29.6
00-0037247,George Pickens,WR,DAL,KC,13,10.8,13.8,16.8
00-0037247,George Pickens,WR,DAL,DET,14,3.7,6.2,8.7
00-0037247,George Pickens,WR,DAL,MIN,15,3.3,4.8,6.3
00-0037247,George Pickens,WR,DAL,LAC,16,19.0,22.5,26.0
00-0037247,George Pickens,WR,DAL,WAS,17,7.8,9.8,11.8
00-0037247,George Pickens,WR,DAL,NYG,18,0.9,1.4,1.9
00-0035956,Giovanni Ricci,TE,DET,LA,15,0.0,0.0,0.0
00-0035956,Giovanni Ricci,TE,DET,MIN,17,0.0,0.0,0.0
00-0026858,Graham Gano,K,NYG,WAS,1,8.0,8.0,8.0
00-0026858,Graham Gano,K,NYG,DAL,2,13.0,13.0,13.0
00-0026858,Graham Gano,K,NYG,KC,3,3.0,3.0,3.0
00-0026858,Graham Gano,K,NYG,PHI,8,9.0,9.0,9.0
00-0026858,Graham Gano,K,NYG,SF,9,5.0,5.0,5.0
00-0037086,Grant Calcaterra,TE,PHI,KC,2,0.6,1.1,1.6
00-0037086,Grant Calcaterra,TE,PHI,LA,3,0.0,0.0,0.0
00-0037086,Grant Calcaterra,TE,PHI,TB,4,1.6,2.1,2.6
00-0037086,Grant Calcaterra,TE,PHI,DEN,5,1.8,2.8,3.8
00-0037086,Grant Calcaterra,TE,PHI,GB,10,0.0,0.0,0.0
00-0037086,Grant Calcaterra,TE,PHI,DAL,12,0.8,1.3,1.8
00-0037086,Grant Calcaterra,TE,PHI,LV,15,0.4,0.9,1.4
00-0037086,Grant Calcaterra,TE,PHI,BUF,17,0.3,0.8,1.3
00-0037086,Grant Calcaterra,TE,PHI,WAS,18,8.1,9.1,10.1
00-0035500,Greg Dortch,WR,ARI,NO,1,-0.2,0.3,0.8
00-0035500,Greg Dortch,WR,ARI,CAR,2,1.1,1.6,2.1
00-0035500,Greg Dortch,WR,ARI,SF,3,0.8,1.8,2.8
00-0035500,Greg Dortch,WR,ARI,SEA,4,3.9,5.9,7.9
00-0035500,Greg Dortch,WR,ARI,TEN,5,1.2,2.2,3.2
00-0035500,Greg Dortch,WR,ARI,IND,6,6.9,8.4,9.9
00-0035500,Greg Dortch,WR,ARI,GB,7,0.5,1.5,2.5
00-0035500,Greg Dortch,WR,ARI,DAL,9,0.9,0.9,0.9
00-0035500,Greg Dortch,WR,ARI,SEA,10,6.2,6.2,6.2
00-0035500,Greg Dortch,WR,ARI,SF,11,12.6,15.6,18.6
00-0035500,Greg Dortch,WR,ARI,JAX,12,10.8,13.8,16.8
00-0035500,Greg Dortch,WR,ARI,TB,13,1.4,2.4,3.4
00-0037252,Greg Dulcich,TE,MIA,BAL,9,4.9,7.4,9.9
00-0037252,Greg Dulcich,TE,MIA,BUF,10,2.2,2.7,3.2
00-0037252,Greg Dulcich,TE,MIA,WAS,11,1.8,2.8,3.8
00-0037252,Greg Dulcich,TE,MIA,NO,13,2.4,3.4,4.4
00-0037252,Greg Dulcich,TE,MIA,NYJ,14,4.1,5.6,7.1
00-0037252,Greg Dulcich,TE,MIA,PIT,15,4.6,5.6,6.6
00-0037252,Greg Dulcich,TE,MIA,CIN,16,2.6,4.1,5.6
00-0037252,Greg Dulcich,TE,MIA,TB,17,11.1,13.6,16.1
00-0037252,Greg Dulcich,TE,MIA,NE,18,3.1,4.6,6.1
00-0040584,Gunnar Helm,TE,TEN,DEN,1,1.6,2.1,2.6
00-0040584,Gunnar Helm,TE,TEN,LA,2,0.9,1.9,2.9
00-0040584,Gunnar Helm,TE,TEN,IND,3,2.7,4.2,5.7
00-0040584,Gunnar Helm,TE,TEN,HOU,4,1.2,1.7,2.2
00-0040584,Gunnar Helm,TE,TEN,ARI,5,3.4,5.4,7.4
00-0040584,Gunnar Helm,TE,TEN,LV,6,1.5,2.5,3.5
00-0040584,Gunnar Helm,TE,TEN,NE,7,3.6,5.6,7.6
00-0040584,Gunnar Helm,TE,TEN,IND,8,8.3,9.3,10.3
00-0040584,Gunnar Helm,TE,TEN,LAC,9,1.5,2.0,2.5
00-0040584,Gunnar Helm,TE,TEN,HOU,11,2.9,4.9,6.9
00-0040584,Gunnar Helm,TE,TEN,SEA,12,5.1,8.1,11.1
00-0040584,Gunnar Helm,TE,TEN,JAX,13,2.3,5.3,8.3
00-0040584,Gunnar Helm,TE,TEN,CLE,14,0.8,1.3,1.8
00-0040584,Gunnar Helm,TE,TEN,SF,15,10.9,12.9,14.9
00-0040584,Gunnar Helm,TE,TEN,KC,16,0.9,1.9,2.9
00-0040584,Gunnar Helm,TE,TEN,NO,17,0.1,0.6,1.1
00-0035645,Gunner Olszewski,WR,NYG,WAS,1,0.0,0.0,0.0
00-0035645,Gunner Olszewski,WR,NYG,DAL,2,0.0,0.0,0.0
00-0035645,Gunner Olszewski,WR,NYG,KC,3,0.0,0.0,0.0
00-0035645,Gunner Olszewski,WR,NYG,LAC,4,0.0,0.0,0.0
00-0035645,Gunner Olszewski,WR,NYG,NO,5,0.0,0.0,0.0
00-0035645,Gunner Olszewski,WR,NYG,PHI,6,0.0,0.0,0.0
00-0035645,Gunner Olszewski,WR,NYG,DEN,7,0.0,0.0,0.0
00-0035645,Gunner Olszewski,WR,NYG,PHI,8,0.0,0.0,0.0
00-0035645,Gunner Olszewski,WR,NYG,SF,9,8.4,8.9,9.4
00-0035645,Gunner Olszewski,WR,NYG,CHI,10,0.0,0.0,0.0
00-0035645,Gunner Olszewski,WR,NYG,GB,11,0.0,0.0,0.0
00-0035645,Gunner Olszewski,WR,NYG,DET,12,5.3,5.3,5.3
00-0035645,Gunner Olszewski,WR,NYG,NE,13,0.0,0.0,0.0
00-0035645,Gunner Olszewski,WR,NYG,MIN,16,0.0,0.0,0.0
00-0035645,Gunner Olszewski,WR,NYG,LV,17,1.9,2.4,2.9
00-0035645,Gunner Olszewski,WR,NYG,DAL,18,10.2,14.2,18.2
00-0040663,Harold Fannin Jr.,TE,CLE,CIN,1,6.6,10.1,13.6
00-0040663,Harold Fannin Jr.,TE,CLE,BAL,2,4.8,7.3,9.8
00-0040663,Harold Fannin Jr.,TE,CLE,GB,3,2.5,4.0,5.5
00-0040663,Harold Fannin Jr.,TE,CLE,DET,4,2.5,3.5,4.5
00-0040663,Harold Fannin Jr.,TE,CLE,MIN,5,7.3,9.3,11.3
00-0040663,Harold Fannin Jr.,TE,CLE,PIT,6,8.1,11.6,15.1
00-0040663,Harold Fannin Jr.,TE,CLE,MIA,7,3.6,5.6,7.6
00-0040663,Harold Fannin Jr.,TE,CLE,NE,8,12.4,15.4,18.4
00-0040663,Harold Fannin Jr.,TE,CLE,NYJ,10,4.4,6.4,8.4
00-0040663,Harold Fannin Jr.,TE,CLE,BAL,11,2.6,3.6,4.6
00-0040663,Harold Fannin Jr.,TE,CLE,LV,12,4.4,6.4,8.4
00-0040663,Harold Fannin Jr.,TE,CLE,SF,13,8.3,9.8,11.3
00-0040663,Harold Fannin Jr.,TE,CLE,TEN,14,17.4,21.4,25.4
00-0040663,Harold Fannin Jr.,TE,CLE,CHI,15,5.0,8.5,12.0
00-0040663,Harold Fannin Jr.,TE,CLE,BUF,16,15.5,17.5,19.5
00-0040663,Harold Fannin Jr.,TE,CLE,PIT,17,9.0,10.0,11.0
00-0036232,Harrison Bryant,TE,HOU,TB,2,0.0,0.0,0.0
00-0036232,Harrison Bryant,TE,HOU,BAL,5,0.5,1.0,1.5
00-0036232,Harrison Bryant,TE,HOU,SEA,7,0.0,0.0,0.0
00-0036232,Harrison Bryant,TE,HOU,SF,8,0.0,0.0,0.0
00-0036232,Harrison Bryant,TE,HOU,DEN,9,0.2,0.7,1.2
00-0033303,Harrison Butker,K,KC,LAC,1,10.0,10.0,10.0
00-0033303,Harrison Butker,K,KC,PHI,2,6.0,6.0,6.0
00-0033303,Harrison Butker,K,KC,NYG,3,11.0,11.0,11.0
00-0033303,Harrison Butker,K,KC,BAL,4,12.0,12.0,12.0
00-0033303,Harrison Butker,K,KC,JAX,5,4.0,4.0,4.0
00-0033303,Harrison Butker,K,KC,DET,6,5.0,5.0,5.0
00-0033303,Harrison Butker,K,KC,LV,7,7.0,7.0,7.0
00-0033303,Harrison Butker,K,KC,WAS,8,4.0,4.0,4.0
00-0033303,Harrison Butker,K,KC,BUF,9,8.0,8.0,8.0
00-0033303,Harrison Butker,K,KC,DEN,11,7.0,7.0,7.0
00-0033303,Harrison Butker,K,KC,IND,12,16.0,16.0,16.0
00-0033303,Harrison Butker,K,KC,DAL,13,4.0,4.0,4.0
00-0033303,Harrison Butker,K,KC,HOU,14,3.0,3.0,3.0
00-0033303,Harrison Butker,K,KC,LAC,15,8.0,8.0,8.0
00-0033303,Harrison Butker,K,KC,TEN,16,11.0,11.0,11.0
00-0033303,Harrison Butker,K,KC,DEN,17,10.0,10.0,10.0
00-0033303,Harrison Butker,K,KC,LV,18,15.0,15.0,15.0
00-0039498,Harrison Mevis,K,LA,SF,10,6.0,6.0,6.0
00-0039498,Harrison Mevis,K,LA,SEA,11,3.0,3.0,3.0
00-0039498,Harrison Mevis,K,LA,TB,12,13.0,13.0,13.0
00-0039498,Harrison Mevis,K,LA,CAR,13,4.0,4.0,4.0
00-0039498,Harrison Mevis,K,LA,ARI,14,9.0,9.0,9.0
00-0039498,Harrison Mevis,K,LA,DET,15,12.0,12.0,12.0
00-0039498,Harrison Mevis,K,LA,SEA,16,13.0,13.0,13.0
00-0039498,Harrison Mevis,K,LA,ATL,17,6.0,6.0,6.0
00-0039498,Harrison Mevis,K,LA,ARI,18,15.0,15.0,15.0
00-0037617,Hassan Haskins,RB,LAC,KC,1,0.0,0.0,0.0
00-0037617,Hassan Haskins,RB,LAC,LV,2,0.0,0.0,0.0
00-0037617,Hassan Haskins,RB,LAC,DEN,3,0.0,0.0,0.0
00-0037617,Hassan Haskins,RB,LAC,NYG,4,0.0,0.0,0.0
00-0037617,Hassan Haskins,RB,LAC,WAS,5,1.5,2.0,2.5
00-0037617,Hassan Haskins,RB,LAC,MIA,6,2.3,2.8,3.3
00-0037617,Hassan Haskins,RB,LAC,IND,7,0.5,1.5,2.5
00-0037617,Hassan Haskins,RB,LAC,PHI,14,0.0,0.0,0.0
00-0037617,Hassan Haskins,RB,LAC,DAL,16,1.4,1.4,1.4
00-0037617,Hassan Haskins,RB,LAC,HOU,17,0.0,0.0,0.0
00-0037617,Hassan Haskins,RB,LAC,DEN,18,0.3,0.3,0.3
00-0039489,Hayden Rucci,TE,MIA,ATL,8,0.0,0.0,0.0
00-0033090,Hunter Henry,TE,NE,LV,1,6.6,8.6,10.6
00-0033090,Hunter Henry,TE,NE,MIA,2,0.9,1.4,1.9
00-0033090,Hunter Henry,TE,NE,PIT,3,21.0,25.0,29.0
00-0033090,Hunter Henry,TE,NE,CAR,4,9.9,10.9,11.9
00-0033090,Hunter Henry,TE,NE,BUF,5,4.6,5.6,6.6
00-0033090,Hunter Henry,TE,NE,NO,6,2.7,4.2,5.7
00-0033090,Hunter Henry,TE,NE,TEN,7,3.3,5.3,7.3
00-0033090,Hunter Henry,TE,NE,CLE,8,6.7,7.2,7.7
00-0033090,Hunter Henry,TE,NE,ATL,9,5.1,7.1,9.1
00-0033090,Hunter Henry,TE,NE,TB,10,0.9,1.4,1.9
00-0033090,Hunter Henry,TE,NE,NYJ,11,4.5,6.5,8.5
00-0033090,Hunter Henry,TE,NE,CIN,12,17.5,21.0,24.5
00-0033090,Hunter Henry,TE,NE,NYG,13,7.3,9.3,11.3
00-0033090,Hunter Henry,TE,NE,BUF,15,1.8,2.3,2.8
00-0033090,Hunter Henry,TE,NE,BAL,16,9.5,12.5,15.5
00-0033090,Hunter Henry,TE,NE,NYJ,17,10.9,12.4,13.9
00-0033090,Hunter Henry,TE,NE,MIA,18,5.6,8.1,10.6
00-0037004,Hunter Long,TE,JAX,CAR,1,6.6,7.1,7.6
00-0037004,Hunter Long,TE,JAX,HOU,3,1.2,2.2,3.2
00-0037004,Hunter Long,TE,JAX,SF,4,8.3,9.8,11.3
00-0037004,Hunter Long,TE,JAX,KC,5,0.3,0.8,1.3
00-0037004,Hunter Long,TE,JAX,SEA,6,1.9,2.9,3.9
00-0037004,Hunter Long,TE,JAX,LA,7,1.6,2.6,3.6
00-0037004,Hunter Long,TE,JAX,LV,9,0.6,1.1,1.6
00-0038738,Hunter Luepke,RB,DAL,NYG,2,0.0,0.0,0.0
00-0038738,Hunter Luepke,RB,DAL,GB,4,0.6,0.6,0.6
00-0038738,Hunter Luepke,RB,DAL,NYJ,5,1.0,1.5,2.0
00-0038738,Hunter Luepke,RB,DAL,CAR,6,6.7,7.7,8.7
00-0038738,Hunter Luepke,RB,DAL,WAS,7,0.3,0.8,1.3
00-0038738,Hunter Luepke,RB,DAL,DEN,8,0.2,0.2,0.2
00-0038738,Hunter Luepke,RB,DAL,ARI,9,0.0,0.0,0.0
00-0038738,Hunter Luepke,RB,DAL,LV,11,4.1,5.6,7.1
00-0038738,Hunter Luepke,RB,DAL,PHI,12,0.7,1.2,1.7
00-0038738,Hunter Luepke,RB,DAL,DET,14,0.0,0.0,0.0
00-0038738,Hunter Luepke,RB,DAL,MIN,15,3.0,4.0,5.0
00-0038738,Hunter Luepke,RB,DAL,LAC,16,1.4,1.9,2.4
00-0038738,Hunter Luepke,RB,DAL,WAS,17,4.4,4.9,5.4
00-0038738,Hunter Luepke,RB,DAL,NYG,18,1.6,2.1,2.6
00-0034983,Hunter Renfrow,WR,CAR,JAX,1,1.1,2.1,3.1
00-0034983,Hunter Renfrow,WR,CAR,ARI,2,16.8,20.3,23.8
00-0034983,Hunter Renfrow,WR,CAR,ATL,3,0.6,1.6,2.6
00-0034983,Hunter Renfrow,WR,CAR,NE,4,1.0,2.0,3.0
00-0034983,Hunter Renfrow,WR,CAR,MIA,5,0.7,1.2,1.7
00-0034983,Hunter Renfrow,WR,CAR,DAL,6,0.7,1.2,1.7
00-0034365,Ian Thomas,TE,LV,LAC,2,0.0,0.0,0.0
00-0034365,Ian Thomas,TE,LV,CHI,4,0.0,0.0,0.0
00-0034365,Ian Thomas,TE,LV,IND,5,2.0,3.5,5.0
00-0034365,Ian Thomas,TE,LV,TEN,6,0.4,0.9,1.4
00-0034365,Ian Thomas,TE,LV,JAX,9,0.9,1.4,1.9
00-0034365,Ian Thomas,TE,LV,DAL,11,2.0,2.5,3.0
00-0034365,Ian Thomas,TE,LV,CLE,12,3.6,5.6,7.6
00-0034365,Ian Thomas,TE,LV,LAC,13,0.8,1.3,1.8
00-0034365,Ian Thomas,TE,LV,DEN,14,1.7,2.7,3.7
00-0039363,Isaac Guerendo,RB,SF,SEA,1,0.0,0.0,0.0
00-0039363,Isaac Guerendo,RB,SF,NO,2,0.0,0.0,0.0
00-0039363,Isaac Guerendo,RB,SF,ARI,3,0.0,0.0,0.0
00-0039363,Isaac Guerendo,RB,SF,LA,5,0.0,0.0,0.0
00-0039363,Isaac Guerendo,RB,SF,ATL,7,0.0,0.0,0.0
00-0039363,Isaac Guerendo,RB,SF,NYG,9,0.0,0.0,0.0
00-0039363,Isaac Guerendo,RB,SF,CLE,13,0.0,0.0,0.0
00-0040669,Isaac TeSlaa,WR,DET,GB,1,7.3,7.8,8.3
00-0040669,Isaac TeSlaa,WR,DET,CHI,2,2.9,3.4,3.9
00-0040669,Isaac TeSlaa,WR,DET,BAL,3,0.0,0.0,0.0
00-0040669,Isaac TeSlaa,WR,DET,CIN,5,7.2,7.7,8.2
00-0040669,Isaac TeSlaa,WR,DET,TB,7,0.0,0.0,0.0
00-0040669,Isaac TeSlaa,WR,DET,WAS,10,1.1,1.6,2.1
00-0040669,Isaac TeSlaa,WR,DET,PHI,11,0.0,0.0,0.0
00-0040669,Isaac TeSlaa,WR,DET,NYG,12,0.0,0.0,0.0
00-0040669,Isaac TeSlaa,WR,DET,GB,13,9.5,10.5,11.5
00-0040669,Isaac TeSlaa,WR,DET,DAL,14,8.0,9.0,10.0
00-0040669,Isaac TeSlaa,WR,DET,LA,15,0.0,0.0,0.0
00-0040669,Isaac TeSlaa,WR,DET,PIT,16,11.2,13.2,15.2
00-0040669,Isaac TeSlaa,WR,DET,MIN,17,10.9,12.4,13.9
00-0040669,Isaac TeSlaa,WR,DET,CHI,18,1.8,2.3,2.8
00-0040782,Isaiah Bond,WR,CLE,CIN,1,0.5,1.0,1.5
00-0040782,Isaiah Bond,WR,CLE,BAL,2,1.5,2.0,2.5
00-0040782,Isaiah Bond,WR,CLE,GB,3,1.6,2.6,3.6
00-0040782,Isaiah Bond,WR,CLE,DET,4,5.8,7.3,8.8
00-0040782,Isaiah Bond,WR,CLE,MIN,5,2.9,3.9,4.9
00-0040782,Isaiah Bond,WR,CLE,PIT,6,0.9,1.9,2.9
00-0040782,Isaiah Bond,WR,CLE,NE,8,0.0,0.0,0.0
00-0040782,Isaiah Bond,WR,CLE,BAL,11,0.8,0.8,0.8
00-0040782,Isaiah Bond,WR,CLE,LV,12,5.8,6.8,7.8
00-0040782,Isaiah Bond,WR,CLE,SF,13,2.7,3.2,3.7
00-0040782,Isaiah Bond,WR,CLE,TEN,14,0.0,0.0,0.0
00-0040782,Isaiah Bond,WR,CLE,CHI,15,8.9,9.9,10.9
00-0040782,Isaiah Bond,WR,CLE,BUF,16,2.0,2.0,2.0
00-0040782,Isaiah Bond,WR,CLE,PIT,17,1.6,2.1,2.6
00-0040782,Isaiah Bond,WR,CLE,CIN,18,1.7,2.2,2.7
00-0039798,Isaiah Davis,RB,NYJ,PIT,1,1.8,1.8,1.8
00-0039798,Isaiah Davis,RB,NYJ,BUF,2,0.6,1.1,1.6
00-0039798,Isaiah Davis,RB,NYJ,TB,3,0.0,0.0,0.0
00-0039798,Isaiah Davis,RB,NYJ,MIA,4,2.7,3.7,4.7
00-0039798,Isaiah Davis,RB,NYJ,DAL,5,3.3,4.8,6.3
00-0039798,Isaiah Davis,RB,NYJ,DEN,6,0.1,0.6,1.1
00-0039798,Isaiah Davis,RB,NYJ,CAR,7,3.2,4.2,5.2
00-0039798,Isaiah Davis,RB,NYJ,CIN,8,12.9,15.4,17.9
00-0039798,Isaiah Davis,RB,NYJ,CLE,10,1.1,1.6,2.1
00-0039798,Isaiah Davis,RB,NYJ,NE,11,1.1,1.1,1.1
00-0039798,Isaiah Davis,RB,NYJ,BAL,12,0.7,0.7,0.7
00-0039798,Isaiah Davis,RB,NYJ,ATL,13,0.0,0.0,0.0
00-0039798,Isaiah Davis,RB,NYJ,MIA,14,2.2,2.2,2.2
00-0039798,Isaiah Davis,RB,NYJ,JAX,15,12.5,13.0,13.5
00-0039798,Isaiah Davis,RB,NYJ,NO,16,6.0,8.0,10.0
00-0039798,Isaiah Davis,RB,NYJ,NE,17,2.0,2.5,3.0
00-0036165,Isaiah Hodgins,WR,NYG,GB,11,5.7,8.2,10.7
00-0036165,Isaiah Hodgins,WR,NYG,DET,12,10.2,11.2,12.2
00-0036165,Isaiah Hodgins,WR,NYG,NE,13,0.4,0.9,1.4
00-0036165,Isaiah Hodgins,WR,NYG,WAS,15,0.4,0.9,1.4
00-0036165,Isaiah Hodgins,WR,NYG,LV,17,0.8,1.3,1.8
00-0036165,Isaiah Hodgins,WR,NYG,DAL,18,0.0,0.0,0.0
00-0037838,Isaiah Likely,TE,BAL,HOU,5,1.2,1.7,2.2
00-0037838,Isaiah Likely,TE,BAL,LA,6,0.6,1.6,2.6
00-0037838,Isaiah Likely,TE,BAL,CHI,8,0.8,1.8,2.8
00-0037838,Isaiah Likely,TE,BAL,MIA,9,6.0,7.5,9.0
00-0037838,Isaiah Likely,TE,BAL,MIN,10,1.7,2.7,3.7
00-0037838,Isaiah Likely,TE,BAL,CLE,11,1.5,2.5,3.5
00-0037838,Isaiah Likely,TE,BAL,NYJ,12,1.0,1.5,2.0
00-0037838,Isaiah Likely,TE,BAL,CIN,13,7.5,10.0,12.5
00-0037838,Isaiah Likely,TE,BAL,PIT,14,8.5,10.5,12.5
00-0037838,Isaiah Likely,TE,BAL,NE,16,0.0,0.0,0.0
00-0037838,Isaiah Likely,TE,BAL,GB,17,2.7,4.2,5.7
00-0037838,Isaiah Likely,TE,BAL,PIT,18,3.2,4.2,5.2
00-0039451,Isaiah Williams,WR,NYJ,BUF,2,0.0,0.0,0.0
00-0039451,Isaiah Williams,WR,NYJ,TB,3,0.0,0.0,0.0
00-0039451,Isaiah Williams,WR,NYJ,MIA,4,0.0,0.0,0.0
00-0039451,Isaiah Williams,WR,NYJ,DEN,6,0.0,0.0,0.0
00-0039451,Isaiah Williams,WR,NYJ,CAR,7,0.0,0.0,0.0
00-0039451,Isaiah Williams,WR,NYJ,CIN,8,5.6,7.1,8.6
00-0039451,Isaiah Williams,WR,NYJ,CLE,10,6.4,6.9,7.4
00-0039451,Isaiah Williams,WR,NYJ,NE,11,0.6,1.1,1.6
00-0039451,Isaiah Williams,WR,NYJ,BAL,12,0.0,0.0,0.0
00-0039451,Isaiah Williams,WR,NYJ,ATL,13,0.0,0.0,0.0
00-0039451,Isaiah Williams,WR,NYJ,MIA,14,8.4,9.4,10.4
00-0039451,Isaiah Williams,WR,NYJ,JAX,15,5.3,8.3,11.3
00-0039451,Isaiah Williams,WR,NYJ,NO,16,2.5,4.5,6.5
00-0039451,Isaiah Williams,WR,NYJ,NE,17,3.5,5.5,7.5
00-0039451,Isaiah Williams,WR,NYJ,BUF,18,2.4,4.9,7.4
00-0037197,Isiah Pacheco,RB,KC,LAC,1,2.8,3.8,4.8
00-0037197,Isiah Pacheco,RB,KC,PHI,2,2.9,3.4,3.9
00-0037197,Isiah Pacheco,RB,KC,NYG,3,4.8,5.3,5.8
00-0037197,Isiah Pacheco,RB,KC,BAL,4,10.8,11.8,12.8
00-0037197,Isiah Pacheco,RB,KC,JAX,5,5.6,7.1,8.6
00-0037197,Isiah Pacheco,RB,KC,DET,6,5.1,5.6,6.1
00-0037197,Isiah Pacheco,RB,KC,LV,7,11.4,11.9,12.4
00-0037197,Isiah Pacheco,RB,KC,WAS,8,5.8,5.8,5.8
00-0037197,Isiah Pacheco,RB,KC,DAL,13,3.3,4.3,5.3
00-0037197,Isiah Pacheco,RB,KC,HOU,14,3.0,3.0,3.0
00-0037197,Isiah Pacheco,RB,KC,LAC,15,2.1,2.1,2.1
00-0037197,Isiah Pacheco,RB,KC,TEN,16,7.5,10.5,13.5
00-0037197,Isiah Pacheco,RB,KC,DEN,17,3.2,3.2,3.2
00-0039923,J.J. McCarthy,QB,MIN,CHI,1,22.2,22.2,22.2
00-0039923,J.J. McCarthy,QB,MIN,ATL,2,2.8,2.8,2.8
00-0039923,J.J. McCarthy,QB,MIN,DET,9,18.9,18.9,18.9
00-0039923,J.J. McCarthy,QB,MIN,BAL,10,14.7,14.7,14.7
00-0039923,J.J. McCarthy,QB,MIN,CHI,11,6.0,6.0,6.0
00-0039923,J.J. McCarthy,QB,MIN,GB,12,0.5,0.5,0.5
00-0039923,J.J. McCarthy,QB,MIN,WAS,14,20.4,20.4,20.4
00-0039923,J.J. McCarthy,QB,MIN,DAL,15,23.5,23.5,23.5
00-0039923,J.J. McCarthy,QB,MIN,NYG,16,8.3,8.3,8.3
00-0039923,J.J. McCarthy,QB,MIN,GB,18,8.0,8.0,8.0
00-0036158,J.K. Dobbins,RB,DEN,TEN,1,12.8,13.8,14.8
00-0036158,J.K. Dobbins,RB,DEN,IND,2,14.5,15.0,15.5
00-0036158,J.K. Dobbins,RB,DEN,LAC,3,14.3,14.8,15.3
00-0036158,J.K. Dobbins,RB,DEN,CIN,4,10.5,11.0,11.5
00-0036158,J.K. Dobbins,RB,DEN,PHI,5,14.4,14.9,15.4
00-0036158,J.K. Dobbins,RB,DEN,NYJ,6,4.0,4.0,4.0
00-0036158,J.K. Dobbins,RB,DEN,NYG,7,8.0,8.5,9.0
00-0036158,J.K. Dobbins,RB,DEN,DAL,8,12.1,13.1,14.1
00-0036158,J.K. Dobbins,RB,DEN,HOU,9,5.9,6.4,6.9
00-0036158,J.K. Dobbins,RB,DEN,LV,10,8.4,8.9,9.4
00-0036900,Ja'Marr Chase,WR,CIN,CLE,1,2.6,3.6,4.6
00-0036900,Ja'Marr Chase,WR,CIN,JAX,2,22.5,29.5,36.5
00-0036900,Ja'Marr Chase,WR,CIN,MIN,3,3.9,6.4,8.9
00-0036900,Ja'Marr Chase,WR,CIN,DEN,4,2.3,4.8,7.3
00-0036900,Ja'Marr Chase,WR,CIN,DET,5,23.0,26.0,29.0
00-0036900,Ja'Marr Chase,WR,CIN,GB,6,15.1,20.1,25.1
00-0036900,Ja'Marr Chase,WR,CIN,PIT,7,22.1,30.1,38.1
00-0036900,Ja'Marr Chase,WR,CIN,NYJ,8,9.1,15.1,21.1
00-0036900,Ja'Marr Chase,WR,CIN,CHI,9,11.1,14.1,17.1
00-0036900,Ja'Marr Chase,WR,CIN,PIT,11,3.0,4.5,6.0
00-0036900,Ja'Marr Chase,WR,CIN,BAL,13,11.0,14.5,18.0
00-0036900,Ja'Marr Chase,WR,CIN,BUF,14,5.2,7.7,10.2
00-0036900,Ja'Marr Chase,WR,CIN,BAL,15,13.2,18.2,23.2
00-0036900,Ja'Marr Chase,WR,CIN,MIA,16,10.9,15.4,19.9
00-0036900,Ja'Marr Chase,WR,CIN,ARI,17,18.0,21.5,25.0
00-0036900,Ja'Marr Chase,WR,CIN,CLE,18,15.6,19.6,23.6
00-0039356,Ja'Tavion Sanders,TE,CAR,JAX,1,2.7,3.7,4.7
00-0039356,Ja'Tavion Sanders,TE,CAR,ARI,2,5.4,8.9,12.4
00-0039356,Ja'Tavion Sanders,TE,CAR,ATL,3,1.1,2.1,3.1
00-0039356,Ja'Tavion Sanders,TE,CAR,NYJ,7,0.0,0.0,0.0
00-0039356,Ja'Tavion Sanders,TE,CAR,BUF,8,1.9,3.4,4.9
00-0039356,Ja'Tavion Sanders,TE,CAR,GB,9,0.5,1.0,1.5
00-0039356,Ja'Tavion Sanders,TE,CAR,NO,10,3.2,5.7,8.2
00-0039356,Ja'Tavion Sanders,TE,CAR,ATL,11,2.2,4.2,6.2
00-0039356,Ja'Tavion Sanders,TE,CAR,SF,12,0.6,1.1,1.6
00-0039356,Ja'Tavion Sanders,TE,CAR,LA,13,0.0,0.0,0.0
00-0039356,Ja'Tavion Sanders,TE,CAR,NO,15,0.5,1.5,2.5
00-0039356,Ja'Tavion Sanders,TE,CAR,TB,16,6.9,7.9,8.9
00-0040067,Jacardia Wright,RB,SEA,NO,3,2.0,2.0,2.0
00-0040729,Jack Bech,WR,LV,NE,1,2.3,2.8,3.3
00-0040729,Jack Bech,WR,LV,WAS,3,1.0,1.5,2.0
00-0040729,Jack Bech,WR,LV,CHI,4,0.0,0.0,0.0
00-0040729,Jack Bech,WR,LV,IND,5,2.7,4.2,5.7
00-0040729,Jack Bech,WR,LV,TEN,6,0.0,0.0,0.0
00-0040729,Jack Bech,WR,LV,KC,7,1.3,2.3,3.3
00-0040729,Jack Bech,WR,LV,JAX,9,0.0,0.0,0.0
00-0040729,Jack Bech,WR,LV,DEN,10,0.0,0.0,0.0
00-0040729,Jack Bech,WR,LV,DAL,11,1.9,2.4,2.9
00-0040729,Jack Bech,WR,LV,LAC,13,2.2,3.2,4.2
00-0040729,Jack Bech,WR,LV,DEN,14,5.0,8.0,11.0
00-0040729,Jack Bech,WR,LV,PHI,15,1.7,2.7,3.7
00-0040729,Jack Bech,WR,LV,HOU,16,4.3,5.3,6.3
00-0040729,Jack Bech,WR,LV,KC,18,0.0,0.0,0.0
00-0036741,Jack Stoll,TE,NO,ARI,1,0.0,0.0,0.0
00-0036741,Jack Stoll,TE,NO,SEA,3,8.1,9.1,10.1
00-0036741,Jack Stoll,TE,NO,BUF,4,0.7,1.2,1.7
00-0036741,Jack Stoll,TE,NO,CHI,7,0.0,0.0,0.0
00-0036741,Jack Stoll,TE,NO,TB,8,0.0,0.0,0.0
00-0036741,Jack Stoll,TE,NO,ATL,12,0.7,1.2,1.7
00-0036741,Jack Stoll,TE,NO,TB,14,0.0,0.0,0.0
00-0036741,Jack Stoll,TE,NO,CAR,15,0.7,1.2,1.7
00-0036741,Jack Stoll,TE,NO,NYJ,16,0.4,0.9,1.4
00-0039305,Jack Westover,TE,NE,ATL,9,0.0,0.0,0.0
00-0039305,Jack Westover,TE,NE,TB,10,0.0,0.0,0.0
00-0039305,Jack Westover,TE,NE,NYJ,11,0.0,0.0,0.0
00-0039305,Jack Westover,TE,NE,MIA,18,0.0,0.5,1.0
00-0040194,Jackson Hawes,TE,BUF,BAL,1,2.9,3.4,3.9
00-0040194,Jackson Hawes,TE,BUF,NYJ,2,0.5,1.0,1.5
00-0040194,Jackson Hawes,TE,BUF,MIA,3,6.5,7.0,7.5
00-0040194,Jackson Hawes,TE,BUF,NO,4,1.5,2.0,2.5
00-0040194,Jackson Hawes,TE,BUF,CAR,8,1.5,2.5,3.5
00-0040194,Jackson Hawes,TE,BUF,KC,9,1.8,2.3,2.8
00-0040194,Jackson Hawes,TE,BUF,MIA,10,8.6,9.1,9.6
00-0040194,Jackson Hawes,TE,BUF,HOU,12,2.6,3.6,4.6
00-0040194,Jackson Hawes,TE,BUF,PIT,13,1.0,1.5,2.0
00-0040194,Jackson Hawes,TE,BUF,CIN,14,6.3,6.8,7.3
00-0040194,Jackson Hawes,TE,BUF,NE,15,0.9,1.4,1.9
00-0040194,Jackson Hawes,TE,BUF,CLE,16,2.6,3.6,4.6
00-0040194,Jackson Hawes,TE,BUF,NYJ,18,0.0,0.5,1.0
00-0038896,Jacob Saylors,RB,DET,GB,1,0.0,0.0,0.0
00-0038896,Jacob Saylors,RB,DET,CHI,2,0.0,0.0,0.0
00-0038896,Jacob Saylors,RB,DET,BAL,3,0.0,0.0,0.0
00-0038896,Jacob Saylors,RB,DET,CLE,4,1.1,1.1,1.1
00-0038896,Jacob Saylors,RB,DET,CIN,5,0.0,0.0,0.0
00-0038896,Jacob Saylors,RB,DET,TB,7,0.0,0.0,0.0
00-0038896,Jacob Saylors,RB,DET,MIN,9,0.0,0.0,0.0
00-0038896,Jacob Saylors,RB,DET,PHI,11,0.0,0.0,0.0
00-0038896,Jacob Saylors,RB,DET,NYG,12,0.0,0.0,0.0
00-0038896,Jacob Saylors,RB,DET,DAL,14,0.0,0.0,0.0
00-0038896,Jacob Saylors,RB,DET,PIT,16,0.0,0.0,0.0
00-0033119,Jacoby Brissett,QB,ARI,CAR,2,0.2,0.2,0.2
00-0033119,Jacoby Brissett,QB,ARI,TEN,5,0.0,0.0,0.0
00-0033119,Jacoby Brissett,QB,ARI,IND,6,20.7,20.7,20.7
00-0033119,Jacoby Brissett,QB,ARI,GB,7,19.8,19.8,19.8
00-0033119,Jacoby Brissett,QB,ARI,DAL,9,24.8,24.8,24.8
00-0033119,Jacoby Brissett,QB,ARI,SEA,10,19.4,19.4,19.4
00-0033119,Jacoby Brissett,QB,ARI,SF,11,21.9,21.9,21.9
00-0033119,Jacoby Brissett,QB,ARI,JAX,12,18.7,18.7,18.7
00-0033119,Jacoby Brissett,QB,ARI,TB,13,19.6,19.6,19.6
00-0033119,Jacoby Brissett,QB,ARI,LA,14,19.0,19.0,19.0
00-0033119,Jacoby Brissett,QB,ARI,HOU,15,20.6,20.6,20.6
00-0033119,Jacoby Brissett,QB,ARI,ATL,16,10.6,10.6,10.6
00-0033119,Jacoby Brissett,QB,ARI,CIN,17,16.5,16.5,16.5
00-0033119,Jacoby Brissett,QB,ARI,LA,18,15.6,15.6,15.6
00-0040317,Jacoby Jones,WR,WAS,MIA,11,2.5,3.0,3.5
00-0040242,Jacory Croskey-Merritt,RB,WAS,NYG,1,14.2,14.2,14.2
00-0040242,Jacory Croskey-Merritt,RB,WAS,GB,2,1.7,1.7,1.7
00-0040242,Jacory Croskey-Merritt,RB,WAS,LV,3,9.1,9.6,10.1
00-0040242,Jacory Croskey-Merritt,RB,WAS,ATL,4,5.7,6.7,7.7
00-0040242,Jacory Croskey-Merritt,RB,WAS,LAC,5,25.0,26.0,27.0
00-0040242,Jacory Croskey-Merritt,RB,WAS,CHI,6,4.8,5.3,5.8
00-0040242,Jacory Croskey-Merritt,RB,WAS,DAL,7,3.2,3.7,4.2
00-0040242,Jacory Croskey-Merritt,RB,WAS,KC,8,2.5,2.5,2.5
00-0040242,Jacory Croskey-Merritt,RB,WAS,SEA,9,4.1,4.6,5.1
00-0040242,Jacory Croskey-Merritt,RB,WAS,DET,10,3.0,3.0,3.0
00-0040242,Jacory Croskey-Merritt,RB,WAS,MIA,11,3.3,3.8,4.3
00-0040242,Jacory Croskey-Merritt,RB,WAS,DEN,13,2.0,2.0,2.0
00-0040242,Jacory Croskey-Merritt,RB,WAS,MIN,14,3.2,3.2,3.2
00-0040242,Jacory Croskey-Merritt,RB,WAS,NYG,15,15.6,15.6,15.6
00-0040242,Jacory Croskey-Merritt,RB,WAS,PHI,16,8.5,8.5,8.5
00-0040242,Jacory Croskey-Merritt,RB,WAS,DAL,17,22.5,22.5,22.5
00-0040242,Jacory Croskey-Merritt,RB,WAS,PHI,18,2.9,2.9,2.9
00-0037741,Jahan Dotson,WR,PHI,DAL,1,5.9,7.4,8.9
00-0037741,Jahan Dotson,WR,PHI,KC,2,0.4,0.9,1.4
00-0037741,Jahan Dotson,WR,PHI,LA,3,0.7,1.2,1.7
00-0037741,Jahan Dotson,WR,PHI,TB,4,0.0,0.0,0.0
00-0037741,Jahan Dotson,WR,PHI,DEN,5,2.4,2.9,3.4
00-0037741,Jahan Dotson,WR,PHI,NYG,6,1.7,2.2,2.7
00-0037741,Jahan Dotson,WR,PHI,NYG,8,10.0,10.5,11.0
00-0037741,Jahan Dotson,WR,PHI,GB,10,0.0,0.0,0.0
00-0037741,Jahan Dotson,WR,PHI,DET,11,4.3,5.3,6.3
00-0037741,Jahan Dotson,WR,PHI,DAL,12,0.0,0.0,0.0
00-0037741,Jahan Dotson,WR,PHI,CHI,13,1.2,1.7,2.2
00-0037741,Jahan Dotson,WR,PHI,LAC,14,0.3,0.8,1.3
00-0037741,Jahan Dotson,WR,PHI,WAS,16,1.3,2.8,4.3
00-0037741,Jahan Dotson,WR,PHI,BUF,17,0.0,0.0,0.0
00-0037741,Jahan Dotson,WR,PHI,WAS,18,4.0,5.5,7.0
00-0040277,Jahdae Walker,WR,CHI,LV,4,0.0,0.0,0.0
00-0040277,Jahdae Walker,WR,CHI,BAL,8,0.0,0.0,0.0
00-0040277,Jahdae Walker,WR,CHI,CIN,9,0.0,0.0,0.0
00-0040277,Jahdae Walker,WR,CHI,GB,16,8.1,9.1,10.1
00-0040277,Jahdae Walker,WR,CHI,SF,17,3.0,4.0,5.0
00-0040277,Jahdae Walker,WR,CHI,DET,18,9.6,10.6,11.6
00-0039139,Jahmyr Gibbs,RB,DET,GB,1,5.0,10.0,15.0
00-0039139,Jahmyr Gibbs,RB,DET,CHI,2,16.4,17.9,19.4
00-0039139,Jahmyr Gibbs,RB,DET,BAL,3,21.9,24.4,26.9
00-0039139,Jahmyr Gibbs,RB,DET,CLE,4,15.7,16.7,17.7
00-0039139,Jahmyr Gibbs,RB,DET,CIN,5,14.7,15.7,16.7
00-0039139,Jahmyr Gibbs,RB,DET,KC,6,6.5,7.0,7.5
00-0039139,Jahmyr Gibbs,RB,DET,TB,7,33.8,35.3,36.8
00-0039139,Jahmyr Gibbs,RB,DET,MIN,9,2.8,4.3,5.8
00-0039139,Jahmyr Gibbs,RB,DET,WAS,10,35.2,36.7,38.2
00-0039139,Jahmyr Gibbs,RB,DET,PHI,11,14.6,17.1,19.6
00-0039139,Jahmyr Gibbs,RB,DET,NYG,12,44.4,49.9,55.4
00-0039139,Jahmyr Gibbs,RB,DET,GB,13,8.6,10.1,11.6
00-0039139,Jahmyr Gibbs,RB,DET,DAL,14,30.0,33.5,37.0
00-0039139,Jahmyr Gibbs,RB,DET,LA,15,5.8,7.8,9.8
00-0039139,Jahmyr Gibbs,RB,DET,PIT,16,12.8,17.8,22.8
00-0039139,Jahmyr Gibbs,RB,DET,MIN,17,4.4,5.4,6.4
00-0039139,Jahmyr Gibbs,RB,DET,CHI,18,17.3,18.8,20.3
00-0039172,Jake Bates,K,DET,GB,1,7.0,7.0,7.0
00-0039172,Jake Bates,K,DET,CHI,2,9.0,9.0,9.0
00-0039172,Jake Bates,K,DET,BAL,3,8.0,8.0,8.0
00-0039172,Jake Bates,K,DET,CLE,4,13.0,13.0,13.0
00-0039172,Jake Bates,K,DET,CIN,5,5.0,5.0,5.0
00-0039172,Jake Bates,K,DET,KC,6,5.0,5.0,5.0
00-0039172,Jake Bates,K,DET,TB,7,7.0,7.0,7.0
00-0039172,Jake Bates,K,DET,MIN,9,6.0,6.0,6.0
00-0039172,Jake Bates,K,DET,WAS,10,13.0,13.0,13.0
00-0039172,Jake Bates,K,DET,PHI,11,4.0,4.0,4.0
00-0039172,Jake Bates,K,DET,NYG,12,12.0,12.0,12.0
00-0039172,Jake Bates,K,DET,GB,13,6.0,6.0,6.0
00-0039172,Jake Bates,K,DET,DAL,14,15.0,15.0,15.0
00-0039172,Jake Bates,K,DET,LA,15,10.0,10.0,10.0
00-0039172,Jake Bates,K,DET,PIT,16,6.0,6.0,6.0
00-0039172,Jake Bates,K,DET,MIN,17,5.0,5.0,5.0
00-0039172,Jake Bates,K,DET,CHI,18,13.0,13.0,13.0
00-0038752,Jake Bobo,WR,SEA,ARI,4,1.7,2.2,2.7
00-0038752,Jake Bobo,WR,SEA,TB,5,0.0,0.0,0.0
00-0038752,Jake Bobo,WR,SEA,HOU,7,0.3,0.8,1.3
00-0038752,Jake Bobo,WR,SEA,TEN,12,0.0,0.0,0.0
00-0038752,Jake Bobo,WR,SEA,CAR,17,0.0,0.0,0.0
00-0035100,Jake Browning,QB,CIN,JAX,2,17.7,17.7,17.7
00-0035100,Jake Browning,QB,CIN,MIN,3,5.9,5.9,5.9
00-0035100,Jake Browning,QB,CIN,DEN,4,5.4,5.4,5.4
00-0035100,Jake Browning,QB,CIN,DET,5,19.1,19.1,19.1
00-0035100,Jake Browning,QB,CIN,NE,12,0.6,0.6,0.6
00-0033787,Jake Elliott,K,PHI,DAL,1,8.0,8.0,8.0
00-0033787,Jake Elliott,K,PHI,KC,2,12.0,12.0,12.0
00-0033787,Jake Elliott,K,PHI,LA,3,3.0,3.0,3.0
00-0033787,Jake Elliott,K,PHI,TB,4,7.0,7.0,7.0
00-0033787,Jake Elliott,K,PHI,DEN,5,5.0,5.0,5.0
00-0033787,Jake Elliott,K,PHI,NYG,6,6.0,6.0,6.0
00-0033787,Jake Elliott,K,PHI,MIN,7,3.0,3.0,3.0
00-0033787,Jake Elliott,K,PHI,NYG,8,8.0,8.0,8.0
00-0033787,Jake Elliott,K,PHI,GB,10,4.0,4.0,4.0
00-0033787,Jake Elliott,K,PHI,DET,11,11.0,11.0,11.0
00-0033787,Jake Elliott,K,PHI,DAL,12,2.0,2.0,2.0
00-0033787,Jake Elliott,K,PHI,CHI,13,2.0,2.0,2.0
00-0033787,Jake Elliott,K,PHI,LAC,14,16.0,16.0,16.0
00-0033787,Jake Elliott,K,PHI,LV,15,7.0,7.0,7.0
00-0033787,Jake Elliott,K,PHI,WAS,16,1.0,1.0,1.0
00-0033787,Jake Elliott,K,PHI,BUF,17,8.0,8.0,8.0
00-0033787,Jake Elliott,K,PHI,WAS,18,5.0,5.0,5.0
00-0038041,Jake Ferguson,TE,DAL,PHI,1,2.3,4.8,7.3
00-0038041,Jake Ferguson,TE,DAL,NYG,2,7.8,12.3,16.8
00-0038041,Jake Ferguson,TE,DAL,CHI,3,8.2,14.7,21.2
00-0038041,Jake Ferguson,TE,DAL,GB,4,10.0,13.5,17.0
00-0038041,Jake Ferguson,TE,DAL,NYJ,5,16.9,20.4,23.9
00-0038041,Jake Ferguson,TE,DAL,CAR,6,9.3,10.8,12.3
00-0038041,Jake Ferguson,TE,DAL,WAS,7,14.9,18.4,21.9
00-0038041,Jake Ferguson,TE,DAL,DEN,8,0.0,0.0,0.0
00-0038041,Jake Ferguson,TE,DAL,ARI,9,3.0,5.5,8.0
00-0038041,Jake Ferguson,TE,DAL,LV,11,7.6,9.6,11.6
00-0038041,Jake Ferguson,TE,DAL,PHI,12,6.1,8.6,11.1
00-0038041,Jake Ferguson,TE,DAL,KC,13,3.6,6.1,8.6
00-0038041,Jake Ferguson,TE,DAL,DET,14,5.8,8.3,10.8
00-0038041,Jake Ferguson,TE,DAL,MIN,15,1.6,2.6,3.6
00-0038041,Jake Ferguson,TE,DAL,LAC,16,1.9,3.4,4.9
00-0038041,Jake Ferguson,TE,DAL,WAS,17,6.6,7.1,7.6
00-0038041,Jake Ferguson,TE,DAL,NYG,18,0.5,1.0,1.5
00-0038562,Jake Moody,K,SF,SEA,1,3.0,3.0,3.0
00-0038562,Jake Moody,K,CHI,WAS,6,15.0,15.0,15.0
00-0038562,Jake Moody,K,CHI,NO,7,14.0,14.0,14.0
00-0038562,Jake Moody,K,WAS,DEN,13,8.0,8.0,8.0
00-0038562,Jake Moody,K,WAS,MIN,14,0.0,0.0,0.0
00-0038562,Jake Moody,K,WAS,NYG,15,12.0,12.0,12.0
00-0038562,Jake Moody,K,WAS,PHI,16,4.0,4.0,4.0
00-0038562,Jake Moody,K,WAS,DAL,17,13.0,13.0,13.0
00-0038562,Jake Moody,K,WAS,PHI,18,7.0,7.0,7.0
00-0037112,Jake Tonges,TE,SF,SEA,1,7.5,9.0,10.5
00-0037112,Jake Tonges,TE,SF,NO,2,3.1,5.1,7.1
00-0037112,Jake Tonges,TE,SF,ARI,3,2.1,3.1,4.1
00-0037112,Jake Tonges,TE,SF,JAX,4,11.8,13.3,14.8
00-0037112,Jake Tonges,TE,SF,LA,5,10.1,13.6,17.1
00-0037112,Jake Tonges,TE,SF,TB,6,5.8,8.8,11.8
00-0037112,Jake Tonges,TE,SF,HOU,8,6.2,6.7,7.2
00-0037112,Jake Tonges,TE,SF,ARI,11,0.0,0.0,0.0
00-0037112,Jake Tonges,TE,SF,IND,16,0.7,1.2,1.7
00-0037112,Jake Tonges,TE,SF,CHI,17,12.0,15.5,19.0
00-0035726,Jakob Johnson,RB,HOU,TB,2,0.0,0.0,0.0
00-0035726,Jakob Johnson,RB,HOU,JAX,3,0.0,0.0,0.0
00-0034960,Jakobi Meyers,WR,LV,NE,1,9.7,13.7,17.7
00-0034960,Jakobi Meyers,WR,LV,LAC,2,6.8,9.8,12.8
00-0034960,Jakobi Meyers,WR,LV,WAS,3,6.3,7.8,9.3
00-0034960,Jakobi Meyers,WR,LV,CHI,4,3.0,5.0,7.0
00-0034960,Jakobi Meyers,WR,LV,IND,5,3.2,5.2,7.2
00-0034960,Jakobi Meyers,WR,LV,TEN,6,3.9,5.9,7.9
00-0034960,Jakobi Meyers,WR,LV,JAX,9,2.3,4.3,6.3
00-0034960,Jakobi Meyers,WR,JAX,HOU,10,4.1,5.6,7.1
00-0034960,Jakobi Meyers,WR,JAX,LAC,11,6.4,8.9,11.4
00-0034960,Jakobi Meyers,WR,JAX,ARI,12,11.0,13.0,15.0
00-0034960,Jakobi Meyers,WR,JAX,TEN,13,15.3,18.3,21.3
00-0034960,Jakobi Meyers,WR,JAX,IND,14,10.8,12.8,14.8
00-0034960,Jakobi Meyers,WR,JAX,NYJ,15,7.1,9.6,12.1
00-0034960,Jakobi Meyers,WR,JAX,DEN,16,4.6,6.6,8.6
00-0034960,Jakobi Meyers,WR,JAX,IND,17,1.9,4.9,7.9
00-0034960,Jakobi Meyers,WR,JAX,TEN,18,4.4,6.9,9.4
00-0040388,Jakobie Keeney-James,WR,GB,MIN,18,1.5,2.5,3.5
00-0038794,Jaleel McLaughlin,RB,DEN,NYJ,6,0.0,0.0,0.0
00-0038794,Jaleel McLaughlin,RB,DEN,KC,11,7.4,7.9,8.4
00-0038794,Jaleel McLaughlin,RB,DEN,WAS,13,3.0,3.5,4.0
00-0038794,Jaleel McLaughlin,RB,DEN,LV,14,3.1,3.6,4.1
00-0038794,Jaleel McLaughlin,RB,DEN,GB,15,0.4,0.4,0.4
00-0038794,Jaleel McLaughlin,RB,DEN,JAX,16,3.7,3.7,3.7
00-0038794,Jaleel McLaughlin,RB,DEN,KC,17,4.0,4.0,4.0
00-0038794,Jaleel McLaughlin,RB,DEN,LAC,18,5.8,6.3,6.8
00-0038640,Jalen Brooks,WR,DAL,NYJ,5,0.0,0.0,0.0
00-0038640,Jalen Brooks,WR,ARI,LA,14,3.2,4.2,5.2
00-0038640,Jalen Brooks,WR,ARI,HOU,15,1.9,2.4,2.9
00-0038640,Jalen Brooks,WR,ARI,ATL,16,0.0,0.0,0.0
00-0038640,Jalen Brooks,WR,ARI,LA,18,0.0,0.0,0.0
00-0039491,Jalen Coker,WR,CAR,NYJ,7,0.0,0.0,0.0
00-0039491,Jalen Coker,WR,CAR,BUF,8,3.6,5.1,6.6
00-0039491,Jalen Coker,WR,CAR,GB,9,0.9,1.4,1.9
00-0039491,Jalen Coker,WR,CAR,NO,10,2.1,3.6,5.1
00-0039491,Jalen Coker,WR,CAR,ATL,11,7.2,9.2,11.2
00-0039491,Jalen Coker,WR,CAR,SF,12,3.2,4.7,6.2
00-0039491,Jalen Coker,WR,CAR,LA,13,13.4,15.4,17.4
00-0039491,Jalen Coker,WR,CAR,NO,15,10.0,12.0,14.0
00-0039491,Jalen Coker,WR,CAR,TB,16,4.7,6.2,7.7
00-0039491,Jalen Coker,WR,CAR,SEA,17,1.6,2.6,3.6
00-0039491,Jalen Coker,WR,CAR,TB,18,10.7,13.7,16.7
00-0036389,Jalen Hurts,QB,PHI,DAL,1,24.3,24.3,24.3
00-0036389,Jalen Hurts,QB,PHI,KC,2,11.5,11.5,11.5
00-0036389,Jalen Hurts,QB,PHI,LA,3,29.0,29.0,29.0
00-0036389,Jalen Hurts,QB,PHI,TB,4,19.4,19.4,19.4
00-0036389,Jalen Hurts,QB,PHI,DEN,5,19.5,19.5,19.5
00-0036389,Jalen Hurts,QB,PHI,NYG,6,20.6,20.6,20.6
00-0036389,Jalen Hurts,QB,PHI,MIN,7,24.0,24.0,24.0
00-0036389,Jalen Hurts,QB,PHI,NYG,8,25.4,25.4,25.4
00-0036389,Jalen Hurts,QB,PHI,GB,10,12.0,12.0,12.0
00-0036389,Jalen Hurts,QB,PHI,DET,11,14.5,14.5,14.5
00-0036389,Jalen Hurts,QB,PHI,DAL,12,30.9,30.9,30.9
00-0036389,Jalen Hurts,QB,PHI,CHI,13,16.3,16.3,16.3
00-0036389,Jalen Hurts,QB,PHI,LAC,14,2.4,2.4,2.4
00-0036389,Jalen Hurts,QB,PHI,LV,15,22.9,22.9,22.9
00-0036389,Jalen Hurts,QB,PHI,WAS,16,19.4,19.4,19.4
00-0036389,Jalen Hurts,QB,PHI,BUF,17,8.9,8.9,8.9
00-0039855,Jalen McMillan,WR,TB,ATL,15,3.8,4.8,5.8
00-0039855,Jalen McMillan,WR,TB,CAR,16,1.6,2.6,3.6
00-0039855,Jalen McMillan,WR,TB,MIA,17,11.4,14.9,18.4
00-0039855,Jalen McMillan,WR,TB,CAR,18,1.1,1.6,2.1
00-0040673,Jalen Milroe,QB,SEA,SF,1,0.1,0.1,0.1
00-0040673,Jalen Milroe,QB,SEA,NO,3,0.3,0.3,0.3
00-0040673,Jalen Milroe,QB,SEA,TB,5,-2.0,-2.0,-2.0
00-0038740,Jalen Moreno-Cropper,WR,DAL,NYJ,5,0.0,0.0,0.0
00-0038740,Jalen Moreno-Cropper,WR,DAL,CAR,6,0.0,0.0,0.0
00-0037291,Jalen Nailor,WR,MIN,CHI,1,2.8,3.3,3.8
00-0037291,Jalen Nailor,WR,MIN,ATL,2,3.1,4.6,6.1
00-0037291,Jalen Nailor,WR,MIN,CIN,3,3.7,5.2,6.7
00-0037291,Jalen Nailor,WR,MIN,PIT,4,8.2,8.7,9.2
00-0037291,Jalen Nailor,WR,MIN,CLE,5,4.2,5.7,7.2
00-0037291,Jalen Nailor,WR,MIN,PHI,7,3.7,4.7,5.7
00-0037291,Jalen Nailor,WR,MIN,LAC,8,0.0,0.0,0.0
00-0037291,Jalen Nailor,WR,MIN,DET,9,1.6,2.1,2.6
00-0037291,Jalen Nailor,WR,MIN,BAL,10,18.4,20.9,23.4
00-0037291,Jalen Nailor,WR,MIN,CHI,11,1.6,2.1,2.6
00-0037291,Jalen Nailor,WR,MIN,GB,12,0.0,0.0,0.0
00-0037291,Jalen Nailor,WR,MIN,SEA,13,0.0,0.0,0.0
00-0037291,Jalen Nailor,WR,MIN,WAS,14,3.0,4.5,6.0
00-0037291,Jalen Nailor,WR,MIN,DAL,15,16.5,18.0,19.5
00-0037291,Jalen Nailor,WR,MIN,NYG,16,0.0,0.0,0.0
00-0037291,Jalen Nailor,WR,MIN,DET,17,0.0,0.0,0.0
00-0037291,Jalen Nailor,WR,MIN,GB,18,4.9,6.4,7.9
00-0040646,Jalen Royals,WR,KC,BAL,4,0.0,0.0,0.0
00-0040646,Jalen Royals,WR,KC,LV,18,0.4,1.4,2.4
00-0037666,Jalen Tolbert,WR,DAL,PHI,1,0.0,0.5,1.0
00-0037666,Jalen Tolbert,WR,DAL,NYG,2,1.6,2.6,3.6
00-0037666,Jalen Tolbert,WR,DAL,CHI,3,4.4,5.9,7.4
00-0037666,Jalen Tolbert,WR,DAL,GB,4,6.1,8.1,10.1
00-0037666,Jalen Tolbert,WR,DAL,NYJ,5,0.0,0.0,0.0
00-0037666,Jalen Tolbert,WR,DAL,CAR,6,0.8,1.3,1.8
00-0037666,Jalen Tolbert,WR,DAL,WAS,7,1.6,2.1,2.6
00-0037666,Jalen Tolbert,WR,DAL,DEN,8,10.7,11.7,12.7
00-0037666,Jalen Tolbert,WR,DAL,LV,11,0.0,0.0,0.0
00-0037666,Jalen Tolbert,WR,DAL,KC,13,0.0,0.0,0.0
00-0037666,Jalen Tolbert,WR,DAL,WAS,17,3.1,5.1,7.1
00-0037666,Jalen Tolbert,WR,DAL,NYG,18,0.0,0.0,0.0
00-0038938,Jalin Hyatt,WR,NYG,NO,5,0.0,0.0,0.0
00-0038938,Jalin Hyatt,WR,NYG,PHI,6,1.7,3.2,4.7
00-0038938,Jalin Hyatt,WR,NYG,DEN,7,0.0,0.0,0.0
00-0038938,Jalin Hyatt,WR,NYG,SF,9,0.0,0.0,0.0
00-0038938,Jalin Hyatt,WR,NYG,GB,11,1.8,2.8,3.8
00-0038938,Jalin Hyatt,WR,NYG,WAS,15,0.0,0.0,0.0
00-0033572,Jamal Agnew,WR,ATL,TB,1,0.0,0.0,0.0
00-0033572,Jamal Agnew,WR,ATL,WAS,4,0.0,0.0,0.0
00-0033572,Jamal Agnew,WR,ATL,BUF,6,0.0,0.0,0.0
00-0033572,Jamal Agnew,WR,ATL,SF,7,0.0,0.0,0.0
00-0033572,Jamal Agnew,WR,ATL,MIA,8,0.0,0.0,0.0
00-0033572,Jamal Agnew,WR,ATL,NE,9,0.0,0.0,0.0
00-0033572,Jamal Agnew,WR,ATL,IND,10,0.0,0.0,0.0
00-0033572,Jamal Agnew,WR,ATL,CAR,11,0.0,0.0,0.0
00-0033572,Jamal Agnew,WR,ATL,NO,12,0.0,0.0,0.0
00-0033572,Jamal Agnew,WR,ATL,NYJ,13,0.0,0.0,0.0
00-0033572,Jamal Agnew,WR,ATL,SEA,14,0.0,0.0,0.0
00-0039379,Jamari Thrash,WR,CLE,CIN,1,0.6,1.1,1.6
00-0039379,Jamari Thrash,WR,CLE,BAL,2,0.5,1.0,1.5
00-0039379,Jamari Thrash,WR,CLE,GB,3,0.7,1.7,2.7
00-0039379,Jamari Thrash,WR,CLE,MIN,5,2.2,2.7,3.2
00-0039379,Jamari Thrash,WR,CLE,PIT,6,1.3,2.3,3.3
00-0039379,Jamari Thrash,WR,CLE,MIA,7,2.3,2.8,3.3
00-0039379,Jamari Thrash,WR,CLE,NE,8,3.1,4.1,5.1
00-0039379,Jamari Thrash,WR,CLE,NYJ,10,0.0,0.0,0.0
00-0031503,Jameis Winston,QB,NYG,GB,11,11.0,11.0,11.0
00-0031503,Jameis Winston,QB,NYG,DET,12,31.2,31.7,32.2
00-0031503,Jameis Winston,QB,NYG,WAS,15,0.0,0.0,0.0
00-0033553,James Conner,RB,ARI,NO,1,10.4,12.4,14.4
00-0033553,James Conner,RB,ARI,CAR,2,11.2,11.7,12.2
00-0033553,James Conner,RB,ARI,SF,3,3.7,5.2,6.7
00-0037248,James Cook,RB,BUF,BAL,1,16.2,18.7,21.2
00-0037248,James Cook,RB,BUF,NYJ,2,25.5,26.0,26.5
00-0037248,James Cook,RB,BUF,MIA,3,17.8,19.3,20.8
00-0037248,James Cook,RB,BUF,NO,4,19.5,21.0,22.5
00-0037248,James Cook,RB,BUF,NE,5,4.9,4.9,4.9
00-0037248,James Cook,RB,BUF,ATL,6,8.7,8.7,8.7
00-0037248,James Cook,RB,BUF,CAR,8,33.6,33.6,33.6
00-0037248,James Cook,RB,BUF,KC,9,12.5,13.0,13.5
00-0037248,James Cook,RB,BUF,MIA,10,5.7,8.2,10.7
00-0037248,James Cook,RB,BUF,TB,11,17.4,18.9,20.4
00-0037248,James Cook,RB,BUF,HOU,12,18.9,20.4,21.9
00-0037248,James Cook,RB,BUF,PIT,13,15.7,17.2,18.7
00-0037248,James Cook,RB,BUF,CIN,14,9.1,10.1,11.1
00-0037248,James Cook,RB,BUF,NE,15,29.1,30.1,31.1
00-0037248,James Cook,RB,BUF,CLE,16,25.4,25.9,26.4
00-0037248,James Cook,RB,BUF,PHI,17,7.7,8.2,8.7
00-0037248,James Cook,RB,BUF,NYJ,18,1.5,1.5,1.5
00-0037282,James Mitchell,TE,CAR,NE,4,1.7,2.7,3.7
00-0037282,James Mitchell,TE,CAR,MIA,5,1.1,1.6,2.1
00-0036133,James Proche,WR,TEN,SEA,12,4.2,5.7,7.2
00-0036133,James Proche,WR,TEN,JAX,13,1.3,1.8,2.3
00-0036133,James Proche,WR,TEN,CLE,14,0.0,0.0,0.0
00-0036133,James Proche,WR,TEN,SF,15,0.0,0.0,0.0
00-0036133,James Proche,WR,TEN,NO,17,0.5,1.0,1.5
00-0036133,James Proche,WR,TEN,JAX,18,0.5,1.0,1.5
00-0037240,Jameson Williams,WR,DET,GB,1,2.6,4.6,6.6
00-0037240,Jameson Williams,WR,DET,CHI,2,16.8,17.8,18.8
00-0037240,Jameson Williams,WR,DET,BAL,3,4.3,5.3,6.3
00-0037240,Jameson Williams,WR,DET,CLE,4,3.7,4.7,5.7
00-0037240,Jameson Williams,WR,DET,CIN,5,1.0,1.5,2.0
00-0037240,Jameson Williams,WR,DET,KC,6,12.6,15.6,18.6
00-0037240,Jameson Williams,WR,DET,TB,7,0.0,0.0,0.0
00-0037240,Jameson Williams,WR,DET,MIN,9,12.6,14.6,16.6
00-0037240,Jameson Williams,WR,DET,WAS,10,17.9,20.9,23.9
00-0037240,Jameson Williams,WR,DET,PHI,11,15.7,17.7,19.7
00-0037240,Jameson Williams,WR,DET,NYG,12,0.0,0.0,0.0
00-0037240,Jameson Williams,WR,DET,GB,13,19.9,23.4,26.9
00-0037240,Jameson Williams,WR,DET,DAL,14,10.3,13.8,17.3
00-0037240,Jameson Williams,WR,DET,LA,15,19.4,22.9,26.4
00-0037240,Jameson Williams,WR,DET,PIT,16,7.0,9.5,12.0
00-0037240,Jameson Williams,WR,DET,MIN,17,3.7,4.7,5.7
00-0037240,Jameson Williams,WR,DET,CHI,18,7.4,10.4,13.4
00-0033106,Jared Goff,QB,DET,GB,1,10.9,10.9,10.9
00-0033106,Jared Goff,QB,DET,CHI,2,34.0,34.0,34.0
00-0033106,Jared Goff,QB,DET,BAL,3,12.7,12.7,12.7
00-0033106,Jared Goff,QB,DET,CLE,4,12.7,12.7,12.7
00-0033106,Jared Goff,QB,DET,CIN,5,20.1,20.1,20.1
00-0033106,Jared Goff,QB,DET,KC,6,16.8,16.8,16.8
00-0033106,Jared Goff,QB,DET,TB,7,10.3,10.3,10.3
00-0033106,Jared Goff,QB,DET,MIN,9,19.4,19.4,19.4
00-0033106,Jared Goff,QB,DET,WAS,10,24.8,24.8,24.8
00-0033106,Jared Goff,QB,DET,PHI,11,12.1,12.1,12.1
00-0033106,Jared Goff,QB,DET,NYG,12,17.2,17.2,17.2
00-0033106,Jared Goff,QB,DET,GB,13,20.6,20.6,20.6
00-0033106,Jared Goff,QB,DET,DAL,14,16.2,16.2,16.2
00-0033106,Jared Goff,QB,DET,LA,15,25.5,25.5,25.5
00-0033106,Jared Goff,QB,DET,PIT,16,26.5,26.5,26.5
00-0033106,Jared Goff,QB,DET,MIN,17,2.1,2.1,2.1
00-0033106,Jared Goff,QB,DET,CHI,18,15.2,15.2,15.2
00-0038728,Jared Wayne,WR,HOU,SF,8,2.0,3.0,4.0
00-0039824,Jared Wiley,TE,KC,DAL,13,0.4,0.9,1.4
00-0039824,Jared Wiley,TE,KC,LV,18,0.0,0.0,0.0
00-0036755,Jaret Patterson,RB,LAC,MIN,8,3.0,3.0,3.0
00-0036755,Jaret Patterson,RB,LAC,TEN,9,4.4,4.4,4.4
00-0036755,Jaret Patterson,RB,LAC,PIT,10,0.1,0.1,0.1
00-0036755,Jaret Patterson,RB,LAC,LV,13,11.4,11.4,11.4
00-0036755,Jaret Patterson,RB,LAC,HOU,17,0.1,0.1,0.1
00-0036755,Jaret Patterson,RB,LAC,DEN,18,3.7,5.2,6.7
00-0035264,Jarrett Stidham,QB,DEN,DAL,8,-0.1,-0.1,-0.1
00-0038492,Jason Brownlee,WR,KC,LAC,1,0.0,0.0,0.0
00-0038492,Jason Brownlee,WR,KC,JAX,5,0.0,0.0,0.0
00-0038492,Jason Brownlee,WR,KC,DET,6,0.0,0.0,0.0
00-0031492,Jason Myers,K,SEA,SF,1,8.0,8.0,8.0
00-0031492,Jason Myers,K,SEA,PIT,2,8.0,8.0,8.0
00-0031492,Jason Myers,K,SEA,NO,3,17.0,17.0,17.0
00-0031492,Jason Myers,K,SEA,ARI,4,13.0,13.0,13.0
00-0031492,Jason Myers,K,SEA,TB,5,4.0,4.0,4.0
00-0031492,Jason Myers,K,SEA,JAX,6,10.0,10.0,10.0
00-0031492,Jason Myers,K,SEA,HOU,7,9.0,9.0,9.0
00-0031492,Jason Myers,K,SEA,WAS,9,9.0,9.0,9.0
00-0031492,Jason Myers,K,SEA,ARI,10,15.0,15.0,15.0
00-0031492,Jason Myers,K,SEA,LA,11,14.0,14.0,14.0
00-0031492,Jason Myers,K,SEA,TEN,12,13.0,13.0,13.0
00-0031492,Jason Myers,K,SEA,MIN,13,19.0,19.0,19.0
00-0031492,Jason Myers,K,SEA,ATL,14,14.0,14.0,14.0
00-0031492,Jason Myers,K,SEA,IND,15,24.0,24.0,24.0
00-0031492,Jason Myers,K,SEA,LA,16,2.0,2.0,2.0
00-0031492,Jason Myers,K,SEA,CAR,17,10.0,10.0,10.0
00-0031492,Jason Myers,K,SEA,SF,18,6.0,6.0,6.0
00-0036259,Jauan Jennings,WR,SF,SEA,1,1.6,2.6,3.6
00-0036259,Jauan Jennings,WR,SF,NO,2,14.9,17.4,19.9
00-0036259,Jauan Jennings,WR,SF,JAX,4,4.4,5.4,6.4
00-0036259,Jauan Jennings,WR,SF,TB,6,0.7,1.2,1.7
00-0036259,Jauan Jennings,WR,SF,ATL,7,3.1,5.1,7.1
00-0036259,Jauan Jennings,WR,SF,HOU,8,4.5,6.5,8.5
00-0036259,Jauan Jennings,WR,SF,NYG,9,10.1,12.1,14.1
00-0036259,Jauan Jennings,WR,SF,LA,10,11.1,14.1,17.1
00-0036259,Jauan Jennings,WR,SF,ARI,11,5.4,7.4,9.4
00-0036259,Jauan Jennings,WR,SF,CAR,12,10.1,12.6,15.1
00-0036259,Jauan Jennings,WR,SF,CLE,13,9.9,11.9,13.9
00-0036259,Jauan Jennings,WR,SF,TEN,15,15.7,17.2,18.7
00-0036259,Jauan Jennings,WR,SF,IND,16,13.1,15.6,18.1
00-0036259,Jauan Jennings,WR,SF,CHI,17,10.2,11.2,12.2
00-0036259,Jauan Jennings,WR,SF,SEA,18,3.5,5.5,7.5
00-0036997,Javonte Williams,RB,DAL,PHI,1,18.4,19.4,20.4
00-0036997,Javonte Williams,RB,DAL,NYG,2,19.0,22.0,25.0
00-0036997,Javonte Williams,RB,DAL,CHI,3,7.2,9.7,12.2
00-0036997,Javonte Williams,RB,DAL,GB,4,16.0,17.5,19.0
00-0036997,Javonte Williams,RB,DAL,NYJ,5,25.9,26.4,26.9
00-0036997,Javonte Williams,RB,DAL,CAR,6,3.4,5.9,8.4
00-0036997,Javonte Williams,RB,DAL,WAS,7,17.8,18.3,18.8
00-0036997,Javonte Williams,RB,DAL,DEN,8,16.9,17.4,17.9
00-0036997,Javonte Williams,RB,DAL,ARI,9,6.3,6.8,7.3
00-0036997,Javonte Williams,RB,DAL,LV,11,9.3,9.8,10.3
00-0036997,Javonte Williams,RB,DAL,PHI,12,10.1,11.1,12.1
00-0036997,Javonte Williams,RB,DAL,KC,13,14.0,15.5,17.0
00-0036997,Javonte Williams,RB,DAL,DET,14,12.7,13.7,14.7
00-0036997,Javonte Williams,RB,DAL,MIN,15,15.1,15.1,15.1
00-0036997,Javonte Williams,RB,DAL,LAC,16,4.3,5.3,6.3
00-0036997,Javonte Williams,RB,DAL,WAS,17,11.4,11.4,11.4
00-0039405,Jawhar Jordan,RB,HOU,ARI,15,11.8,12.8,13.8
00-0039405,Jawhar Jordan,RB,HOU,LV,16,7.0,9.5,12.0
00-0039405,Jawhar Jordan,RB,HOU,LAC,17,3.6,3.6,3.6
00-0039405,Jawhar Jordan,RB,HOU,IND,18,0.3,0.3,0.3
00-0038543,Jaxon Smith-Njigba,WR,SEA,SF,1,10.4,14.9,19.4
00-0038543,Jaxon Smith-Njigba,WR,SEA,PIT,2,10.3,14.3,18.3
00-0038543,Jaxon Smith-Njigba,WR,SEA,NO,3,15.6,18.1,20.6
00-0038543,Jaxon Smith-Njigba,WR,SEA,ARI,4,9.0,11.0,13.0
00-0038543,Jaxon Smith-Njigba,WR,SEA,TB,5,19.2,23.2,27.2
00-0038543,Jaxon Smith-Njigba,WR,SEA,JAX,6,22.2,26.2,30.2
00-0038543,Jaxon Smith-Njigba,WR,SEA,HOU,7,18.3,22.3,26.3
00-0038543,Jaxon Smith-Njigba,WR,SEA,WAS,9,14.0,18.0,22.0
00-0038543,Jaxon Smith-Njigba,WR,SEA,ARI,10,15.3,17.8,20.3
00-0038543,Jaxon Smith-Njigba,WR,SEA,LA,11,11.6,16.1,20.6
00-0038543,Jaxon Smith-Njigba,WR,SEA,TEN,12,29.1,33.1,37.1
00-0038543,Jaxon Smith-Njigba,WR,SEA,MIN,13,2.3,3.3,4.3
00-0038543,Jaxon Smith-Njigba,WR,SEA,ATL,14,21.1,24.6,28.1
00-0038543,Jaxon Smith-Njigba,WR,SEA,IND,15,11.3,14.8,18.3
00-0038543,Jaxon Smith-Njigba,WR,SEA,LA,16,15.6,19.6,23.6
00-0038543,Jaxon Smith-Njigba,WR,SEA,CAR,17,7.2,11.7,16.2
00-0038543,Jaxon Smith-Njigba,WR,SEA,SF,18,8.4,11.4,14.4
00-0040691,Jaxson Dart,QB,NYG,DAL,2,-0.3,-0.3,-0.3
00-0040691,Jaxson Dart,QB,NYG,KC,3,0.3,0.3,0.3
00-0040691,Jaxson Dart,QB,NYG,LAC,4,19.8,19.8,19.8
00-0040691,Jaxson Dart,QB,NYG,NO,5,15.6,15.6,15.6
00-0040691,Jaxson Dart,QB,NYG,PHI,6,23.6,23.6,23.6
00-0040691,Jaxson Dart,QB,NYG,DEN,7,28.4,28.4,28.4
00-0040691,Jaxson Dart,QB,NYG,PHI,8,19.4,19.4,19.4
00-0040691,Jaxson Dart,QB,NYG,SF,9,27.2,27.2,27.2
00-0040691,Jaxson Dart,QB,NYG,CHI,10,26.3,26.3,26.3
00-0040691,Jaxson Dart,QB,NYG,NE,13,13.6,13.6,13.6
00-0040691,Jaxson Dart,QB,NYG,WAS,15,22.1,22.1,22.1
00-0040691,Jaxson Dart,QB,NYG,MIN,16,0.0,0.0,0.0
00-0040691,Jaxson Dart,QB,NYG,LV,17,25.1,25.1,25.1
00-0040691,Jaxson Dart,QB,NYG,DAL,18,20.4,20.4,20.4
00-0039910,Jayden Daniels,QB,WAS,NYG,1,20.1,20.1,20.1
00-0039910,Jayden Daniels,QB,WAS,GB,2,19.7,19.7,19.7
00-0039910,Jayden Daniels,QB,WAS,LAC,5,17.1,17.1,17.1
00-0039910,Jayden Daniels,QB,WAS,CHI,6,21.6,21.6,21.6
00-0039910,Jayden Daniels,QB,WAS,DAL,7,17.7,17.7,17.7
00-0039910,Jayden Daniels,QB,WAS,SEA,9,15.2,15.2,15.2
00-0039910,Jayden Daniels,QB,WAS,MIN,14,2.7,2.7,2.7
00-0040130,Jayden Higgins,WR,HOU,LA,1,3.2,4.2,5.2
00-0040130,Jayden Higgins,WR,HOU,TB,2,2.8,3.3,3.8
00-0040130,Jayden Higgins,WR,HOU,JAX,3,0.5,1.0,1.5
00-0040130,Jayden Higgins,WR,HOU,TEN,4,8.4,8.9,9.4
00-0040130,Jayden Higgins,WR,HOU,BAL,5,3.2,5.2,7.2
00-0040130,Jayden Higgins,WR,HOU,SEA,7,0.0,0.0,0.0
00-0040130,Jayden Higgins,WR,HOU,SF,8,9.4,11.4,13.4
00-0040130,Jayden Higgins,WR,HOU,DEN,9,0.4,0.9,1.4
00-0040130,Jayden Higgins,WR,HOU,JAX,10,10.2,12.7,15.2
00-0040130,Jayden Higgins,WR,HOU,TEN,11,5.5,7.5,9.5
00-0040130,Jayden Higgins,WR,HOU,BUF,12,9.8,11.8,13.8
00-0040130,Jayden Higgins,WR,HOU,IND,13,6.5,9.0,11.5
00-0040130,Jayden Higgins,WR,HOU,KC,14,3.4,4.9,6.4
00-0040130,Jayden Higgins,WR,HOU,ARI,15,0.4,0.9,1.4
00-0040130,Jayden Higgins,WR,HOU,LV,16,1.7,2.2,2.7
00-0040130,Jayden Higgins,WR,HOU,LAC,17,14.8,15.8,16.8
00-0040130,Jayden Higgins,WR,HOU,IND,18,8.3,9.3,10.3
00-0039146,Jayden Reed,WR,GB,DET,1,10.5,12.0,13.5
00-0039146,Jayden Reed,WR,GB,CHI,14,5.3,7.3,9.3
00-0039146,Jayden Reed,WR,GB,DEN,15,5.5,8.0,10.5
00-0039146,Jayden Reed,WR,GB,CHI,16,4.1,5.6,7.1
00-0039146,Jayden Reed,WR,GB,BAL,17,4.1,6.1,8.1
00-0040586,Jaydon Blue,RB,DAL,NYJ,5,0.7,0.7,0.7
00-0040586,Jaydon Blue,RB,DAL,CAR,6,0.0,0.0,0.0
00-0040586,Jaydon Blue,RB,DAL,WAS,7,3.4,3.9,4.4
00-0040586,Jaydon Blue,RB,DAL,DEN,8,2.9,2.9,2.9
00-0040586,Jaydon Blue,RB,DAL,NYG,18,12.4,12.4,12.4
00-0036613,Jaylen Waddle,WR,MIA,IND,1,3.0,5.0,7.0
00-0036613,Jaylen Waddle,WR,MIA,NE,2,12.8,15.3,17.8
00-0036613,Jaylen Waddle,WR,MIA,BUF,3,9.9,12.4,14.9
00-0036613,Jaylen Waddle,WR,MIA,NYJ,4,4.8,6.3,7.8
00-0036613,Jaylen Waddle,WR,MIA,CAR,5,17.0,20.0,23.0
00-0036613,Jaylen Waddle,WR,MIA,LAC,6,9.8,12.8,15.8
00-0036613,Jaylen Waddle,WR,MIA,CLE,7,1.5,2.0,2.5
00-0036613,Jaylen Waddle,WR,MIA,ATL,8,15.9,18.4,20.9
00-0036613,Jaylen Waddle,WR,MIA,BAL,9,8.2,11.2,14.2
00-0036613,Jaylen Waddle,WR,MIA,BUF,10,14.4,16.9,19.4
00-0036613,Jaylen Waddle,WR,MIA,WAS,11,5.2,6.7,8.2
00-0036613,Jaylen Waddle,WR,MIA,NO,13,4.0,5.5,7.0
00-0036613,Jaylen Waddle,WR,MIA,NYJ,14,13.1,15.6,18.1
00-0036613,Jaylen Waddle,WR,MIA,PIT,15,2.6,3.6,4.6
00-0036613,Jaylen Waddle,WR,MIA,CIN,16,7.2,9.7,12.2
00-0036613,Jaylen Waddle,WR,MIA,TB,17,0.7,0.7,0.7
00-0037228,Jaylen Warren,RB,PIT,NYJ,1,11.9,12.9,13.9
00-0037228,Jaylen Warren,RB,PIT,SEA,2,13.4,15.4,17.4
00-0037228,Jaylen Warren,RB,PIT,NE,3,8.1,10.6,13.1
00-0037228,Jaylen Warren,RB,PIT,CLE,6,6.3,7.3,8.3
00-0037228,Jaylen Warren,RB,PIT,CIN,7,15.8,17.8,19.8
00-0037228,Jaylen Warren,RB,PIT,GB,8,7.3,8.3,9.3
00-0037228,Jaylen Warren,RB,PIT,IND,9,14.9,15.9,16.9
00-0037228,Jaylen Warren,RB,PIT,LAC,10,9.1,10.1,11.1
00-0037228,Jaylen Warren,RB,PIT,CIN,11,6.7,7.7,8.7
00-0037228,Jaylen Warren,RB,PIT,CHI,12,12.8,12.8,12.8
00-0037228,Jaylen Warren,RB,PIT,BUF,13,10.4,11.4,12.4
00-0037228,Jaylen Warren,RB,PIT,BAL,14,12.2,13.7,15.2
00-0037228,Jaylen Warren,RB,PIT,MIA,15,4.8,6.3,7.8
00-0037228,Jaylen Warren,RB,PIT,DET,16,27.1,28.1,29.1
00-0037228,Jaylen Warren,RB,PIT,CLE,17,6.4,6.4,6.4
00-0037228,Jaylen Warren,RB,PIT,BAL,18,9.9,12.4,14.9
00-0039874,Jaylen Wright,RB,MIA,ATL,8,2.8,3.3,3.8
00-0039874,Jaylen Wright,RB,MIA,BUF,10,1.7,1.7,1.7
00-0039874,Jaylen Wright,RB,MIA,WAS,11,0.4,0.4,0.4
00-0039874,Jaylen Wright,RB,MIA,NO,13,1.6,1.6,1.6
00-0039874,Jaylen Wright,RB,MIA,NYJ,14,16.7,16.7,16.7
00-0039874,Jaylen Wright,RB,MIA,PIT,15,1.1,1.6,2.1
00-0039874,Jaylen Wright,RB,MIA,CIN,16,11.3,11.8,12.3
00-0039874,Jaylen Wright,RB,MIA,TB,17,5.6,5.6,5.6
00-0039874,Jaylen Wright,RB,MIA,NE,18,2.0,3.0,4.0
00-0040164,Jaylin Lane,WR,WAS,NYG,1,1.1,1.6,2.1
00-0040164,Jaylin Lane,WR,WAS,GB,2,0.2,0.7,1.2
00-0040164,Jaylin Lane,WR,WAS,LV,3,5.8,6.3,6.8
00-0040164,Jaylin Lane,WR,WAS,ATL,4,1.8,2.8,3.8
00-0040164,Jaylin Lane,WR,WAS,LAC,5,1.6,2.1,2.6
00-0040164,Jaylin Lane,WR,WAS,CHI,6,4.4,4.9,5.4
00-0040164,Jaylin Lane,WR,WAS,DAL,7,6.0,7.5,9.0
00-0040164,Jaylin Lane,WR,WAS,KC,8,0.0,0.5,1.0
00-0040164,Jaylin Lane,WR,WAS,SEA,9,2.9,4.4,5.9
00-0040164,Jaylin Lane,WR,WAS,DET,10,4.1,4.6,5.1
00-0040164,Jaylin Lane,WR,WAS,MIA,11,1.3,1.8,2.3
00-0040164,Jaylin Lane,WR,WAS,DEN,13,0.0,0.0,0.0
00-0040164,Jaylin Lane,WR,WAS,MIN,14,0.0,0.0,0.0
00-0040164,Jaylin Lane,WR,WAS,NYG,15,6.0,6.0,6.0
00-0040164,Jaylin Lane,WR,WAS,PHI,16,0.0,0.0,0.0
00-0040138,Jaylin Noel,WR,HOU,LA,1,0.7,1.2,1.7
00-0040138,Jaylin Noel,WR,HOU,TB,2,0.0,0.0,0.0
00-0040138,Jaylin Noel,WR,HOU,JAX,3,0.4,0.9,1.4
00-0040138,Jaylin Noel,WR,HOU,TEN,4,0.0,0.5,1.0
00-0040138,Jaylin Noel,WR,HOU,BAL,5,7.8,8.8,9.8
00-0040138,Jaylin Noel,WR,HOU,SEA,7,7.7,9.7,11.7
00-0040138,Jaylin Noel,WR,HOU,SF,8,6.3,8.8,11.3
00-0040138,Jaylin Noel,WR,HOU,DEN,9,-0.3,-0.3,-0.3
00-0040138,Jaylin Noel,WR,HOU,JAX,10,3.5,5.5,7.5
00-0040138,Jaylin Noel,WR,HOU,TEN,11,1.2,1.7,2.2
00-0040138,Jaylin Noel,WR,HOU,BUF,12,0.9,1.4,1.9
00-0040138,Jaylin Noel,WR,HOU,IND,13,0.0,0.0,0.0
00-0040138,Jaylin Noel,WR,HOU,KC,14,1.3,2.3,3.3
00-0040138,Jaylin Noel,WR,HOU,ARI,15,0.0,0.0,0.0
00-0040138,Jaylin Noel,WR,HOU,LV,16,0.0,0.0,0.0
00-0040138,Jaylin Noel,WR,HOU,LAC,17,11.6,13.1,14.6
00-0040138,Jaylin Noel,WR,HOU,IND,18,1.3,1.8,2.3
00-0037755,Jelani Woods,TE,NYJ,NO,16,0.0,0.0,0.0
00-0037755,Jelani Woods,TE,NYJ,NE,17,0.4,0.9,1.4
00-0033955,Jeremy McNichols,RB,WAS,NYG,1,2.5,2.5,2.5
00-0033955,Jeremy McNichols,RB,WAS,LV,3,13.8,13.8,13.8
00-0033955,Jeremy McNichols,RB,WAS,ATL,4,0.3,0.8,1.3
00-0033955,Jeremy McNichols,RB,WAS,LAC,5,1.8,2.3,2.8
00-0033955,Jeremy McNichols,RB,WAS,CHI,6,3.5,5.0,6.5
00-0033955,Jeremy McNichols,RB,WAS,DAL,7,4.5,5.5,6.5
00-0033955,Jeremy McNichols,RB,WAS,KC,8,6.8,9.3,11.8
00-0033955,Jeremy McNichols,RB,WAS,SEA,9,0.0,0.0,0.0
00-0033955,Jeremy McNichols,RB,WAS,DET,10,2.9,3.4,3.9
00-0033955,Jeremy McNichols,RB,WAS,MIA,11,2.9,3.9,4.9
00-0033955,Jeremy McNichols,RB,WAS,DEN,13,3.0,4.0,5.0
00-0033955,Jeremy McNichols,RB,WAS,MIN,14,0.2,0.7,1.2
00-0033955,Jeremy McNichols,RB,WAS,NYG,15,0.2,0.7,1.2
00-0033955,Jeremy McNichols,RB,WAS,PHI,16,3.2,4.2,5.2
00-0033955,Jeremy McNichols,RB,WAS,DAL,17,1.0,2.5,4.0
00-0033955,Jeremy McNichols,RB,WAS,PHI,18,1.1,1.6,2.1
00-0037805,Jeremy Ruckert,TE,NYJ,PIT,1,1.6,2.6,3.6
00-0037805,Jeremy Ruckert,TE,NYJ,BUF,2,6.5,7.0,7.5
00-0037805,Jeremy Ruckert,TE,NYJ,MIA,4,2.3,2.8,3.3
00-0037805,Jeremy Ruckert,TE,NYJ,DAL,5,2.8,4.8,6.8
00-0037805,Jeremy Ruckert,TE,NYJ,DEN,6,0.0,0.0,0.0
00-0037805,Jeremy Ruckert,TE,NYJ,CAR,7,0.0,0.0,0.0
00-0037805,Jeremy Ruckert,TE,NYJ,CIN,8,2.4,2.9,3.4
00-0037805,Jeremy Ruckert,TE,NYJ,CLE,10,0.0,0.5,1.0
00-0037805,Jeremy Ruckert,TE,NYJ,NE,11,2.3,4.3,6.3
00-0037805,Jeremy Ruckert,TE,NYJ,ATL,13,1.2,2.2,3.2
00-0037805,Jeremy Ruckert,TE,NYJ,MIA,14,1.9,2.9,3.9
00-0037805,Jeremy Ruckert,TE,NYJ,JAX,15,1.3,2.3,3.3
00-0037805,Jeremy Ruckert,TE,NYJ,NO,16,1.4,2.4,3.4
00-0037805,Jeremy Ruckert,TE,NYJ,NE,17,0.2,0.7,1.2
00-0037267,Jerome Ford,RB,CLE,CIN,1,0.5,1.0,1.5
00-0037267,Jerome Ford,RB,CLE,BAL,2,5.4,7.9,10.4
00-0037267,Jerome Ford,RB,CLE,GB,3,1.0,3.0,5.0
00-0037267,Jerome Ford,RB,CLE,DET,4,0.3,0.8,1.3
00-0037267,Jerome Ford,RB,CLE,MIN,5,3.8,4.8,5.8
00-0037267,Jerome Ford,RB,CLE,PIT,6,3.0,5.5,8.0
00-0037267,Jerome Ford,RB,CLE,MIA,7,1.0,2.0,3.0
00-0037267,Jerome Ford,RB,CLE,NE,8,-0.1,0.4,0.9
00-0037267,Jerome Ford,RB,CLE,NYJ,10,0.1,0.1,0.1
00-0037267,Jerome Ford,RB,CLE,BAL,11,0.2,0.2,0.2
00-0037267,Jerome Ford,RB,CLE,LV,12,-0.3,-0.3,-0.3
00-0037267,Jerome Ford,RB,CLE,SF,13,1.7,3.2,4.7
00-0037267,Jerome Ford,RB,CLE,TEN,14,1.0,2.0,3.0
00-0036407,Jerry Jeudy,WR,CLE,CIN,1,6.6,9.1,11.6
00-0036407,Jerry Jeudy,WR,CLE,BAL,2,5.1,7.1,9.1
00-0036407,Jerry Jeudy,WR,CLE,GB,3,1.7,2.2,2.7
00-0036407,Jerry Jeudy,WR,CLE,DET,4,4.8,6.3,7.8
00-0036407,Jerry Jeudy,WR,CLE,MIN,5,1.5,2.5,3.5
00-0036407,Jerry Jeudy,WR,CLE,PIT,6,4.3,6.8,9.3
00-0036407,Jerry Jeudy,WR,CLE,MIA,7,1.7,2.7,3.7
00-0036407,Jerry Jeudy,WR,CLE,NE,8,0.0,0.0,0.0
00-0036407,Jerry Jeudy,WR,CLE,NYJ,10,13.8,16.8,19.8
00-0036407,Jerry Jeudy,WR,CLE,BAL,11,2.1,3.6,5.1
00-0036407,Jerry Jeudy,WR,CLE,LV,12,1.9,2.4,2.9
00-0036407,Jerry Jeudy,WR,CLE,SF,13,2.6,4.1,5.6
00-0036407,Jerry Jeudy,WR,CLE,TEN,14,13.6,15.1,16.6
00-0036407,Jerry Jeudy,WR,CLE,CHI,15,2.2,3.2,4.2
00-0036407,Jerry Jeudy,WR,CLE,BUF,16,1.2,2.7,4.2
00-0036407,Jerry Jeudy,WR,CLE,PIT,17,5.4,7.9,10.4
00-0036407,Jerry Jeudy,WR,CLE,CIN,18,2.2,3.2,4.2
00-0039710,Jeshaun Jones,WR,MIN,GB,18,0.0,0.0,0.0
00-0031345,Jimmy Garoppolo,QB,LA,JAX,7,-0.3,-0.3,-0.3
00-0031345,Jimmy Garoppolo,QB,LA,ARI,14,-0.4,-0.4,-0.4
00-0031345,Jimmy Garoppolo,QB,LA,ARI,18,-0.3,-0.3,-0.3
00-0040218,Jimmy Horn Jr.,WR,CAR,MIA,5,3.1,4.1,5.1
00-0040218,Jimmy Horn Jr.,WR,CAR,DAL,6,4.7,5.7,6.7
00-0040218,Jimmy Horn Jr.,WR,CAR,NYJ,7,1.5,2.0,2.5
00-0040218,Jimmy Horn Jr.,WR,CAR,BUF,8,0.9,0.9,0.9
00-0040218,Jimmy Horn Jr.,WR,CAR,GB,9,0.8,1.3,1.8
00-0040218,Jimmy Horn Jr.,WR,CAR,SF,12,1.1,1.6,2.1
00-0040218,Jimmy Horn Jr.,WR,CAR,NO,15,0.7,1.2,1.7
00-0040218,Jimmy Horn Jr.,WR,CAR,TB,16,2.5,2.5,2.5
00-0040218,Jimmy Horn Jr.,WR,CAR,SEA,17,0.9,1.9,2.9
00-0040218,Jimmy Horn Jr.,WR,CAR,TB,18,1.5,2.0,2.5
00-0036442,Joe Burrow,QB,CIN,CLE,1,8.8,8.8,8.8
00-0036442,Joe Burrow,QB,CIN,JAX,2,7.0,7.0,7.0
00-0036442,Joe Burrow,QB,CIN,BAL,13,19.2,19.2,19.2
00-0036442,Joe Burrow,QB,CIN,BUF,14,23.4,23.4,23.4
00-0036442,Joe Burrow,QB,CIN,BAL,15,5.5,5.5,5.5
00-0036442,Joe Burrow,QB,CIN,MIA,16,29.0,29.0,29.0
00-0036442,Joe Burrow,QB,CIN,ARI,17,20.4,20.4,20.4
00-0036442,Joe Burrow,QB,CIN,CLE,18,21.1,21.1,21.1
00-0026158,Joe Flacco,QB,CLE,CIN,1,12.2,12.2,12.2
00-0026158,Joe Flacco,QB,CLE,BAL,2,8.8,8.8,8.8
00-0026158,Joe Flacco,QB,CLE,GB,3,3.7,3.7,3.7
00-0026158,Joe Flacco,QB,CLE,DET,4,1.3,1.3,1.3
00-0026158,Joe Flacco,QB,CIN,GB,6,18.8,18.8,18.8
00-0026158,Joe Flacco,QB,CIN,PIT,7,26.0,26.0,26.0
00-0026158,Joe Flacco,QB,CIN,NYJ,8,24.3,24.3,24.3
00-0026158,Joe Flacco,QB,CIN,CHI,9,30.7,30.7,30.7
00-0026158,Joe Flacco,QB,CIN,PIT,11,9.9,9.9,9.9
00-0026158,Joe Flacco,QB,CIN,NE,12,9.6,9.6,9.6
00-0026158,Joe Flacco,QB,CIN,MIA,16,0.2,0.2,0.2
00-0026158,Joe Flacco,QB,CIN,ARI,17,1.2,1.2,1.2
00-0026158,Joe Flacco,QB,CIN,CLE,18,0.2,0.2,0.2
00-0039398,Joe Milton III,QB,DAL,CHI,3,-0.4,-0.4,-0.4
00-0039398,Joe Milton III,QB,DAL,DEN,8,6.3,6.3,6.3
00-0039398,Joe Milton III,QB,DAL,LAC,16,-0.9,-0.9,-0.9
00-0039398,Joe Milton III,QB,DAL,NYG,18,5.2,5.2,5.2
00-0035192,Joey Slye,K,TEN,DEN,1,15.0,15.0,15.0
00-0035192,Joey Slye,K,TEN,LA,2,17.0,17.0,17.0
00-0035192,Joey Slye,K,TEN,IND,3,9.0,9.0,9.0
00-0035192,Joey Slye,K,TEN,HOU,4,-2.0,-2.0,-2.0
00-0035192,Joey Slye,K,TEN,ARI,5,12.0,12.0,12.0
00-0035192,Joey Slye,K,TEN,NE,7,10.0,10.0,10.0
00-0035192,Joey Slye,K,TEN,IND,8,1.0,1.0,1.0
00-0035192,Joey Slye,K,TEN,LAC,9,9.0,9.0,9.0
00-0035192,Joey Slye,K,TEN,HOU,11,10.0,10.0,10.0
00-0035192,Joey Slye,K,TEN,SEA,12,6.0,6.0,6.0
00-0035192,Joey Slye,K,TEN,JAX,13,3.0,3.0,3.0
00-0035192,Joey Slye,K,TEN,CLE,14,8.0,8.0,8.0
00-0035192,Joey Slye,K,TEN,SF,15,5.0,5.0,5.0
00-0035192,Joey Slye,K,TEN,KC,16,6.0,6.0,6.0
00-0035192,Joey Slye,K,TEN,NO,17,18.0,18.0,18.0
00-0035192,Joey Slye,K,TEN,JAX,18,0.0,0.0,0.0
00-0036628,John Bates,TE,WAS,LAC,5,0.9,1.4,1.9
00-0036628,John Bates,TE,WAS,DAL,7,0.5,1.0,1.5
00-0036628,John Bates,TE,WAS,KC,8,2.2,2.7,3.2
00-0036628,John Bates,TE,WAS,SEA,9,2.0,3.0,4.0
00-0036628,John Bates,TE,WAS,DET,10,0.6,1.1,1.6
00-0036628,John Bates,TE,WAS,DEN,13,0.9,1.9,2.9
00-0036628,John Bates,TE,WAS,MIN,14,0.0,0.0,0.0
00-0036628,John Bates,TE,WAS,NYG,15,1.9,2.4,2.9
00-0036628,John Bates,TE,WAS,PHI,16,0.0,0.0,0.0
00-0036628,John Bates,TE,WAS,PHI,18,7.3,8.3,9.3
00-0037306,John FitzPatrick,TE,GB,DET,1,0.2,0.7,1.2
00-0037306,John FitzPatrick,TE,GB,WAS,2,0.0,0.0,0.0
00-0037306,John FitzPatrick,TE,GB,CLE,3,7.2,8.2,9.2
00-0037306,John FitzPatrick,TE,GB,ARI,7,0.6,1.1,1.6
00-0037306,John FitzPatrick,TE,GB,PIT,8,0.4,0.9,1.4
00-0037306,John FitzPatrick,TE,GB,NYG,11,0.5,1.0,1.5
00-0037306,John FitzPatrick,TE,GB,MIN,12,1.1,1.6,2.1
00-0037306,John FitzPatrick,TE,GB,DET,13,0.0,0.0,0.0
00-0037306,John FitzPatrick,TE,GB,CHI,14,1.4,2.4,3.4
00-0037306,John FitzPatrick,TE,GB,DEN,15,1.8,3.3,4.8
00-0037306,John FitzPatrick,TE,GB,CHI,16,0.0,0.0,0.0
00-0037614,John Metchie III,WR,PHI,DAL,1,0.0,0.0,0.0
00-0037614,John Metchie III,WR,PHI,KC,2,0.0,0.5,1.0
00-0037614,John Metchie III,WR,PHI,LA,3,0.8,1.3,1.8
00-0037614,John Metchie III,WR,PHI,TB,4,1.0,2.0,3.0
00-0037614,John Metchie III,WR,NYJ,CLE,10,-0.4,0.1,0.6
00-0037614,John Metchie III,WR,NYJ,NE,11,10.5,12.0,13.5
00-0037614,John Metchie III,WR,NYJ,BAL,12,12.5,15.5,18.5
00-0037614,John Metchie III,WR,NYJ,ATL,13,1.7,3.7,5.7
00-0037614,John Metchie III,WR,NYJ,MIA,14,3.4,5.4,7.4
00-0037614,John Metchie III,WR,NYJ,JAX,15,2.9,4.9,6.9
00-0037614,John Metchie III,WR,NYJ,NO,16,0.4,0.9,1.4
00-0037614,John Metchie III,WR,NYJ,NE,17,4.1,5.6,7.1
00-0037614,John Metchie III,WR,NYJ,BUF,18,2.0,3.5,5.0
00-0037542,John Parker Romo,K,ATL,MIN,2,18.0,18.0,18.0
00-0037542,John Parker Romo,K,ATL,CAR,3,-2.0,-2.0,-2.0
00-0037542,John Parker Romo,K,ATL,WAS,4,10.0,10.0,10.0
00-0037542,John Parker Romo,K,ATL,BUF,6,5.0,5.0,5.0
00-0037542,John Parker Romo,K,ATL,SF,7,4.0,4.0,4.0
00-0037542,John Parker Romo,K,ATL,MIA,8,5.0,5.0,5.0
00-0037542,John Parker Romo,K,ATL,NE,9,4.0,4.0,4.0
00-0033246,Johnny Mundt,TE,JAX,CAR,1,0.0,0.0,0.0
00-0033246,Johnny Mundt,TE,JAX,HOU,3,0.7,1.2,1.7
00-0033246,Johnny Mundt,TE,JAX,SF,4,0.0,0.0,0.0
00-0033246,Johnny Mundt,TE,JAX,KC,5,0.7,1.2,1.7
00-0033246,Johnny Mundt,TE,JAX,SEA,6,1.4,1.9,2.4
00-0033246,Johnny Mundt,TE,JAX,LA,7,0.9,1.4,1.9
00-0033246,Johnny Mundt,TE,JAX,LV,9,0.0,0.0,0.0
00-0033246,Johnny Mundt,TE,JAX,HOU,10,2.1,2.6,3.1
00-0033246,Johnny Mundt,TE,JAX,LAC,11,2.5,3.5,4.5
00-0033246,Johnny Mundt,TE,JAX,ARI,12,1.2,1.7,2.2
00-0033246,Johnny Mundt,TE,JAX,IND,17,0.0,0.0,0.0
00-0033246,Johnny Mundt,TE,JAX,TEN,18,1.6,2.1,2.6
00-0039062,Jonathan Mingo,WR,DAL,DET,14,0.0,0.0,0.0
00-0039062,Jonathan Mingo,WR,DAL,MIN,15,2.5,3.0,3.5
00-0039062,Jonathan Mingo,WR,DAL,LAC,16,0.0,0.0,0.0
00-0039062,Jonathan Mingo,WR,DAL,WAS,17,0.0,0.0,0.0
00-0039062,Jonathan Mingo,WR,DAL,NYG,18,0.0,0.0,0.0
00-0036223,Jonathan Taylor,RB,IND,MIA,1,9.8,11.3,12.8
00-0036223,Jonathan Taylor,RB,IND,DEN,2,27.5,28.5,29.5
00-0036223,Jonathan Taylor,RB,IND,TEN,3,29.8,31.3,32.8
00-0036223,Jonathan Taylor,RB,IND,LA,4,9.6,12.1,14.6
00-0036223,Jonathan Taylor,RB,IND,LV,5,28.6,30.1,31.6
00-0036223,Jonathan Taylor,RB,IND,ARI,6,19.7,21.7,23.7
00-0036223,Jonathan Taylor,RB,IND,LAC,7,31.2,32.7,34.2
00-0036223,Jonathan Taylor,RB,IND,TEN,8,35.4,36.4,37.4
00-0036223,Jonathan Taylor,RB,IND,PIT,9,5.7,6.7,7.7
00-0036223,Jonathan Taylor,RB,IND,ATL,10,46.6,48.1,49.6
00-0036223,Jonathan Taylor,RB,IND,KC,12,6.6,7.6,8.6
00-0036223,Jonathan Taylor,RB,IND,HOU,13,12.1,13.6,15.1
00-0036223,Jonathan Taylor,RB,IND,JAX,14,11.4,11.4,11.4
00-0036223,Jonathan Taylor,RB,IND,SEA,15,10.1,11.6,13.1
00-0036223,Jonathan Taylor,RB,IND,SF,16,13.9,15.4,16.9
00-0036223,Jonathan Taylor,RB,IND,JAX,17,14.4,15.9,17.4
00-0036223,Jonathan Taylor,RB,IND,HOU,18,3.9,4.9,5.9
00-0033858,Jonnu Smith,TE,PIT,NYJ,1,7.5,10.0,12.5
00-0033858,Jonnu Smith,TE,PIT,SEA,2,2.7,4.7,6.7
00-0033858,Jonnu Smith,TE,PIT,NE,3,2.3,3.8,5.3
00-0033858,Jonnu Smith,TE,PIT,MIN,4,0.6,1.6,2.6
00-0033858,Jonnu Smith,TE,PIT,CLE,6,2.8,4.3,5.8
00-0033858,Jonnu Smith,TE,PIT,CIN,7,8.8,10.3,11.8
00-0033858,Jonnu Smith,TE,PIT,GB,8,1.7,2.7,3.7
00-0033858,Jonnu Smith,TE,PIT,IND,9,2.5,4.0,5.5
00-0033858,Jonnu Smith,TE,PIT,LAC,10,0.4,0.9,1.4
00-0033858,Jonnu Smith,TE,PIT,CIN,11,0.0,0.0,0.0
00-0033858,Jonnu Smith,TE,PIT,CHI,12,2.8,4.3,5.8
00-0033858,Jonnu Smith,TE,PIT,BUF,13,0.6,1.1,1.6
00-0033858,Jonnu Smith,TE,PIT,BAL,14,0.0,0.0,0.0
00-0033858,Jonnu Smith,TE,PIT,MIA,15,8.6,9.6,10.6
00-0033858,Jonnu Smith,TE,PIT,DET,16,2.8,2.8,2.8
00-0033858,Jonnu Smith,TE,PIT,CLE,17,2.7,5.2,7.7
00-0033858,Jonnu Smith,TE,PIT,BAL,18,0.4,0.9,1.4
00-0038994,Jordan Addison,WR,MIN,PIT,4,11.4,13.4,15.4
00-0038994,Jordan Addison,WR,MIN,CLE,5,10.1,12.6,15.1
00-0038994,Jordan Addison,WR,MIN,PHI,7,12.8,17.3,21.8
00-0038994,Jordan Addison,WR,MIN,LAC,8,8.6,10.1,11.6
00-0038994,Jordan Addison,WR,MIN,DET,9,6.4,7.4,8.4
00-0038994,Jordan Addison,WR,MIN,BAL,10,3.5,5.0,6.5
00-0038994,Jordan Addison,WR,MIN,CHI,11,8.0,9.0,10.0
00-0038994,Jordan Addison,WR,MIN,GB,12,0.0,0.0,0.0
00-0038994,Jordan Addison,WR,MIN,SEA,13,3.6,6.1,8.6
00-0038994,Jordan Addison,WR,MIN,WAS,14,6.2,8.2,10.2
00-0038994,Jordan Addison,WR,MIN,DAL,15,6.6,7.6,8.6
00-0038994,Jordan Addison,WR,MIN,NYG,16,2.6,3.6,4.6
00-0038994,Jordan Addison,WR,MIN,DET,17,12.5,12.5,12.5
00-0038994,Jordan Addison,WR,MIN,GB,18,0.8,1.3,1.8
00-0036264,Jordan Love,QB,GB,DET,1,15.9,15.9,15.9
00-0036264,Jordan Love,QB,GB,WAS,2,20.9,20.9,20.9
00-0036264,Jordan Love,QB,GB,CLE,3,11.1,11.1,11.1
00-0036264,Jordan Love,QB,GB,DAL,4,26.3,26.3,26.3
00-0036264,Jordan Love,QB,GB,CIN,6,15.0,15.0,15.0
00-0036264,Jordan Love,QB,GB,ARI,7,13.4,13.4,13.4
00-0036264,Jordan Love,QB,GB,PIT,8,28.3,28.3,28.3
00-0036264,Jordan Love,QB,GB,CAR,9,9.0,9.0,9.0
00-0036264,Jordan Love,QB,GB,PHI,10,7.8,7.8,7.8
00-0036264,Jordan Love,QB,GB,NYG,11,17.7,17.7,17.7
00-0036264,Jordan Love,QB,GB,MIN,12,7.1,7.1,7.1
00-0036264,Jordan Love,QB,GB,DET,13,25.8,25.8,25.8
00-0036264,Jordan Love,QB,GB,CHI,14,19.3,19.3,19.3
00-0036264,Jordan Love,QB,GB,DEN,15,13.9,13.9,13.9
00-0036264,Jordan Love,QB,GB,CHI,16,3.8,3.8,3.8
00-0037525,Jordan Mason,RB,MIN,CHI,1,7.5,8.0,8.5
00-0037525,Jordan Mason,RB,MIN,ATL,2,3.8,4.8,5.8
00-0037525,Jordan Mason,RB,MIN,CIN,3,23.6,23.6,23.6
00-0037525,Jordan Mason,RB,MIN,PIT,4,7.2,8.7,10.2
00-0037525,Jordan Mason,RB,MIN,CLE,5,9.6,11.1,12.6
00-0037525,Jordan Mason,RB,MIN,PHI,7,11.7,11.7,11.7
00-0037525,Jordan Mason,RB,MIN,LAC,8,0.6,1.1,1.6
00-0037525,Jordan Mason,RB,MIN,DET,9,3.7,4.2,4.7
00-0037525,Jordan Mason,RB,MIN,BAL,10,3.1,3.6,4.1
00-0037525,Jordan Mason,RB,MIN,CHI,11,10.5,10.5,10.5
00-0037525,Jordan Mason,RB,MIN,GB,12,4.2,4.2,4.2
00-0037525,Jordan Mason,RB,MIN,SEA,13,4.8,5.3,5.8
00-0037525,Jordan Mason,RB,MIN,WAS,14,11.2,11.2,11.2
00-0037525,Jordan Mason,RB,MIN,DAL,15,2.9,2.9,2.9
00-0037525,Jordan Mason,RB,MIN,NYG,16,1.1,1.6,2.1
00-0037525,Jordan Mason,RB,MIN,GB,18,9.4,9.4,9.4
00-0038678,Jordan Mims,RB,TEN,LA,2,0.0,0.0,0.0
00-0040172,Jordan Watkins,WR,SF,HOU,8,0.7,1.2,1.7
00-0040172,Jordan Watkins,WR,SF,NYG,9,1.9,2.4,2.9
00-0039751,Jordan Whittington,WR,LA,HOU,1,0.5,0.5,0.5
00-0039751,Jordan Whittington,WR,LA,TEN,2,4.2,5.2,6.2
00-0039751,Jordan Whittington,WR,LA,PHI,3,1.4,2.4,3.4
00-0039751,Jordan Whittington,WR,LA,IND,4,0.7,1.2,1.7
00-0039751,Jordan Whittington,WR,LA,SF,5,3.3,4.3,5.3
00-0039751,Jordan Whittington,WR,LA,BAL,6,2.3,3.8,5.3
00-0039751,Jordan Whittington,WR,LA,JAX,7,0.9,1.9,2.9
00-0039751,Jordan Whittington,WR,LA,SEA,11,0.9,1.4,1.9
00-0039751,Jordan Whittington,WR,LA,TB,12,1.7,3.2,4.7
00-0039751,Jordan Whittington,WR,LA,CAR,13,0.0,0.0,0.0
00-0039751,Jordan Whittington,WR,LA,ARI,14,0.5,1.0,1.5
00-0039751,Jordan Whittington,WR,LA,DET,15,0.0,0.0,0.0
00-0039751,Jordan Whittington,WR,LA,SEA,16,1.9,2.4,2.9
00-0039751,Jordan Whittington,WR,LA,ATL,17,0.0,0.0,0.0
00-0039751,Jordan Whittington,WR,LA,ARI,18,0.0,0.0,0.0
00-0034857,Josh Allen,QB,BUF,BAL,1,38.8,38.8,38.8
00-0034857,Josh Allen,QB,BUF,NYJ,2,11.8,11.8,11.8
00-0034857,Josh Allen,QB,BUF,MIA,3,23.0,23.0,23.0
00-0034857,Josh Allen,QB,BUF,NO,4,24.9,24.9,24.9
00-0034857,Josh Allen,QB,BUF,NE,5,19.4,19.4,19.4
00-0034857,Josh Allen,QB,BUF,ATL,6,15.4,15.4,15.4
00-0034857,Josh Allen,QB,BUF,CAR,8,23.2,23.2,23.2
00-0034857,Josh Allen,QB,BUF,KC,9,28.8,28.8,28.8
00-0034857,Josh Allen,QB,BUF,MIA,10,19.3,19.3,19.3
00-0034857,Josh Allen,QB,BUF,TB,11,42.7,42.7,42.7
00-0034857,Josh Allen,QB,BUF,HOU,12,8.1,8.1,8.1
00-0034857,Josh Allen,QB,BUF,PIT,13,16.7,16.7,16.7
00-0034857,Josh Allen,QB,BUF,CIN,14,37.8,37.8,37.8
00-0034857,Josh Allen,QB,BUF,NE,15,24.5,24.5,24.5
00-0034857,Josh Allen,QB,BUF,CLE,16,6.9,6.9,6.9
00-0034857,Josh Allen,QB,BUF,PHI,17,23.2,23.2,23.2
00-0038997,Josh Downs,WR,IND,MIA,1,1.2,2.2,3.2
00-0038997,Josh Downs,WR,IND,DEN,2,5.1,8.1,11.1
00-0038997,Josh Downs,WR,IND,TEN,3,3.4,4.4,5.4
00-0038997,Josh Downs,WR,IND,LA,4,2.4,4.4,6.4
00-0038997,Josh Downs,WR,IND,LV,5,5.4,8.4,11.4
00-0038997,Josh Downs,WR,IND,ARI,6,10.2,13.2,16.2
00-0038997,Josh Downs,WR,IND,TEN,8,9.9,11.4,12.9
00-0038997,Josh Downs,WR,IND,PIT,9,11.7,14.7,17.7
00-0038997,Josh Downs,WR,IND,ATL,10,0.3,0.8,1.3
00-0038997,Josh Downs,WR,IND,KC,12,1.0,2.0,3.0
00-0038997,Josh Downs,WR,IND,HOU,13,4.4,5.4,6.4
00-0038997,Josh Downs,WR,IND,JAX,14,2.3,4.3,6.3
00-0038997,Josh Downs,WR,IND,SEA,15,7.3,8.8,10.3
00-0038997,Josh Downs,WR,IND,SF,16,6.8,9.3,11.8
00-0038997,Josh Downs,WR,IND,JAX,17,3.4,4.4,5.4
00-0038997,Josh Downs,WR,IND,HOU,18,5.6,7.6,9.6
00-0035700,Josh Jacobs,RB,GB,DET,1,13.0,13.5,14.0
00-0035700,Josh Jacobs,RB,GB,WAS,2,14.4,14.4,14.4
00-0035700,Josh Jacobs,RB,GB,CLE,3,7.4,9.9,12.4
00-0035700,Josh Jacobs,RB,GB,DAL,4,27.7,29.7,31.7
00-0035700,Josh Jacobs,RB,GB,CIN,6,27.0,29.5,32.0
00-0035700,Josh Jacobs,RB,GB,ARI,7,17.8,18.3,18.8
00-0035700,Josh Jacobs,RB,GB,PIT,8,10.5,12.0,13.5
00-0035700,Josh Jacobs,RB,GB,CAR,9,16.0,18.0,20.0
00-0035700,Josh Jacobs,RB,GB,PHI,10,14.7,17.2,19.7
00-0035700,Josh Jacobs,RB,GB,NYG,11,4.0,4.0,4.0
00-0035700,Josh Jacobs,RB,GB,DET,13,9.1,9.6,10.1
00-0035700,Josh Jacobs,RB,GB,CHI,14,15.2,16.2,17.2
00-0035700,Josh Jacobs,RB,GB,DEN,15,21.2,22.2,23.2
00-0035700,Josh Jacobs,RB,GB,CHI,16,2.8,3.8,4.8
00-0035700,Josh Jacobs,RB,GB,BAL,17,0.3,0.8,1.3
00-0026300,Josh Johnson,QB,WAS,PHI,16,-0.3,-0.3,-0.3
00-0026300,Josh Johnson,QB,WAS,DAL,17,8.9,8.9,8.9
00-0026300,Josh Johnson,QB,WAS,PHI,18,15.7,15.7,15.7
00-0035249,Josh Oliver,TE,MIN,CHI,1,0.5,1.0,1.5
00-0035249,Josh Oliver,TE,MIN,CIN,3,7.2,7.7,8.2
00-0035249,Josh Oliver,TE,MIN,PIT,4,0.0,0.0,0.0
00-0035249,Josh Oliver,TE,MIN,CLE,5,9.5,10.5,11.5
00-0035249,Josh Oliver,TE,MIN,PHI,7,0.9,1.4,1.9
00-0035249,Josh Oliver,TE,MIN,CHI,11,-0.3,0.2,0.7
00-0035249,Josh Oliver,TE,MIN,GB,12,0.4,0.9,1.4
00-0035249,Josh Oliver,TE,MIN,WAS,14,14.4,15.4,16.4
00-0035249,Josh Oliver,TE,MIN,DAL,15,1.8,2.3,2.8
00-0035249,Josh Oliver,TE,MIN,NYG,16,1.9,2.9,3.9
00-0035249,Josh Oliver,TE,MIN,DET,17,0.8,1.3,1.8
00-0035249,Josh Oliver,TE,MIN,GB,18,2.9,3.9,4.9
00-0036988,Josh Palmer,WR,BUF,BAL,1,6.1,8.6,11.1
00-0036988,Josh Palmer,WR,BUF,NYJ,2,4.7,5.7,6.7
00-0036988,Josh Palmer,WR,BUF,MIA,3,0.5,1.0,1.5
00-0036988,Josh Palmer,WR,BUF,NO,4,2.5,3.5,4.5
00-0036988,Josh Palmer,WR,BUF,NE,5,3.6,4.6,5.6
00-0036988,Josh Palmer,WR,BUF,ATL,6,6.0,7.0,8.0
00-0036988,Josh Palmer,WR,BUF,TB,11,1.7,2.7,3.7
00-0036988,Josh Palmer,WR,BUF,HOU,12,2.1,3.1,4.1
00-0036988,Josh Palmer,WR,BUF,NE,15,1.6,2.1,2.6
00-0036988,Josh Palmer,WR,BUF,CLE,16,0.2,0.7,1.2
00-0036988,Josh Palmer,WR,BUF,PHI,17,1.2,1.7,2.2
00-0036988,Josh Palmer,WR,BUF,NYJ,18,0.1,0.6,1.1
00-0033943,Josh Reynolds,WR,NYJ,PIT,1,1.8,2.8,3.8
00-0033943,Josh Reynolds,WR,NYJ,MIA,4,0.0,0.0,0.0
00-0033943,Josh Reynolds,WR,NYJ,DAL,5,4.9,6.4,7.9
00-0033943,Josh Reynolds,WR,NYJ,DEN,6,2.5,4.0,5.5
00-0033943,Josh Reynolds,WR,NYJ,CAR,7,2.9,4.4,5.9
00-0038589,Josh Whyle,TE,GB,NYG,11,6.2,6.7,7.2
00-0038589,Josh Whyle,TE,GB,MIN,12,0.1,0.6,1.1
00-0038589,Josh Whyle,TE,GB,DET,13,0.0,0.0,0.0
00-0038589,Josh Whyle,TE,GB,CHI,14,2.1,2.6,3.1
00-0038589,Josh Whyle,TE,GB,BAL,17,0.8,1.3,1.8
00-0038589,Josh Whyle,TE,GB,MIN,18,0.4,0.9,1.4
00-0040429,Josh Williams,RB,TB,SEA,5,0.0,0.0,0.0
00-0040429,Josh Williams,RB,TB,NO,8,1.1,1.1,1.1
00-0033949,Joshua Dobbs,QB,NE,CAR,4,-0.2,-0.2,-0.2
00-0033949,Joshua Dobbs,QB,NE,TEN,7,0.3,0.3,0.3
00-0033949,Joshua Dobbs,QB,NE,NYJ,17,1.1,1.1,1.1
00-0033949,Joshua Dobbs,QB,NE,MIA,18,0.9,0.9,0.9
00-0039750,Joshua Karty,K,LA,HOU,1,2.0,2.0,2.0
00-0039750,Joshua Karty,K,LA,TEN,2,9.0,9.0,9.0
00-0039750,Joshua Karty,K,LA,PHI,3,15.0,15.0,15.0
00-0039750,Joshua Karty,K,LA,IND,4,10.0,10.0,10.0
00-0039750,Joshua Karty,K,LA,SF,5,5.0,5.0,5.0
00-0039750,Joshua Karty,K,LA,BAL,6,4.0,4.0,4.0
00-0039750,Joshua Karty,K,LA,JAX,7,5.0,5.0,5.0
00-0039750,Joshua Karty,K,LA,NO,9,2.0,2.0,2.0
00-0036332,Josiah Deguara,TE,ARI,CAR,2,0.0,0.0,0.0
00-0036332,Josiah Deguara,TE,ARI,SF,11,0.0,0.0,0.0
00-0036332,Josiah Deguara,TE,ARI,JAX,12,0.6,1.1,1.6
00-0036332,Josiah Deguara,TE,ARI,LA,14,0.0,0.0,0.0
00-0036332,Josiah Deguara,TE,ARI,ATL,16,0.0,0.0,0.0
00-0036332,Josiah Deguara,TE,ARI,CIN,17,0.0,0.0,0.0
00-0036332,Josiah Deguara,TE,ARI,LA,18,7.5,8.5,9.5
00-0033857,JuJu Smith-Schuster,WR,KC,LAC,1,5.5,8.0,10.5
00-0033857,JuJu Smith-Schuster,WR,KC,PHI,2,0.5,1.0,1.5
00-0033857,JuJu Smith-Schuster,WR,KC,NYG,3,5.5,7.5,9.5
00-0033857,JuJu Smith-Schuster,WR,KC,BAL,4,9.6,11.6,13.6
00-0033857,JuJu Smith-Schuster,WR,KC,JAX,5,1.7,2.7,3.7
00-0033857,JuJu Smith-Schuster,WR,KC,DET,6,5.7,7.2,8.7
00-0033857,JuJu Smith-Schuster,WR,KC,LV,7,3.5,5.0,6.5
00-0033857,JuJu Smith-Schuster,WR,KC,WAS,8,2.9,3.9,4.9
00-0033857,JuJu Smith-Schuster,WR,KC,BUF,9,0.2,0.7,1.2
00-0033857,JuJu Smith-Schuster,WR,KC,DEN,11,0.0,0.0,0.0
00-0033857,JuJu Smith-Schuster,WR,KC,IND,12,0.8,1.3,1.8
00-0033857,JuJu Smith-Schuster,WR,KC,DAL,13,0.0,0.0,0.0
00-0033857,JuJu Smith-Schuster,WR,KC,HOU,14,0.5,1.0,1.5
00-0033857,JuJu Smith-Schuster,WR,KC,LAC,15,0.0,0.0,0.0
00-0033857,JuJu Smith-Schuster,WR,KC,TEN,16,1.2,1.7,2.2
00-0033857,JuJu Smith-Schuster,WR,KC,DEN,17,1.6,3.1,4.6
00-0033857,JuJu Smith-Schuster,WR,KC,LV,18,1.3,2.3,3.3
00-0039934,Jude McAtamney,K,NYG,LAC,4,7.0,7.0,7.0
00-0039934,Jude McAtamney,K,NYG,NO,5,2.0,2.0,2.0
00-0039934,Jude McAtamney,K,NYG,PHI,6,3.0,3.0,3.0
00-0039934,Jude McAtamney,K,NYG,DEN,7,0.0,0.0,0.0
00-0038720,Julian Hill,TE,MIA,IND,1,2.0,2.0,2.0
00-0038720,Julian Hill,TE,MIA,BUF,3,0.4,0.9,1.4
00-0038720,Julian Hill,TE,MIA,NYJ,4,1.9,2.4,2.9
00-0038720,Julian Hill,TE,MIA,CAR,5,2.2,4.2,6.2
00-0038720,Julian Hill,TE,MIA,LAC,6,3.1,4.6,6.1
00-0038720,Julian Hill,TE,MIA,CLE,7,0.1,0.6,1.1
00-0038720,Julian Hill,TE,MIA,WAS,11,1.4,1.9,2.4
00-0038720,Julian Hill,TE,MIA,NO,13,0.0,0.0,0.0
00-0038720,Julian Hill,TE,MIA,PIT,15,2.5,3.5,4.5
00-0038720,Julian Hill,TE,MIA,TB,17,1.6,2.1,2.6
00-0038720,Julian Hill,TE,MIA,NE,18,0.8,1.3,1.8
00-0037594,Julius Chestnut,RB,TEN,DEN,1,0.2,0.2,0.2
00-0037594,Julius Chestnut,RB,TEN,IND,3,2.6,2.6,2.6
00-0037594,Julius Chestnut,RB,TEN,HOU,4,0.0,0.0,0.0
00-0037594,Julius Chestnut,RB,TEN,ARI,5,0.3,0.3,0.3
00-0037594,Julius Chestnut,RB,TEN,LV,6,0.0,0.0,0.0
00-0037594,Julius Chestnut,RB,TEN,NE,7,0.0,0.0,0.0
00-0037594,Julius Chestnut,RB,TEN,IND,8,0.5,0.5,0.5
00-0037594,Julius Chestnut,RB,TEN,LAC,9,0.0,0.0,0.0
00-0037594,Julius Chestnut,RB,TEN,HOU,11,0.0,0.0,0.0
00-0037594,Julius Chestnut,RB,TEN,SEA,12,0.3,0.3,0.3
00-0037594,Julius Chestnut,RB,TEN,JAX,13,0.0,0.0,0.0
00-0037594,Julius Chestnut,RB,TEN,CLE,14,0.0,0.0,0.0
00-0037594,Julius Chestnut,RB,TEN,SF,15,0.0,0.0,0.0
00-0037594,Julius Chestnut,RB,TEN,KC,16,0.1,0.1,0.1
00-0037594,Julius Chestnut,RB,TEN,NO,17,0.0,0.0,0.0
00-0037594,Julius Chestnut,RB,TEN,JAX,18,0.0,0.0,0.0
00-0034975,Justice Hill,RB,BAL,BUF,1,-1.1,-0.6,-0.1
00-0034975,Justice Hill,RB,BAL,CLE,2,2.5,4.0,5.5
00-0034975,Justice Hill,RB,BAL,DET,3,4.5,6.0,7.5
00-0034975,Justice Hill,RB,BAL,KC,4,23.7,26.2,28.7
00-0034975,Justice Hill,RB,BAL,HOU,5,1.2,1.7,2.2
00-0034975,Justice Hill,RB,BAL,LA,6,4.4,6.9,9.4
00-0034975,Justice Hill,RB,BAL,CHI,8,0.2,0.2,0.2
00-0034975,Justice Hill,RB,BAL,MIA,9,1.5,2.5,3.5
00-0034975,Justice Hill,RB,BAL,MIN,10,7.3,7.8,8.3
00-0034975,Justice Hill,RB,BAL,NYJ,12,0.0,0.0,0.0
00-0036945,Justin Fields,QB,NYJ,PIT,1,29.5,29.5,29.5
00-0036945,Justin Fields,QB,NYJ,BUF,2,4.0,4.0,4.0
00-0036945,Justin Fields,QB,NYJ,MIA,4,27.1,27.1,27.1
00-0036945,Justin Fields,QB,NYJ,DAL,5,25.9,25.9,25.9
00-0036945,Justin Fields,QB,NYJ,DEN,6,4.9,4.9,4.9
00-0036945,Justin Fields,QB,NYJ,CAR,7,4.0,4.0,4.0
00-0036945,Justin Fields,QB,NYJ,CIN,8,20.9,20.9,20.9
00-0036945,Justin Fields,QB,NYJ,CLE,10,7.0,7.0,7.0
00-0036945,Justin Fields,QB,NYJ,NE,11,19.3,19.3,19.3
00-0036355,Justin Herbert,QB,LAC,KC,1,27.9,27.9,27.9
00-0036355,Justin Herbert,QB,LAC,LV,2,18.8,18.8,18.8
00-0036355,Justin Herbert,QB,LAC,DEN,3,14.6,14.6,14.6
00-0036355,Justin Herbert,QB,LAC,NYG,4,12.5,12.5,12.5
00-0036355,Justin Herbert,QB,LAC,WAS,5,14.6,14.6,14.6
00-0036355,Justin Herbert,QB,LAC,MIA,6,18.8,18.8,18.8
00-0036355,Justin Herbert,QB,LAC,IND,7,27.9,27.9,27.9
00-0036355,Justin Herbert,QB,LAC,MIN,8,25.3,25.3,25.3
00-0036355,Justin Herbert,QB,LAC,TEN,9,27.7,27.7,27.7
00-0036355,Justin Herbert,QB,LAC,PIT,10,14.7,14.7,14.7
00-0036355,Justin Herbert,QB,LAC,JAX,11,3.3,3.3,3.3
00-0036355,Justin Herbert,QB,LAC,LV,13,12.8,12.8,12.8
00-0036355,Justin Herbert,QB,LAC,PHI,14,12.2,12.2,12.2
00-0036355,Justin Herbert,QB,LAC,KC,15,10.4,10.4,10.4
00-0036355,Justin Herbert,QB,LAC,DAL,16,30.2,30.2,30.2
00-0036355,Justin Herbert,QB,LAC,HOU,17,15.1,15.1,15.1
00-0036322,Justin Jefferson,WR,MIN,CHI,1,10.8,12.8,14.8
00-0036322,Justin Jefferson,WR,MIN,ATL,2,8.1,9.6,11.1
00-0036322,Justin Jefferson,WR,MIN,CIN,3,7.5,10.0,12.5
00-0036322,Justin Jefferson,WR,MIN,PIT,4,12.6,17.6,22.6
00-0036322,Justin Jefferson,WR,MIN,CLE,5,12.3,15.8,19.3
00-0036322,Justin Jefferson,WR,MIN,PHI,7,7.9,10.4,12.9
00-0036322,Justin Jefferson,WR,MIN,LAC,8,7.4,10.9,14.4
00-0036322,Justin Jefferson,WR,MIN,DET,9,10.7,13.7,16.7
00-0036322,Justin Jefferson,WR,MIN,BAL,10,3.7,5.7,7.7
00-0036322,Justin Jefferson,WR,MIN,CHI,11,6.1,8.6,11.1
00-0036322,Justin Jefferson,WR,MIN,GB,12,4.8,6.8,8.8
00-0036322,Justin Jefferson,WR,MIN,SEA,13,0.4,1.4,2.4
00-0036322,Justin Jefferson,WR,MIN,WAS,14,1.1,2.1,3.1
00-0036322,Justin Jefferson,WR,MIN,DAL,15,2.2,3.2,4.2
00-0036322,Justin Jefferson,WR,MIN,NYG,16,8.5,11.5,14.5
00-0036322,Justin Jefferson,WR,MIN,DET,17,3.0,5.0,7.0
00-0036322,Justin Jefferson,WR,MIN,GB,18,10.4,14.4,18.4
00-0038590,Justin Shorter,TE,LV,NE,1,0.0,0.0,0.0
00-0038590,Justin Shorter,TE,LV,CHI,4,0.0,0.0,0.0
00-0038590,Justin Shorter,TE,LV,TEN,6,0.0,0.0,0.0
00-0034386,Justin Watson,WR,HOU,LA,1,2.7,3.7,4.7
00-0034386,Justin Watson,WR,HOU,TB,2,0.3,0.8,1.3
00-0034386,Justin Watson,WR,HOU,IND,18,0.0,0.0,0.0
00-0036040,Juwan Johnson,TE,NO,ARI,1,7.6,11.6,15.6
00-0036040,Juwan Johnson,TE,NO,SF,2,10.9,13.4,15.9
00-0036040,Juwan Johnson,TE,NO,SEA,3,5.1,8.1,11.1
00-0036040,Juwan Johnson,TE,NO,BUF,4,2.8,4.3,5.8
00-0036040,Juwan Johnson,TE,NO,NYG,5,1.7,2.7,3.7
00-0036040,Juwan Johnson,TE,NO,NE,6,-0.5,0.5,1.5
00-0036040,Juwan Johnson,TE,NO,CHI,7,7.9,10.4,12.9
00-0036040,Juwan Johnson,TE,NO,TB,8,5.3,7.8,10.3
00-0036040,Juwan Johnson,TE,NO,LA,9,9.1,10.6,12.1
00-0036040,Juwan Johnson,TE,NO,CAR,10,15.2,17.2,19.2
00-0036040,Juwan Johnson,TE,NO,ATL,12,4.6,7.6,10.6
00-0036040,Juwan Johnson,TE,NO,MIA,13,3.9,6.4,8.9
00-0036040,Juwan Johnson,TE,NO,TB,14,3.8,5.8,7.8
00-0036040,Juwan Johnson,TE,NO,CAR,15,3.0,5.0,7.0
00-0036040,Juwan Johnson,TE,NO,NYJ,16,8.9,12.9,16.9
00-0036040,Juwan Johnson,TE,NO,TEN,17,9.5,11.5,13.5
00-0036040,Juwan Johnson,TE,NO,ATL,18,4.1,5.6,7.1
00-0032726,Ka'imi Fairbairn,K,HOU,LA,1,14.0,14.0,14.0
00-0032726,Ka'imi Fairbairn,K,HOU,TB,2,9.0,9.0,9.0
00-0032726,Ka'imi Fairbairn,K,HOU,JAX,3,3.0,3.0,3.0
00-0032726,Ka'imi Fairbairn,K,HOU,TEN,4,9.0,9.0,9.0
00-0032726,Ka'imi Fairbairn,K,HOU,BAL,5,18.0,18.0,18.0
00-0032726,Ka'imi Fairbairn,K,HOU,SEA,7,8.0,8.0,8.0
00-0032726,Ka'imi Fairbairn,K,HOU,SF,8,14.0,14.0,14.0
00-0032726,Ka'imi Fairbairn,K,HOU,DEN,9,17.0,17.0,17.0
00-0032726,Ka'imi Fairbairn,K,HOU,BUF,12,12.0,12.0,12.0
00-0032726,Ka'imi Fairbairn,K,HOU,IND,13,9.0,9.0,9.0
00-0032726,Ka'imi Fairbairn,K,HOU,KC,14,8.0,8.0,8.0
00-0032726,Ka'imi Fairbairn,K,HOU,ARI,15,17.0,17.0,17.0
00-0032726,Ka'imi Fairbairn,K,HOU,LV,16,16.0,16.0,16.0
00-0032726,Ka'imi Fairbairn,K,HOU,LAC,17,10.0,10.0,10.0
00-0032726,Ka'imi Fairbairn,K,HOU,IND,18,26.0,26.0,26.0
00-0037801,KaVontae Turpin,WR,DAL,PHI,1,2.7,3.7,4.7
00-0037801,KaVontae Turpin,WR,DAL,NYG,2,11.3,13.3,15.3
00-0037801,KaVontae Turpin,WR,DAL,CHI,3,6.8,7.8,8.8
00-0037801,KaVontae Turpin,WR,DAL,GB,4,3.4,4.9,6.4
00-0037801,KaVontae Turpin,WR,DAL,WAS,7,1.7,2.2,2.7
00-0037801,KaVontae Turpin,WR,DAL,DEN,8,-0.2,0.3,0.8
00-0037801,KaVontae Turpin,WR,DAL,ARI,9,1.3,2.3,3.3
00-0037801,KaVontae Turpin,WR,DAL,LV,11,0.0,0.5,1.0
00-0037801,KaVontae Turpin,WR,DAL,PHI,12,3.2,3.7,4.2
00-0037801,KaVontae Turpin,WR,DAL,KC,13,6.1,7.1,8.1
00-0037801,KaVontae Turpin,WR,DAL,DET,14,3.0,4.0,5.0
00-0037801,KaVontae Turpin,WR,DAL,MIN,15,1.2,2.2,3.2
00-0037801,KaVontae Turpin,WR,DAL,LAC,16,2.7,3.7,4.7
00-0037801,KaVontae Turpin,WR,DAL,WAS,17,14.6,15.1,15.6
00-0037801,KaVontae Turpin,WR,DAL,NYG,18,0.7,0.7,0.7
00-0037380,Kaden Davis,WR,CLE,GB,3,0.0,0.0,0.0
00-0040142,Kaleb Johnson,RB,PIT,NYJ,1,-0.2,-0.2,-0.2
00-0040142,Kaleb Johnson,RB,PIT,SEA,2,0.1,0.1,0.1
00-0040142,Kaleb Johnson,RB,PIT,MIN,4,2.2,2.2,2.2
00-0040142,Kaleb Johnson,RB,PIT,CLE,6,1.5,1.5,1.5
00-0040142,Kaleb Johnson,RB,PIT,IND,9,1.3,1.8,2.3
00-0040142,Kaleb Johnson,RB,PIT,LAC,10,0.3,0.3,0.3
00-0040142,Kaleb Johnson,RB,PIT,CIN,11,1.5,1.5,1.5
00-0040142,Kaleb Johnson,RB,PIT,BUF,13,0.3,0.3,0.3
00-0040142,Kaleb Johnson,RB,PIT,BAL,14,0.4,0.4,0.4
00-0040142,Kaleb Johnson,RB,PIT,MIA,15,0.4,0.4,0.4
00-0040205,Kalel Mullings,RB,TEN,SEA,12,0.0,0.0,0.0
00-0040205,Kalel Mullings,RB,TEN,SF,15,0.3,0.3,0.3
00-0040205,Kalel Mullings,RB,TEN,KC,16,0.0,0.0,0.0
00-0040205,Kalel Mullings,RB,TEN,NO,17,0.4,0.4,0.4
00-0032464,Kalif Raymond,WR,DET,GB,1,1.6,2.6,3.6
00-0032464,Kalif Raymond,WR,DET,CHI,2,2.3,2.8,3.3
00-0032464,Kalif Raymond,WR,DET,BAL,3,0.4,0.9,1.4
00-0032464,Kalif Raymond,WR,DET,CLE,4,7.3,8.3,9.3
00-0032464,Kalif Raymond,WR,DET,CIN,5,0.0,0.0,0.0
00-0032464,Kalif Raymond,WR,DET,KC,6,0.0,0.0,0.0
00-0032464,Kalif Raymond,WR,DET,TB,7,1.7,3.2,4.7
00-0032464,Kalif Raymond,WR,DET,MIN,9,0.0,0.0,0.0
00-0032464,Kalif Raymond,WR,DET,WAS,10,5.9,7.9,9.9
00-0032464,Kalif Raymond,WR,DET,PHI,11,0.0,0.0,0.0
00-0032464,Kalif Raymond,WR,DET,NYG,12,3.7,4.7,5.7
00-0032464,Kalif Raymond,WR,DET,LA,15,2.0,2.5,3.0
00-0032464,Kalif Raymond,WR,DET,PIT,16,12.2,14.2,16.2
00-0032464,Kalif Raymond,WR,DET,MIN,17,0.5,1.0,1.5
00-0032464,Kalif Raymond,WR,DET,CHI,18,5.2,6.7,8.2
00-0039589,Kameron Johnson,WR,TB,ATL,1,0.0,0.0,0.0
00-0039589,Kameron Johnson,WR,TB,HOU,2,0.0,0.0,0.0
00-0039589,Kameron Johnson,WR,TB,NYJ,3,0.0,0.0,0.0
00-0039589,Kameron Johnson,WR,TB,PHI,4,0.0,0.0,0.0
00-0039589,Kameron Johnson,WR,TB,SEA,5,0.2,0.2,0.2
00-0039589,Kameron Johnson,WR,TB,SF,6,12.4,14.4,16.4
00-0039589,Kameron Johnson,WR,TB,DET,7,0.0,0.0,0.0
00-0039589,Kameron Johnson,WR,TB,NO,8,0.0,0.0,0.0
00-0039589,Kameron Johnson,WR,TB,NE,10,1.1,1.1,1.1
00-0039589,Kameron Johnson,WR,TB,BUF,11,0.0,0.0,0.0
00-0039589,Kameron Johnson,WR,TB,LA,12,0.0,0.0,0.0
00-0039589,Kameron Johnson,WR,TB,ARI,13,0.0,0.0,0.0
00-0039589,Kameron Johnson,WR,TB,NO,14,0.0,0.0,0.0
00-0039589,Kameron Johnson,WR,TB,ATL,15,0.0,0.0,0.0
00-0039589,Kameron Johnson,WR,TB,CAR,16,0.0,0.0,0.0
00-0039589,Kameron Johnson,WR,TB,MIA,17,0.0,0.0,0.0
00-0039589,Kameron Johnson,WR,TB,CAR,18,0.0,0.0,0.0
00-0033923,Kareem Hunt,RB,KC,LAC,1,2.6,3.6,4.6
00-0033923,Kareem Hunt,RB,KC,PHI,2,3.4,3.9,4.4
00-0033923,Kareem Hunt,RB,KC,NYG,3,10.4,10.9,11.4
00-0033923,Kareem Hunt,RB,KC,BAL,4,4.7,5.2,5.7
00-0033923,Kareem Hunt,RB,KC,JAX,5,17.7,18.2,18.7
00-0033923,Kareem Hunt,RB,KC,DET,6,3.4,3.9,4.4
00-0033923,Kareem Hunt,RB,KC,LV,7,1.8,1.8,1.8
00-0033923,Kareem Hunt,RB,KC,WAS,8,16.2,16.7,17.2
00-0033923,Kareem Hunt,RB,KC,BUF,9,11.5,12.0,12.5
00-0033923,Kareem Hunt,RB,KC,DEN,11,12.2,12.7,13.2
00-0033923,Kareem Hunt,RB,KC,IND,12,17.0,18.5,20.0
00-0033923,Kareem Hunt,RB,KC,DAL,13,8.0,8.5,9.0
00-0033923,Kareem Hunt,RB,KC,HOU,14,9.0,9.0,9.0
00-0033923,Kareem Hunt,RB,KC,LAC,15,2.0,2.5,3.0
00-0033923,Kareem Hunt,RB,KC,TEN,16,0.2,0.2,0.2
00-0033923,Kareem Hunt,RB,KC,DEN,17,3.8,3.8,3.8
00-0033923,Kareem Hunt,RB,KC,LV,18,3.5,5.0,6.5
00-0038608,Kayshon Boutte,WR,NE,LV,1,10.3,13.3,16.3
00-0038608,Kayshon Boutte,WR,NE,MIA,2,7.6,8.1,8.6
00-0038608,Kayshon Boutte,WR,NE,PIT,3,2.8,3.8,4.8
00-0038608,Kayshon Boutte,WR,NE,CAR,4,1.8,2.3,2.8
00-0038608,Kayshon Boutte,WR,NE,BUF,5,4.3,5.8,7.3
00-0038608,Kayshon Boutte,WR,NE,NO,6,21.3,23.8,26.3
00-0038608,Kayshon Boutte,WR,NE,TEN,7,11.5,12.5,13.5
00-0038608,Kayshon Boutte,WR,NE,CLE,8,13.5,15.0,16.5
00-0038608,Kayshon Boutte,WR,NE,ATL,9,0.0,0.0,0.0
00-0038608,Kayshon Boutte,WR,NE,CIN,12,1.5,2.5,3.5
00-0038608,Kayshon Boutte,WR,NE,NYG,13,9.5,11.5,13.5
00-0038608,Kayshon Boutte,WR,NE,BUF,15,3.0,3.5,4.0
00-0038608,Kayshon Boutte,WR,NE,BAL,16,1.6,2.1,2.6
00-0038608,Kayshon Boutte,WR,NE,MIA,18,2.4,3.4,4.4
00-0040534,Ke'Shawn Williams,WR,PIT,CLE,6,0.0,0.0,0.0
00-0040534,Ke'Shawn Williams,WR,PIT,CIN,7,0.0,0.0,0.0
00-0040534,Ke'Shawn Williams,WR,PIT,GB,8,0.0,0.0,0.0
00-0040534,Ke'Shawn Williams,WR,PIT,IND,9,0.0,0.0,0.0
00-0040534,Ke'Shawn Williams,WR,PIT,LAC,10,0.0,0.0,0.0
00-0040534,Ke'Shawn Williams,WR,PIT,CIN,11,0.0,0.0,0.0
00-0040534,Ke'Shawn Williams,WR,PIT,CHI,12,0.0,0.0,0.0
00-0040534,Ke'Shawn Williams,WR,PIT,BUF,13,0.0,0.0,0.0
00-0040534,Ke'Shawn Williams,WR,CIN,MIA,16,0.1,0.1,0.1
00-0040534,Ke'Shawn Williams,WR,CIN,ARI,17,0.5,1.0,1.5
00-0040534,Ke'Shawn Williams,WR,CIN,CLE,18,0.9,0.9,0.9
00-0040184,KeAndre Lambert-Smith,WR,LAC,KC,1,0.0,0.0,0.0
00-0040184,KeAndre Lambert-Smith,WR,LAC,LV,2,0.0,0.0,0.0
00-0040184,KeAndre Lambert-Smith,WR,LAC,NYG,4,0.0,0.0,0.0
00-0040184,KeAndre Lambert-Smith,WR,LAC,WAS,5,0.0,0.0,0.0
00-0040184,KeAndre Lambert-Smith,WR,LAC,MIA,6,0.1,0.6,1.1
00-0040184,KeAndre Lambert-Smith,WR,LAC,TEN,9,0.0,0.0,0.0
00-0040184,KeAndre Lambert-Smith,WR,LAC,KC,15,7.6,8.1,8.6
00-0040184,KeAndre Lambert-Smith,WR,LAC,DAL,16,1.0,1.5,2.0
00-0040184,KeAndre Lambert-Smith,WR,LAC,HOU,17,0.0,0.0,0.0
00-0040184,KeAndre Lambert-Smith,WR,LAC,DEN,18,2.4,3.4,4.4
00-0038454,Keaton Mitchell,RB,BAL,HOU,5,1.3,1.8,2.3
00-0038454,Keaton Mitchell,RB,BAL,LA,6,0.0,0.0,0.0
00-0038454,Keaton Mitchell,RB,BAL,CHI,8,4.3,4.3,4.3
00-0038454,Keaton Mitchell,RB,BAL,MIA,9,1.8,2.3,2.8
00-0038454,Keaton Mitchell,RB,BAL,MIN,10,3.1,3.1,3.1
00-0038454,Keaton Mitchell,RB,BAL,CLE,11,5.4,6.4,7.4
00-0038454,Keaton Mitchell,RB,BAL,NYJ,12,1.9,2.4,2.9
00-0038454,Keaton Mitchell,RB,BAL,CIN,13,9.1,10.1,11.1
00-0038454,Keaton Mitchell,RB,BAL,PIT,14,7.6,7.6,7.6
00-0038454,Keaton Mitchell,RB,BAL,CIN,15,6.6,6.6,6.6
00-0038454,Keaton Mitchell,RB,BAL,NE,16,1.3,1.3,1.3
00-0038454,Keaton Mitchell,RB,BAL,GB,17,3.8,4.8,5.8
00-0038454,Keaton Mitchell,RB,BAL,PIT,18,0.2,0.2,0.2
00-0039577,Kedon Slovis,QB,ARI,SEA,10,0.0,0.0,0.0
00-0039577,Kedon Slovis,QB,ARI,JAX,12,-0.1,-0.1,-0.1
00-0030279,Keenan Allen,WR,LAC,KC,1,12.8,16.3,19.8
00-0030279,Keenan Allen,WR,LAC,LV,2,12.1,14.6,17.1
00-0030279,Keenan Allen,WR,LAC,DEN,3,12.5,16.0,19.5
00-0030279,Keenan Allen,WR,LAC,NYG,4,3.7,6.2,8.7
00-0030279,Keenan Allen,WR,LAC,WAS,5,5.8,8.3,10.8
00-0030279,Keenan Allen,WR,LAC,MIA,6,2.7,4.7,6.7
00-0030279,Keenan Allen,WR,LAC,IND,7,17.9,23.4,28.9
00-0030279,Keenan Allen,WR,LAC,MIN,8,4.4,6.4,8.4
00-0030279,Keenan Allen,WR,LAC,TEN,9,4.1,5.1,6.1
00-0030279,Keenan Allen,WR,LAC,PIT,10,1.9,2.9,3.9
00-0030279,Keenan Allen,WR,LAC,JAX,11,5.3,7.3,9.3
00-0030279,Keenan Allen,WR,LAC,LV,13,3.0,5.0,7.0
00-0030279,Keenan Allen,WR,LAC,PHI,14,2.2,3.7,5.2
00-0030279,Keenan Allen,WR,LAC,KC,15,3.6,6.1,8.6
00-0030279,Keenan Allen,WR,LAC,DAL,16,4.4,6.9,9.4
00-0030279,Keenan Allen,WR,LAC,HOU,17,1.7,2.2,2.7
00-0030279,Keenan Allen,WR,LAC,DEN,18,3.6,7.1,10.6
00-0040363,Keleki Latu,TE,BUF,TB,11,0.4,0.9,1.4
00-0040363,Keleki Latu,TE,BUF,PHI,17,0.0,0.0,0.0
00-0040363,Keleki Latu,TE,BUF,NYJ,18,3.1,4.6,6.1
00-0039266,Kendall Milton,RB,CIN,PIT,11,0.2,0.2,0.2
00-0038551,Kendre Miller,RB,NO,ARI,1,2.4,2.4,2.4
00-0038551,Kendre Miller,RB,NO,SF,2,1.0,1.5,2.0
00-0038551,Kendre Miller,RB,NO,SEA,3,3.6,4.6,5.6
00-0038551,Kendre Miller,RB,NO,BUF,4,12.5,12.5,12.5
00-0038551,Kendre Miller,RB,NO,NYG,5,4.9,5.4,5.9
00-0038551,Kendre Miller,RB,NO,NE,6,3.2,3.7,4.2
00-0038551,Kendre Miller,RB,NO,CHI,7,0.7,0.7,0.7
00-0033307,Kendrick Bourne,WR,SF,NO,2,3.2,4.7,6.2
00-0033307,Kendrick Bourne,WR,SF,ARI,3,3.8,5.8,7.8
00-0033307,Kendrick Bourne,WR,SF,JAX,4,1.7,2.2,2.7
00-0033307,Kendrick Bourne,WR,SF,LA,5,14.2,19.2,24.2
00-0033307,Kendrick Bourne,WR,SF,TB,6,14.2,16.7,19.2
00-0033307,Kendrick Bourne,WR,SF,ATL,7,1.4,2.4,3.4
00-0033307,Kendrick Bourne,WR,SF,HOU,8,4.4,5.9,7.4
00-0033307,Kendrick Bourne,WR,SF,NYG,9,3.4,4.4,5.4
00-0033307,Kendrick Bourne,WR,SF,LA,10,1.9,2.4,2.9
00-0033307,Kendrick Bourne,WR,SF,CLE,13,0.0,0.0,0.0
00-0033307,Kendrick Bourne,WR,SF,TEN,15,1.7,2.7,3.7
00-0033307,Kendrick Bourne,WR,SF,IND,16,2.7,4.2,5.7
00-0033307,Kendrick Bourne,WR,SF,CHI,17,2.5,3.0,3.5
00-0033307,Kendrick Bourne,WR,SF,SEA,18,0.0,0.0,0.0
00-0036842,Kene Nwangwu,RB,NYJ,PIT,1,0.0,0.0,0.0
00-0036842,Kene Nwangwu,RB,NYJ,DEN,6,0.0,0.0,0.0
00-0036842,Kene Nwangwu,RB,NYJ,CAR,7,0.0,0.0,0.0
00-0036842,Kene Nwangwu,RB,NYJ,CLE,10,6.0,6.0,6.0
00-0036842,Kene Nwangwu,RB,NYJ,NE,11,0.0,0.0,0.0
00-0036842,Kene Nwangwu,RB,NYJ,BAL,12,0.0,0.0,0.0
00-0036842,Kene Nwangwu,RB,NYJ,MIA,14,0.0,0.0,0.0
00-0036842,Kene Nwangwu,RB,NYJ,NO,16,0.0,0.0,0.0
00-0036842,Kene Nwangwu,RB,NYJ,NE,17,3.1,3.1,3.1
00-0036842,Kene Nwangwu,RB,NYJ,BUF,18,1.8,1.8,1.8
00-0038134,Kenneth Walker III,RB,SEA,SF,1,2.4,3.9,5.4
00-0038134,Kenneth Walker III,RB,SEA,PIT,2,17.8,18.3,18.8
00-0038134,Kenneth Walker III,RB,SEA,NO,3,17.0,17.5,18.0
00-0038134,Kenneth Walker III,RB,SEA,ARI,4,11.0,11.5,12.0
00-0038134,Kenneth Walker III,RB,SEA,TB,5,8.6,9.1,9.6
00-0038134,Kenneth Walker III,RB,SEA,JAX,6,3.7,4.2,4.7
00-0038134,Kenneth Walker III,RB,SEA,HOU,7,6.6,6.6,6.6
00-0038134,Kenneth Walker III,RB,SEA,WAS,9,6.1,7.1,8.1
00-0038134,Kenneth Walker III,RB,SEA,ARI,10,7.0,7.5,8.0
00-0038134,Kenneth Walker III,RB,SEA,LA,11,17.1,18.6,20.1
00-0038134,Kenneth Walker III,RB,SEA,TEN,12,10.1,11.6,13.1
00-0038134,Kenneth Walker III,RB,SEA,MIN,13,7.4,8.9,10.4
00-0038134,Kenneth Walker III,RB,SEA,ATL,14,2.8,3.3,3.8
00-0038134,Kenneth Walker III,RB,SEA,IND,15,1.9,2.4,2.9
00-0038134,Kenneth Walker III,RB,SEA,LA,16,22.4,23.9,25.4
00-0038134,Kenneth Walker III,RB,SEA,CAR,17,5.7,6.7,7.7
00-0038134,Kenneth Walker III,RB,SEA,SF,18,13.3,15.3,17.3
00-0036919,Kenny Gainwell,RB,PIT,NYJ,1,2.3,3.8,5.3
00-0036919,Kenny Gainwell,RB,PIT,SEA,2,3.6,5.1,6.6
00-0036919,Kenny Gainwell,RB,PIT,NE,3,8.6,9.1,9.6
00-0036919,Kenny Gainwell,RB,PIT,MIN,4,25.4,28.4,31.4
00-0036919,Kenny Gainwell,RB,PIT,CLE,6,3.6,6.6,9.6
00-0036919,Kenny Gainwell,RB,PIT,CIN,7,1.5,2.5,3.5
00-0036919,Kenny Gainwell,RB,PIT,GB,8,1.5,2.5,3.5
00-0036919,Kenny Gainwell,RB,PIT,IND,9,3.4,5.4,7.4
00-0036919,Kenny Gainwell,RB,PIT,LAC,10,0.4,1.4,2.4
00-0036919,Kenny Gainwell,RB,PIT,CIN,11,22.5,26.0,29.5
00-0036919,Kenny Gainwell,RB,PIT,CHI,12,12.2,15.2,18.2
00-0036919,Kenny Gainwell,RB,PIT,BUF,13,4.5,5.5,6.5
00-0036919,Kenny Gainwell,RB,PIT,BAL,14,10.2,13.2,16.2
00-0036919,Kenny Gainwell,RB,PIT,MIA,15,12.6,16.1,19.6
00-0036919,Kenny Gainwell,RB,PIT,DET,16,18.8,21.3,23.8
00-0036919,Kenny Gainwell,RB,PIT,CLE,17,3.8,5.3,6.8
00-0036919,Kenny Gainwell,RB,PIT,BAL,18,13.4,17.4,21.4
00-0038102,Kenny Pickett,QB,LV,KC,7,-1.7,-1.7,-1.7
00-0038102,Kenny Pickett,QB,LV,DEN,10,0.0,0.0,0.0
00-0038102,Kenny Pickett,QB,LV,DEN,14,8.5,8.5,8.5
00-0038102,Kenny Pickett,QB,LV,PHI,15,1.3,1.3,1.3
00-0038102,Kenny Pickett,QB,LV,NYG,17,0.6,0.6,0.6
00-0038102,Kenny Pickett,QB,LV,KC,18,-1.0,-1.0,-1.0
00-0039901,Keon Coleman,WR,BUF,BAL,1,17.2,21.2,25.2
00-0039901,Keon Coleman,WR,BUF,NYJ,2,2.6,4.1,5.6
00-0039901,Keon Coleman,WR,BUF,MIA,3,2.0,3.5,5.0
00-0039901,Keon Coleman,WR,BUF,NO,4,4.5,6.0,7.5
00-0039901,Keon Coleman,WR,BUF,NE,5,6.3,8.3,10.3
00-0039901,Keon Coleman,WR,BUF,ATL,6,1.1,2.6,4.1
00-0039901,Keon Coleman,WR,BUF,CAR,8,3.0,4.5,6.0
00-0039901,Keon Coleman,WR,BUF,KC,9,1.7,2.7,3.7
00-0039901,Keon Coleman,WR,BUF,MIA,10,10.6,12.1,13.6
00-0039901,Keon Coleman,WR,BUF,PIT,13,6.9,7.9,8.9
00-0039901,Keon Coleman,WR,BUF,CIN,14,1.6,2.6,3.6
00-0039901,Keon Coleman,WR,BUF,NYJ,18,6.9,7.9,8.9
00-0037231,Kevin Austin Jr.,WR,NO,SEA,3,0.0,0.0,0.0
00-0037231,Kevin Austin Jr.,WR,NO,CAR,15,3.3,4.8,6.3
00-0037231,Kevin Austin Jr.,WR,NO,NYJ,16,1.8,2.8,3.8
00-0037231,Kevin Austin Jr.,WR,NO,TEN,17,11.2,13.2,15.2
00-0037231,Kevin Austin Jr.,WR,NO,ATL,18,3.7,5.7,7.7
00-0034854,KhaDarel Hodge,WR,ATL,TB,1,0.0,0.0,0.0
00-0034854,KhaDarel Hodge,WR,ATL,BUF,6,0.0,0.0,0.0
00-0034854,KhaDarel Hodge,WR,ATL,SF,7,0.0,0.0,0.0
00-0034854,KhaDarel Hodge,WR,ATL,MIA,8,3.1,4.6,6.1
00-0034854,KhaDarel Hodge,WR,ATL,NE,9,0.0,0.0,0.0
00-0034854,KhaDarel Hodge,WR,ATL,IND,10,0.0,0.0,0.0
00-0034854,KhaDarel Hodge,WR,ATL,CAR,11,0.0,0.0,0.0
00-0034854,KhaDarel Hodge,WR,ATL,TB,15,0.0,0.0,0.0
00-0036906,Khalil Herbert,RB,NYJ,DAL,5,0.0,0.0,0.0
00-0036906,Khalil Herbert,RB,NYJ,MIA,14,0.0,0.0,0.0
00-0036906,Khalil Herbert,RB,NYJ,JAX,15,0.5,0.5,0.5
00-0036906,Khalil Herbert,RB,NYJ,NE,17,0.5,0.5,0.5
00-0036906,Khalil Herbert,RB,NYJ,BUF,18,4.6,5.1,5.6
00-0037261,Khalil Shakir,WR,BUF,BAL,1,6.4,9.4,12.4
00-0037261,Khalil Shakir,WR,BUF,NYJ,2,1.2,1.7,2.2
00-0037261,Khalil Shakir,WR,BUF,MIA,3,10.5,12.5,14.5
00-0037261,Khalil Shakir,WR,BUF,NO,4,12.9,15.4,17.9
00-0037261,Khalil Shakir,WR,BUF,NE,5,5.0,8.0,11.0
00-0037261,Khalil Shakir,WR,BUF,ATL,6,3.3,4.8,6.3
00-0037261,Khalil Shakir,WR,BUF,CAR,8,14.8,17.8,20.8
00-0037261,Khalil Shakir,WR,BUF,KC,9,4.3,7.8,11.3
00-0037261,Khalil Shakir,WR,BUF,MIA,10,5.8,9.3,12.8
00-0037261,Khalil Shakir,WR,BUF,TB,11,-0.3,0.2,0.7
00-0037261,Khalil Shakir,WR,BUF,HOU,12,9.0,13.0,17.0
00-0037261,Khalil Shakir,WR,BUF,PIT,13,0.5,1.0,1.5
00-0037261,Khalil Shakir,WR,BUF,CIN,14,7.6,8.6,9.6
00-0037261,Khalil Shakir,WR,BUF,NE,15,6.5,9.0,11.5
00-0037261,Khalil Shakir,WR,BUF,CLE,16,3.4,5.4,7.4
00-0037261,Khalil Shakir,WR,BUF,PHI,17,3.5,6.5,9.5
00-0039391,Kimani Vidal,RB,LAC,NYG,4,0.0,0.0,0.0
00-0039391,Kimani Vidal,RB,LAC,WAS,5,1.9,2.4,2.9
00-0039391,Kimani Vidal,RB,LAC,MIA,6,19.8,21.3,22.8
00-0039391,Kimani Vidal,RB,LAC,IND,7,3.5,5.5,7.5
00-0039391,Kimani Vidal,RB,LAC,MIN,8,18.7,19.2,19.7
00-0039391,Kimani Vidal,RB,LAC,TEN,9,3.0,3.0,3.0
00-0039391,Kimani Vidal,RB,LAC,PIT,10,16.8,17.3,17.8
00-0039391,Kimani Vidal,RB,LAC,JAX,11,1.2,2.2,3.2
00-0039391,Kimani Vidal,RB,LAC,LV,13,19.7,20.2,20.7
00-0039391,Kimani Vidal,RB,LAC,PHI,14,10.4,10.9,11.4
00-0039391,Kimani Vidal,RB,LAC,KC,15,4.8,5.3,5.8
00-0039391,Kimani Vidal,RB,LAC,DAL,16,1.1,1.1,1.1
00-0039391,Kimani Vidal,RB,LAC,DEN,18,1.0,1.5,2.0
00-0029604,Kirk Cousins,QB,ATL,CAR,3,1.2,1.2,1.2
00-0029604,Kirk Cousins,QB,ATL,MIA,8,7.1,7.1,7.1
00-0029604,Kirk Cousins,QB,ATL,CAR,11,2.1,2.1,2.1
00-0029604,Kirk Cousins,QB,ATL,NO,12,14.5,14.5,14.5
00-0029604,Kirk Cousins,QB,ATL,NYJ,13,13.4,13.4,13.4
00-0029604,Kirk Cousins,QB,ATL,SEA,14,2.5,2.5,2.5
00-0029604,Kirk Cousins,QB,ATL,TB,15,26.9,26.9,26.9
00-0029604,Kirk Cousins,QB,ATL,ARI,16,17.6,17.6,17.6
00-0029604,Kirk Cousins,QB,ATL,LA,17,9.1,9.1,9.1
00-0029604,Kirk Cousins,QB,ATL,NO,18,9.2,9.2,9.2
00-0037311,Ko Kieft,TE,TB,ATL,1,0.0,0.0,0.0
00-0037311,Ko Kieft,TE,TB,NYJ,3,0.0,0.0,0.0
00-0040590,Konata Mumpfield,WR,LA,BAL,6,0.7,1.2,1.7
00-0040590,Konata Mumpfield,WR,LA,JAX,7,6.5,7.0,7.5
00-0040590,Konata Mumpfield,WR,LA,SF,10,0.0,0.0,0.0
00-0040590,Konata Mumpfield,WR,LA,TB,12,2.5,3.5,4.5
00-0040590,Konata Mumpfield,WR,LA,CAR,13,0.0,0.0,0.0
00-0040590,Konata Mumpfield,WR,LA,ARI,14,0.5,1.0,1.5
00-0040590,Konata Mumpfield,WR,LA,DET,15,0.0,0.0,0.0
00-0040590,Konata Mumpfield,WR,LA,SEA,16,4.0,5.5,7.0
00-0040590,Konata Mumpfield,WR,LA,ATL,17,1.0,2.0,3.0
00-0040590,Konata Mumpfield,WR,LA,ARI,18,0.0,0.0,0.0
00-0034577,Kyle Allen,QB,DET,CLE,4,-0.2,-0.2,-0.2
00-0034577,Kyle Allen,QB,DET,WAS,10,-0.1,-0.1,-0.1
00-0029892,Kyle Juszczyk,FB,SF,SEA,1,3.2,4.2,5.2
00-0029892,Kyle Juszczyk,FB,SF,NO,2,0.5,1.0,1.5
00-0029892,Kyle Juszczyk,FB,SF,ARI,3,6.1,6.6,7.1
00-0029892,Kyle Juszczyk,FB,SF,JAX,4,3.2,4.7,6.2
00-0029892,Kyle Juszczyk,FB,SF,LA,5,2.0,3.5,5.0
00-0029892,Kyle Juszczyk,FB,SF,TB,6,0.9,1.4,1.9
00-0029892,Kyle Juszczyk,FB,SF,ATL,7,0.8,1.3,1.8
00-0029892,Kyle Juszczyk,FB,SF,HOU,8,0.4,0.9,1.4
00-0029892,Kyle Juszczyk,FB,SF,NYG,9,1.2,1.7,2.2
00-0029892,Kyle Juszczyk,FB,SF,LA,10,0.8,1.8,2.8
00-0029892,Kyle Juszczyk,FB,SF,ARI,11,2.6,3.6,4.6
00-0029892,Kyle Juszczyk,FB,SF,CAR,12,0.0,0.0,0.0
00-0029892,Kyle Juszczyk,FB,SF,CLE,13,2.7,3.7,4.7
00-0029892,Kyle Juszczyk,FB,SF,TEN,15,0.7,1.2,1.7
00-0029892,Kyle Juszczyk,FB,SF,CHI,17,7.4,8.4,9.4
00-0029892,Kyle Juszczyk,FB,SF,SEA,18,0.5,1.0,1.5
00-0040236,Kyle Monangai,RB,CHI,MIN,1,1.1,1.6,2.1
00-0040236,Kyle Monangai,RB,CHI,DET,2,3.6,4.1,4.6
00-0040236,Kyle Monangai,RB,CHI,DAL,3,2.0,2.5,3.0
00-0040236,Kyle Monangai,RB,CHI,LV,4,1.8,1.8,1.8
00-0040236,Kyle Monangai,RB,CHI,WAS,6,4.4,4.9,5.4
00-0040236,Kyle Monangai,RB,CHI,NO,7,15.4,16.4,17.4
00-0040236,Kyle Monangai,RB,CHI,BAL,8,2.4,2.4,2.4
00-0040236,Kyle Monangai,RB,CHI,CIN,9,19.8,21.3,22.8
00-0040236,Kyle Monangai,RB,CHI,NYG,10,8.8,8.8,8.8
00-0040236,Kyle Monangai,RB,CHI,MIN,11,9.7,10.2,10.7
00-0040236,Kyle Monangai,RB,CHI,PIT,12,10.8,10.8,10.8
00-0040236,Kyle Monangai,RB,CHI,PHI,13,19.0,19.0,19.0
00-0040236,Kyle Monangai,RB,CHI,GB,14,7.7,8.2,8.7
00-0040236,Kyle Monangai,RB,CHI,CLE,15,3.3,3.3,3.3
00-0040236,Kyle Monangai,RB,CHI,GB,16,9.3,10.8,12.3
00-0040236,Kyle Monangai,RB,CHI,SF,17,4.7,6.2,7.7
00-0040236,Kyle Monangai,RB,CHI,DET,18,4.9,5.4,5.9
00-0036970,Kyle Pitts,TE,ATL,TB,1,5.9,9.4,12.9
00-0036970,Kyle Pitts,TE,ATL,MIN,2,3.7,5.7,7.7
00-0036970,Kyle Pitts,TE,ATL,CAR,3,3.9,5.9,7.9
00-0036970,Kyle Pitts,TE,ATL,WAS,4,13.0,15.5,18.0
00-0036970,Kyle Pitts,TE,ATL,BUF,6,1.8,3.3,4.8
00-0036970,Kyle Pitts,TE,ATL,SF,7,6.2,9.7,13.2
00-0036970,Kyle Pitts,TE,ATL,MIA,8,5.9,10.4,14.9
00-0036970,Kyle Pitts,TE,ATL,NE,9,3.8,5.8,7.8
00-0036970,Kyle Pitts,TE,ATL,IND,10,3.8,4.8,5.8
00-0036970,Kyle Pitts,TE,ATL,CAR,11,1.4,2.4,3.4
00-0036970,Kyle Pitts,TE,ATL,NO,12,2.5,3.5,4.5
00-0036970,Kyle Pitts,TE,ATL,NYJ,13,8.2,11.7,15.2
00-0036970,Kyle Pitts,TE,ATL,SEA,14,9.0,12.0,15.0
00-0036970,Kyle Pitts,TE,ATL,TB,15,34.6,40.1,45.6
00-0036970,Kyle Pitts,TE,ATL,ARI,16,11.7,15.2,18.7
00-0036970,Kyle Pitts,TE,ATL,LA,17,1.6,2.6,3.6
00-0036970,Kyle Pitts,TE,ATL,NO,18,5.8,8.8,11.8
00-0040131,Kyle Williams,WR,NE,LV,1,1.2,1.7,2.2
00-0040131,Kyle Williams,WR,NE,PIT,3,0.8,1.3,1.8
00-0040131,Kyle Williams,WR,NE,CAR,4,-0.2,-0.2,-0.2
00-0040131,Kyle Williams,WR,NE,NO,6,0.0,0.0,0.0
00-0040131,Kyle Williams,WR,NE,TEN,7,0.0,0.0,0.0
00-0040131,Kyle Williams,WR,NE,ATL,9,0.0,0.0,0.0
00-0040131,Kyle Williams,WR,NE,TB,10,13.2,13.7,14.2
00-0040131,Kyle Williams,WR,NE,NYJ,11,0.0,0.0,0.0
00-0040131,Kyle Williams,WR,NE,CIN,12,1.8,2.3,2.8
00-0040131,Kyle Williams,WR,NE,NYG,13,9.3,9.8,10.3
00-0040131,Kyle Williams,WR,NE,BUF,15,0.0,0.0,0.0
00-0040131,Kyle Williams,WR,NE,BAL,16,10.6,11.6,12.6
00-0040131,Kyle Williams,WR,NE,NYJ,17,2.0,3.5,5.0
00-0040131,Kyle Williams,WR,NE,MIA,18,0.5,0.5,0.5
00-0036876,Kylen Granson,TE,PHI,DAL,1,0.1,0.6,1.1
00-0036876,Kylen Granson,TE,PHI,KC,2,0.5,1.0,1.5
00-0036876,Kylen Granson,TE,PHI,LA,3,0.0,0.0,0.0
00-0036876,Kylen Granson,TE,PHI,TB,4,0.0,0.0,0.0
00-0036876,Kylen Granson,TE,PHI,DEN,5,0.0,0.0,0.0
00-0036876,Kylen Granson,TE,PHI,GB,10,0.0,0.0,0.0
00-0036876,Kylen Granson,TE,PHI,DET,11,0.4,0.9,1.4
00-0036876,Kylen Granson,TE,PHI,LAC,14,0.0,0.0,0.0
00-0036876,Kylen Granson,TE,PHI,LV,15,0.0,0.0,0.0
00-0036876,Kylen Granson,TE,PHI,WAS,16,0.0,0.0,0.0
00-0036876,Kylen Granson,TE,PHI,BUF,17,0.0,0.0,0.0
00-0036876,Kylen Granson,TE,PHI,WAS,18,3.0,5.0,7.0
00-0035228,Kyler Murray,QB,ARI,NO,1,18.3,18.3,18.3
00-0035228,Kyler Murray,QB,ARI,CAR,2,14.0,14.0,14.0
00-0035228,Kyler Murray,QB,ARI,SF,3,14.1,14.1,14.1
00-0035228,Kyler Murray,QB,ARI,SEA,4,16.1,16.1,16.1
00-0035228,Kyler Murray,QB,ARI,TEN,5,15.3,15.3,15.3
00-0037840,Kyren Williams,RB,LA,HOU,1,12.9,13.4,13.9
00-0037840,Kyren Williams,RB,LA,TEN,2,8.0,9.0,10.0
00-0037840,Kyren Williams,RB,LA,PHI,3,17.2,18.2,19.2
00-0037840,Kyren Williams,RB,LA,IND,4,7.4,8.9,10.4
00-0037840,Kyren Williams,RB,LA,SF,5,23.1,27.1,31.1
00-0037840,Kyren Williams,RB,LA,BAL,6,14.7,15.7,16.7
00-0037840,Kyren Williams,RB,LA,JAX,7,6.5,7.5,8.5
00-0037840,Kyren Williams,RB,LA,NO,9,17.4,17.4,17.4
00-0037840,Kyren Williams,RB,LA,SF,10,20.4,21.4,22.4
00-0037840,Kyren Williams,RB,LA,SEA,11,15.6,16.1,16.6
00-0037840,Kyren Williams,RB,LA,TB,12,4.8,5.3,5.8
00-0037840,Kyren Williams,RB,LA,CAR,13,13.2,13.2,13.2
00-0037840,Kyren Williams,RB,LA,ARI,14,15.7,16.7,17.7
00-0037840,Kyren Williams,RB,LA,DET,15,20.8,21.3,21.8
00-0037840,Kyren Williams,RB,LA,SEA,16,8.5,10.0,11.5
00-0037840,Kyren Williams,RB,LA,ATL,17,13.0,14.5,16.0
00-0037840,Kyren Williams,RB,LA,ARI,18,8.1,9.6,11.1
00-0040075,LaJohntay Wester,WR,BAL,BUF,1,0.0,0.0,0.0
00-0040075,LaJohntay Wester,WR,BAL,CLE,2,0.0,0.0,0.0
00-0040075,LaJohntay Wester,WR,BAL,DET,3,0.0,0.0,0.0
00-0040075,LaJohntay Wester,WR,BAL,HOU,5,0.0,0.0,0.0
00-0040075,LaJohntay Wester,WR,BAL,LA,6,0.0,0.0,0.0
00-0040075,LaJohntay Wester,WR,BAL,MIA,9,0.0,0.0,0.0
00-0040075,LaJohntay Wester,WR,BAL,MIN,10,0.0,0.0,0.0
00-0040075,LaJohntay Wester,WR,BAL,CLE,11,0.0,0.0,0.0
00-0040075,LaJohntay Wester,WR,BAL,NYJ,12,0.0,0.0,0.0
00-0040075,LaJohntay Wester,WR,BAL,PIT,14,0.0,0.0,0.0
00-0040075,LaJohntay Wester,WR,BAL,CIN,15,0.0,0.0,0.0
00-0040075,LaJohntay Wester,WR,BAL,NE,16,0.0,0.0,0.0
00-0040075,LaJohntay Wester,WR,BAL,GB,17,0.0,0.0,0.0
00-0040075,LaJohntay Wester,WR,BAL,PIT,18,0.0,0.0,0.0
00-0039915,Ladd McConkey,WR,LAC,KC,1,7.4,10.4,13.4
00-0039915,Ladd McConkey,WR,LAC,LV,2,4.8,7.3,9.8
00-0039915,Ladd McConkey,WR,LAC,DEN,3,4.1,6.1,8.1
00-0039915,Ladd McConkey,WR,LAC,NYG,4,1.1,1.6,2.1
00-0039915,Ladd McConkey,WR,LAC,WAS,5,9.9,12.4,14.9
00-0039915,Ladd McConkey,WR,LAC,MIA,6,16.0,19.5,23.0
00-0039915,Ladd McConkey,WR,LAC,IND,7,6.7,11.2,15.7
00-0039915,Ladd McConkey,WR,LAC,MIN,8,14.8,17.8,20.8
00-0039915,Ladd McConkey,WR,LAC,TEN,9,5.6,7.6,9.6
00-0039915,Ladd McConkey,WR,LAC,PIT,10,16.7,18.7,20.7
00-0039915,Ladd McConkey,WR,LAC,JAX,11,1.3,2.8,4.3
00-0039915,Ladd McConkey,WR,LAC,LV,13,9.9,11.9,13.9
00-0039915,Ladd McConkey,WR,LAC,PHI,14,1.2,1.7,2.2
00-0039915,Ladd McConkey,WR,LAC,KC,15,2.0,3.0,4.0
00-0039915,Ladd McConkey,WR,LAC,DAL,16,10.3,12.3,14.3
00-0039915,Ladd McConkey,WR,LAC,HOU,17,3.1,3.6,4.1
00-0034796,Lamar Jackson,QB,BAL,BUF,1,29.4,29.4,29.4
00-0034796,Lamar Jackson,QB,BAL,CLE,2,26.3,26.3,26.3
00-0034796,Lamar Jackson,QB,BAL,DET,3,27.0,27.0,27.0
00-0034796,Lamar Jackson,QB,BAL,KC,4,10.7,10.7,10.7
00-0034796,Lamar Jackson,QB,BAL,MIA,9,25.6,25.6,25.6
00-0034796,Lamar Jackson,QB,BAL,MIN,10,16.6,16.6,16.6
00-0034796,Lamar Jackson,QB,BAL,CLE,11,4.7,4.7,4.7
00-0034796,Lamar Jackson,QB,BAL,NYJ,12,7.2,7.2,7.2
00-0034796,Lamar Jackson,QB,BAL,CIN,13,6.5,6.5,6.5
00-0034796,Lamar Jackson,QB,BAL,PIT,14,21.1,21.1,21.1
00-0034796,Lamar Jackson,QB,BAL,CIN,15,14.6,14.6,14.6
00-0034796,Lamar Jackson,QB,BAL,NE,16,4.7,4.7,4.7
00-0034796,Lamar Jackson,QB,BAL,PIT,18,20.4,20.4,20.4
00-0032951,Laquon Treadwell,WR,IND,LAC,7,0.0,0.0,0.0
00-0032951,Laquon Treadwell,WR,IND,ATL,10,0.0,0.0,0.0
00-0032951,Laquon Treadwell,WR,IND,KC,12,0.0,0.0,0.0
00-0032951,Laquon Treadwell,WR,IND,HOU,13,0.0,0.0,0.0
00-0032951,Laquon Treadwell,WR,IND,JAX,14,0.0,0.0,0.0
00-0032951,Laquon Treadwell,WR,IND,JAX,17,0.0,0.0,0.0
00-0040238,LeQuint Allen Jr.,RB,JAX,CAR,1,1.1,1.6,2.1
00-0040238,LeQuint Allen Jr.,RB,JAX,CIN,2,1.3,1.3,1.3
00-0040238,LeQuint Allen Jr.,RB,JAX,HOU,3,0.9,1.4,1.9
00-0040238,LeQuint Allen Jr.,RB,JAX,SF,4,0.7,1.2,1.7
00-0040238,LeQuint Allen Jr.,RB,JAX,KC,5,0.0,0.0,0.0
00-0040238,LeQuint Allen Jr.,RB,JAX,SEA,6,1.2,1.7,2.2
00-0040238,LeQuint Allen Jr.,RB,JAX,LA,7,0.4,0.9,1.4
00-0040238,LeQuint Allen Jr.,RB,JAX,LV,9,1.1,1.6,2.1
00-0040238,LeQuint Allen Jr.,RB,JAX,HOU,10,0.6,1.1,1.6
00-0040238,LeQuint Allen Jr.,RB,JAX,LAC,11,3.6,3.6,3.6
00-0040238,LeQuint Allen Jr.,RB,JAX,ARI,12,0.2,0.2,0.2
00-0040238,LeQuint Allen Jr.,RB,JAX,TEN,13,0.0,0.0,0.0
00-0040238,LeQuint Allen Jr.,RB,JAX,IND,14,0.8,1.8,2.8
00-0040238,LeQuint Allen Jr.,RB,JAX,NYJ,15,1.6,2.1,2.6
00-0040238,LeQuint Allen Jr.,RB,JAX,DEN,16,1.0,1.0,1.0
00-0040238,LeQuint Allen Jr.,RB,JAX,IND,17,0.3,0.3,0.3
00-0038409,Lew Nichols III,RB,PIT,IND,9,0.0,0.0,0.0
00-0035406,Lil'Jordan Humphrey,WR,NYG,PHI,6,5.5,7.5,9.5
00-0035406,Lil'Jordan Humphrey,WR,NYG,DEN,7,0.0,0.0,0.0
00-0035406,Lil'Jordan Humphrey,WR,DEN,WAS,13,0.0,0.0,0.0
00-0035406,Lil'Jordan Humphrey,WR,DEN,LV,14,2.7,4.2,5.7
00-0035406,Lil'Jordan Humphrey,WR,DEN,GB,15,10.2,11.7,13.2
00-0035406,Lil'Jordan Humphrey,WR,DEN,JAX,16,0.9,1.4,1.9
00-0035406,Lil'Jordan Humphrey,WR,DEN,KC,17,2.3,3.3,4.3
00-0038152,Lucas Havrisik,K,GB,CIN,6,10.0,10.0,10.0
00-0038152,Lucas Havrisik,K,GB,ARI,7,11.0,11.0,11.0
00-0038152,Lucas Havrisik,K,GB,NYG,11,-1.0,-1.0,-1.0
00-0037539,Lucas Krull,TE,DEN,TEN,1,0.6,1.1,1.6
00-0037539,Lucas Krull,TE,DEN,LAC,3,0.9,1.4,1.9
00-0036887,Luke Farrell,TE,SF,SEA,1,0.4,0.9,1.4
00-0036887,Luke Farrell,TE,SF,NO,2,7.5,8.5,9.5
00-0036887,Luke Farrell,TE,SF,JAX,4,0.0,1.0,2.0
00-0036887,Luke Farrell,TE,SF,LA,5,0.8,1.3,1.8
00-0036887,Luke Farrell,TE,SF,TB,6,0.0,0.0,0.0
00-0036887,Luke Farrell,TE,SF,ATL,7,1.1,1.6,2.1
00-0036887,Luke Farrell,TE,SF,HOU,8,0.0,0.0,0.0
00-0036887,Luke Farrell,TE,SF,NYG,9,0.9,1.4,1.9
00-0036887,Luke Farrell,TE,SF,LA,10,7.5,8.5,9.5
00-0036887,Luke Farrell,TE,SF,ARI,11,0.0,0.0,0.0
00-0036887,Luke Farrell,TE,SF,CAR,12,0.3,0.8,1.3
00-0036887,Luke Farrell,TE,SF,CLE,13,0.0,0.0,0.0
00-0036887,Luke Farrell,TE,SF,IND,16,0.0,0.0,0.0
00-0039355,Luke McCaffrey,WR,WAS,NYG,1,0.0,0.0,0.0
00-0039355,Luke McCaffrey,WR,WAS,GB,2,3.9,4.4,4.9
00-0039355,Luke McCaffrey,WR,WAS,LV,3,11.6,13.1,14.6
00-0039355,Luke McCaffrey,WR,WAS,ATL,4,8.1,9.1,10.1
00-0039355,Luke McCaffrey,WR,WAS,LAC,5,5.0,5.5,6.0
00-0039355,Luke McCaffrey,WR,WAS,CHI,6,9.3,9.8,10.3
00-0039355,Luke McCaffrey,WR,WAS,DAL,7,0.0,0.0,0.0
00-0039355,Luke McCaffrey,WR,WAS,KC,8,2.4,3.9,5.4
00-0039355,Luke McCaffrey,WR,WAS,SEA,9,0.0,0.0,0.0
00-0039144,Luke Musgrave,TE,GB,DET,1,0.4,0.9,1.4
00-0039144,Luke Musgrave,TE,GB,WAS,2,3.2,4.2,5.2
00-0039144,Luke Musgrave,TE,GB,DAL,4,0.6,1.1,1.6
00-0039144,Luke Musgrave,TE,GB,CIN,6,0.7,1.2,1.7
00-0039144,Luke Musgrave,TE,GB,PIT,8,0.5,1.0,1.5
00-0039144,Luke Musgrave,TE,GB,CAR,9,3.4,4.9,6.4
00-0039144,Luke Musgrave,TE,GB,PHI,10,2.3,3.8,5.3
00-0039144,Luke Musgrave,TE,GB,NYG,11,-0.1,0.4,0.9
00-0039144,Luke Musgrave,TE,GB,MIN,12,0.7,1.2,1.7
00-0039144,Luke Musgrave,TE,GB,DET,13,2.3,2.8,3.3
00-0039144,Luke Musgrave,TE,GB,CHI,14,2.2,3.2,4.2
00-0039144,Luke Musgrave,TE,GB,DEN,15,5.2,7.2,9.2
00-0039144,Luke Musgrave,TE,GB,CHI,16,3.8,5.3,6.8
00-0038547,Luke Schoonmaker,TE,DAL,PHI,1,0.0,0.0,0.0
00-0038547,Luke Schoonmaker,TE,DAL,NYG,2,0.0,0.0,0.0
00-0038547,Luke Schoonmaker,TE,DAL,CHI,3,0.5,1.0,1.5
00-0038547,Luke Schoonmaker,TE,DAL,GB,4,0.8,1.8,2.8
00-0038547,Luke Schoonmaker,TE,DAL,NYJ,5,0.3,0.8,1.3
00-0038547,Luke Schoonmaker,TE,DAL,CAR,6,0.8,1.3,1.8
00-0038547,Luke Schoonmaker,TE,DAL,DEN,8,2.5,3.5,4.5
00-0038547,Luke Schoonmaker,TE,DAL,ARI,9,1.4,1.9,2.4
00-0038547,Luke Schoonmaker,TE,DAL,PHI,12,0.0,0.0,0.0
00-0038547,Luke Schoonmaker,TE,DAL,KC,13,0.1,0.6,1.1
00-0038547,Luke Schoonmaker,TE,DAL,DET,14,1.2,1.7,2.2
00-0038547,Luke Schoonmaker,TE,DAL,MIN,15,2.9,3.4,3.9
00-0038547,Luke Schoonmaker,TE,DAL,WAS,17,1.5,2.5,3.5
00-0038547,Luke Schoonmaker,TE,DAL,NYG,18,1.2,1.7,2.2
00-0040735,Luther Burden III,WR,CHI,MIN,1,-0.3,0.2,0.7
00-0040735,Luther Burden III,WR,CHI,DET,2,0.5,1.0,1.5
00-0040735,Luther Burden III,WR,CHI,DAL,3,16.8,18.3,19.8
00-0040735,Luther Burden III,WR,CHI,LV,4,-0.4,0.6,1.6
00-0040735,Luther Burden III,WR,CHI,WAS,6,5.1,7.1,9.1
00-0040735,Luther Burden III,WR,CHI,NO,7,2.1,2.6,3.1
00-0040735,Luther Burden III,WR,CHI,BAL,8,-0.1,0.4,0.9
00-0040735,Luther Burden III,WR,CHI,NYG,10,5.1,6.6,8.1
00-0040735,Luther Burden III,WR,CHI,MIN,11,2.7,4.2,5.7
00-0040735,Luther Burden III,WR,CHI,PIT,12,6.1,7.6,9.1
00-0040735,Luther Burden III,WR,CHI,PHI,13,3.6,5.6,7.6
00-0040735,Luther Burden III,WR,CHI,GB,14,7.0,9.0,11.0
00-0040735,Luther Burden III,WR,CHI,CLE,15,8.4,11.4,14.4
00-0040735,Luther Burden III,WR,CHI,SF,17,19.8,23.8,27.8
00-0040735,Luther Burden III,WR,CHI,DET,18,4.5,6.0,7.5
00-0036972,Mac Jones,QB,SF,NO,2,21.8,21.8,21.8
00-0036972,Mac Jones,QB,SF,ARI,3,13.3,13.3,13.3
00-0036972,Mac Jones,QB,SF,LA,5,22.2,22.2,22.2
00-0036972,Mac Jones,QB,SF,TB,6,11.2,11.2,11.2
00-0036972,Mac Jones,QB,SF,ATL,7,5.2,5.2,5.2
00-0036972,Mac Jones,QB,SF,HOU,8,18.0,18.0,18.0
00-0036972,Mac Jones,QB,SF,NYG,9,15.8,15.8,15.8
00-0036972,Mac Jones,QB,SF,LA,10,23.1,23.1,23.1
00-0036972,Mac Jones,QB,SF,ARI,11,-0.3,-0.3,-0.3
00-0036972,Mac Jones,QB,SF,CLE,13,0.2,0.2,0.2
00-0036972,Mac Jones,QB,SF,IND,16,-0.3,-0.3,-0.3
00-0033555,Mack Hollins,WR,NE,LV,1,0.3,0.8,1.3
00-0033555,Mack Hollins,WR,NE,MIA,2,6.8,7.3,7.8
00-0033555,Mack Hollins,WR,NE,PIT,3,2.7,4.7,6.7
00-0033555,Mack Hollins,WR,NE,CAR,4,6.4,6.9,7.4
00-0033555,Mack Hollins,WR,NE,NO,6,2.8,3.8,4.8
00-0033555,Mack Hollins,WR,NE,TEN,7,5.3,6.3,7.3
00-0033555,Mack Hollins,WR,NE,CLE,8,8.9,12.4,15.9
00-0033555,Mack Hollins,WR,NE,ATL,9,0.9,1.9,2.9
00-0033555,Mack Hollins,WR,NE,TB,10,10.6,13.6,16.6
00-0033555,Mack Hollins,WR,NE,NYJ,11,6.4,8.4,10.4
00-0033555,Mack Hollins,WR,NE,CIN,12,3.0,4.0,5.0
00-0033555,Mack Hollins,WR,NE,NYG,13,2.3,3.8,5.3
00-0033555,Mack Hollins,WR,NE,BUF,15,4.1,6.1,8.1
00-0033555,Mack Hollins,WR,NE,BAL,16,6.9,10.4,13.9
00-0039920,Malachi Corley,WR,CLE,MIN,5,1.1,1.1,1.1
00-0039920,Malachi Corley,WR,CLE,MIA,7,1.7,2.7,3.7
00-0039920,Malachi Corley,WR,CLE,NE,8,3.1,3.1,3.1
00-0039920,Malachi Corley,WR,CLE,NYJ,10,3.2,3.2,3.2
00-0039920,Malachi Corley,WR,CLE,BAL,11,0.9,1.9,2.9
00-0039920,Malachi Corley,WR,CLE,LV,12,0.2,0.7,1.2
00-0039920,Malachi Corley,WR,CLE,SF,13,0.9,0.9,0.9
00-0039920,Malachi Corley,WR,CLE,TEN,14,0.2,0.2,0.2
00-0039920,Malachi Corley,WR,CLE,CHI,15,1.0,1.5,2.0
00-0039920,Malachi Corley,WR,CLE,BUF,16,4.1,5.1,6.1
00-0039920,Malachi Corley,WR,CLE,PIT,17,0.4,0.9,1.4
00-0039920,Malachi Corley,WR,CLE,CIN,18,3.8,4.8,5.8
00-0038911,Malik Cunningham,WR,DET,DAL,14,0.1,0.1,0.1
00-0037563,Malik Davis,RB,DAL,WAS,7,0.0,0.0,0.0
00-0037563,Malik Davis,RB,DAL,DEN,8,0.3,0.3,0.3
00-0037563,Malik Davis,RB,DAL,ARI,9,0.3,0.3,0.3
00-0037563,Malik Davis,RB,DAL,LV,11,2.0,2.0,2.0
00-0037563,Malik Davis,RB,DAL,PHI,12,2.4,2.4,2.4
00-0037563,Malik Davis,RB,DAL,KC,13,10.7,10.7,10.7
00-0037563,Malik Davis,RB,DAL,DET,14,0.6,0.6,0.6
00-0037563,Malik Davis,RB,DAL,MIN,15,9.7,10.7,11.7
00-0037563,Malik Davis,RB,DAL,LAC,16,2.3,2.3,2.3
00-0037563,Malik Davis,RB,DAL,WAS,17,10.3,10.3,10.3
00-0038465,Malik Heath,WR,GB,WAS,2,3.7,4.2,4.7
00-0038465,Malik Heath,WR,GB,CLE,3,0.0,0.0,0.0
00-0038465,Malik Heath,WR,GB,DAL,4,0.9,1.4,1.9
00-0038465,Malik Heath,WR,GB,ARI,7,0.0,0.0,0.0
00-0038465,Malik Heath,WR,GB,PIT,8,2.9,4.4,5.9
00-0038465,Malik Heath,WR,GB,CAR,9,1.1,1.6,2.1
00-0038465,Malik Heath,WR,GB,DET,13,0.0,0.0,0.0
00-0039337,Malik Nabers,WR,NYG,WAS,1,7.1,9.6,12.1
00-0039337,Malik Nabers,WR,NYG,DAL,2,28.7,33.2,37.7
00-0039337,Malik Nabers,WR,NYG,KC,3,1.3,2.3,3.3
00-0039337,Malik Nabers,WR,NYG,LAC,4,2.0,3.0,4.0
00-0034867,Malik Turner,WR,SF,LA,5,0.0,0.0,0.0
00-0034867,Malik Turner,WR,SF,ATL,7,0.0,0.0,0.0
00-0039880,Malik Washington,WR,MIA,IND,1,2.9,3.9,4.9
00-0039880,Malik Washington,WR,MIA,NE,2,8.5,9.0,9.5
00-0039880,Malik Washington,WR,MIA,BUF,3,3.2,4.7,6.2
00-0039880,Malik Washington,WR,MIA,NYJ,4,2.1,3.1,4.1
00-0039880,Malik Washington,WR,MIA,CAR,5,0.0,2.0,4.0
00-0039880,Malik Washington,WR,MIA,LAC,6,2.3,4.3,6.3
00-0039880,Malik Washington,WR,MIA,CLE,7,3.0,5.5,8.0
00-0039880,Malik Washington,WR,MIA,ATL,8,9.6,11.6,13.6
00-0039880,Malik Washington,WR,MIA,BAL,9,4.1,5.6,7.1
00-0039880,Malik Washington,WR,MIA,BUF,10,7.3,8.3,9.3
00-0039880,Malik Washington,WR,MIA,WAS,11,4.2,5.7,7.2
00-0039880,Malik Washington,WR,MIA,NO,13,3.0,5.0,7.0
00-0039880,Malik Washington,WR,MIA,NYJ,14,1.0,2.5,4.0
00-0039880,Malik Washington,WR,MIA,PIT,15,1.0,1.5,2.0
00-0039880,Malik Washington,WR,MIA,CIN,16,9.2,9.7,10.2
00-0039880,Malik Washington,WR,MIA,TB,17,0.5,1.0,1.5
00-0039880,Malik Washington,WR,MIA,NE,18,8.8,10.3,11.8
00-0038128,Malik Willis,QB,GB,NYG,11,5.8,5.8,5.8
00-0038128,Malik Willis,QB,GB,MIN,12,0.6,0.6,0.6
00-0038128,Malik Willis,QB,GB,CHI,16,13.2,13.2,13.2
00-0038128,Malik Willis,QB,GB,BAL,17,31.5,31.5,31.5
00-0024243,Marcedes Lewis,TE,DEN,LV,10,0.0,0.0,0.0
00-0032268,Marcus Mariota,QB,WAS,LV,3,20.3,20.3,20.3
00-0032268,Marcus Mariota,QB,WAS,ATL,4,16.2,16.2,16.2
00-0032268,Marcus Mariota,QB,WAS,DAL,7,3.9,3.9,3.9
00-0032268,Marcus Mariota,QB,WAS,KC,8,11.3,11.3,11.3
00-0032268,Marcus Mariota,QB,WAS,DET,10,18.7,18.7,18.7
00-0032268,Marcus Mariota,QB,WAS,MIA,11,15.4,15.4,15.4
00-0032268,Marcus Mariota,QB,WAS,DEN,13,23.3,23.3,23.3
00-0032268,Marcus Mariota,QB,WAS,MIN,14,-2.1,-2.1,-2.1
00-0032268,Marcus Mariota,QB,WAS,NYG,15,14.7,14.7,14.7
00-0032268,Marcus Mariota,QB,WAS,PHI,16,3.7,3.7,3.7
00-0034753,Mark Andrews,TE,BAL,BUF,1,0.5,1.0,1.5
00-0034753,Mark Andrews,TE,BAL,CLE,2,0.4,0.9,1.4
00-0034753,Mark Andrews,TE,BAL,DET,3,21.1,24.1,27.1
00-0034753,Mark Andrews,TE,BAL,KC,4,3.0,6.5,10.0
00-0034753,Mark Andrews,TE,BAL,HOU,5,2.2,3.2,4.2
00-0034753,Mark Andrews,TE,BAL,LA,6,2.6,4.6,6.6
00-0034753,Mark Andrews,TE,BAL,CHI,8,3.4,4.9,6.4
00-0034753,Mark Andrews,TE,BAL,MIA,9,14.6,15.6,16.6
00-0034753,Mark Andrews,TE,BAL,MIN,10,7.4,8.9,10.4
00-0034753,Mark Andrews,TE,BAL,CLE,11,12.7,14.2,15.7
00-0034753,Mark Andrews,TE,BAL,NYJ,12,1.1,1.6,2.1
00-0034753,Mark Andrews,TE,BAL,CIN,13,4.7,6.7,8.7
00-0034753,Mark Andrews,TE,BAL,PIT,14,0.9,1.4,1.9
00-0034753,Mark Andrews,TE,BAL,CIN,15,1.8,2.8,3.8
00-0034753,Mark Andrews,TE,BAL,NE,16,2.4,3.4,4.4
00-0034753,Mark Andrews,TE,BAL,GB,17,2.8,4.8,6.8
00-0034753,Mark Andrews,TE,BAL,PIT,18,1.4,2.4,3.4
00-0034272,Marquez Valdes-Scantling,WR,SF,NO,2,0.0,0.0,0.0
00-0034272,Marquez Valdes-Scantling,WR,SF,ARI,3,0.9,1.4,1.9
00-0034272,Marquez Valdes-Scantling,WR,SF,LA,5,0.9,1.4,1.9
00-0034272,Marquez Valdes-Scantling,WR,SF,TB,6,2.2,3.2,4.2
00-0034272,Marquez Valdes-Scantling,WR,PIT,BAL,14,0.0,0.0,0.0
00-0034272,Marquez Valdes-Scantling,WR,PIT,MIA,15,7.9,8.4,8.9
00-0034272,Marquez Valdes-Scantling,WR,PIT,DET,16,0.6,1.1,1.6
00-0034272,Marquez Valdes-Scantling,WR,PIT,CLE,17,2.1,3.6,5.1
00-0034272,Marquez Valdes-Scantling,WR,PIT,BAL,18,3.4,5.9,8.4
00-0035662,Marquise Brown,WR,KC,LAC,1,9.9,14.9,19.9
00-0035662,Marquise Brown,WR,KC,PHI,2,3.0,5.5,8.0
00-0035662,Marquise Brown,WR,KC,NYG,3,4.2,6.2,8.2
00-0035662,Marquise Brown,WR,KC,BAL,4,9.8,11.3,12.8
00-0035662,Marquise Brown,WR,KC,JAX,5,4.8,6.8,8.8
00-0035662,Marquise Brown,WR,KC,DET,6,16.5,18.5,20.5
00-0035662,Marquise Brown,WR,KC,LV,7,7.4,8.4,9.4
00-0035662,Marquise Brown,WR,KC,WAS,8,0.0,0.0,0.0
00-0035662,Marquise Brown,WR,KC,BUF,9,7.3,8.3,9.3
00-0035662,Marquise Brown,WR,KC,DEN,11,4.0,6.0,8.0
00-0035662,Marquise Brown,WR,KC,IND,12,1.0,1.5,2.0
00-0035662,Marquise Brown,WR,KC,DAL,13,8.0,9.0,10.0
00-0035662,Marquise Brown,WR,KC,HOU,14,3.5,4.0,4.5
00-0035662,Marquise Brown,WR,KC,TEN,16,2.2,3.7,5.2
00-0035662,Marquise Brown,WR,KC,DEN,17,0.7,1.2,1.7
00-0035662,Marquise Brown,WR,KC,LV,18,6.4,7.9,9.4
00-0039849,Marvin Harrison Jr.,WR,ARI,NO,1,13.1,15.6,18.1
00-0039849,Marvin Harrison Jr.,WR,ARI,CAR,2,2.7,3.7,4.7
00-0039849,Marvin Harrison Jr.,WR,ARI,SF,3,4.4,5.9,7.4
00-0039849,Marvin Harrison Jr.,WR,ARI,SEA,4,12.6,15.6,18.6
00-0039849,Marvin Harrison Jr.,WR,ARI,TEN,5,9.8,11.8,13.8
00-0039849,Marvin Harrison Jr.,WR,ARI,IND,6,3.2,4.2,5.2
00-0039849,Marvin Harrison Jr.,WR,ARI,GB,7,5.8,6.8,7.8
00-0039849,Marvin Harrison Jr.,WR,ARI,DAL,9,15.6,19.1,22.6
00-0039849,Marvin Harrison Jr.,WR,ARI,SEA,10,11.3,12.8,14.3
00-0039849,Marvin Harrison Jr.,WR,ARI,TB,13,6.9,9.9,12.9
00-0039849,Marvin Harrison Jr.,WR,ARI,ATL,16,1.4,1.9,2.4
00-0039849,Marvin Harrison Jr.,WR,ARI,CIN,17,0.0,0.0,0.0
00-0038976,Marvin Mims Jr.,WR,DEN,TEN,1,1.2,2.7,4.2
00-0038976,Marvin Mims Jr.,WR,DEN,IND,2,8.4,9.4,10.4
00-0038976,Marvin Mims Jr.,WR,DEN,LAC,3,0.4,0.9,1.4
00-0038976,Marvin Mims Jr.,WR,DEN,CIN,4,14.5,17.5,20.5
00-0038976,Marvin Mims Jr.,WR,DEN,PHI,5,1.9,2.9,3.9
00-0038976,Marvin Mims Jr.,WR,DEN,NYJ,6,2.8,3.8,4.8
00-0038976,Marvin Mims Jr.,WR,DEN,NYG,7,9.8,12.8,15.8
00-0038976,Marvin Mims Jr.,WR,DEN,DAL,8,1.8,1.8,1.8
00-0038976,Marvin Mims Jr.,WR,DEN,KC,11,0.2,0.2,0.2
00-0038976,Marvin Mims Jr.,WR,DEN,WAS,13,1.7,2.7,3.7
00-0038976,Marvin Mims Jr.,WR,DEN,LV,14,6.7,7.2,7.7
00-0038976,Marvin Mims Jr.,WR,DEN,GB,15,3.7,5.7,7.7
00-0038976,Marvin Mims Jr.,WR,DEN,JAX,16,2.9,4.4,5.9
00-0038976,Marvin Mims Jr.,WR,DEN,KC,17,1.0,2.5,4.0
00-0038976,Marvin Mims Jr.,WR,DEN,LAC,18,1.0,2.0,3.0
00-0036176,Mason Kinsey,WR,TEN,NE,7,0.0,0.0,0.0
00-0036176,Mason Kinsey,WR,TEN,LAC,9,0.0,0.0,0.0
00-0036176,Mason Kinsey,WR,TEN,HOU,11,1.4,1.9,2.4
00-0036176,Mason Kinsey,WR,TEN,SEA,12,0.0,0.0,0.0
00-0036176,Mason Kinsey,WR,TEN,NO,17,3.4,3.9,4.4
00-0036176,Mason Kinsey,WR,TEN,JAX,18,0.0,0.0,0.0
00-0034771,Mason Rudolph,QB,PIT,SEA,2,0.5,0.5,0.5
00-0034771,Mason Rudolph,QB,PIT,CLE,6,0.0,0.0,0.0
00-0034771,Mason Rudolph,QB,PIT,CIN,11,9.0,9.0,9.0
00-0034771,Mason Rudolph,QB,PIT,CHI,12,7.5,7.5,7.5
00-0034771,Mason Rudolph,QB,PIT,BUF,13,-2.0,-2.0,-2.0
00-0040736,Mason Taylor,TE,NYJ,PIT,1,2.0,2.5,3.0
00-0040736,Mason Taylor,TE,NYJ,BUF,2,0.5,1.0,1.5
00-0040736,Mason Taylor,TE,NYJ,TB,3,1.8,3.8,5.8
00-0040736,Mason Taylor,TE,NYJ,MIA,4,6.5,9.0,11.5
00-0040736,Mason Taylor,TE,NYJ,DAL,5,8.7,13.2,17.7
00-0040736,Mason Taylor,TE,NYJ,DEN,6,0.2,0.7,1.2
00-0040736,Mason Taylor,TE,NYJ,CAR,7,3.1,4.6,6.1
00-0040736,Mason Taylor,TE,NYJ,CIN,8,9.4,11.9,14.4
00-0040736,Mason Taylor,TE,NYJ,CLE,10,0.4,0.9,1.4
00-0040736,Mason Taylor,TE,NYJ,NE,11,3.0,5.0,7.0
00-0040736,Mason Taylor,TE,NYJ,BAL,12,2.1,3.6,5.1
00-0040736,Mason Taylor,TE,NYJ,ATL,13,2.1,3.1,4.1
00-0040736,Mason Taylor,TE,NYJ,MIA,14,5.1,7.6,10.1
00-0039623,Mason Tipton,WR,NO,NE,6,0.0,0.0,0.0
00-0039623,Mason Tipton,WR,NO,CHI,7,0.0,0.0,0.0
00-0039623,Mason Tipton,WR,NO,TB,8,0.0,0.0,0.0
00-0039623,Mason Tipton,WR,NO,ATL,12,3.3,4.8,6.3
00-0039623,Mason Tipton,WR,NO,MIA,13,1.9,3.4,4.9
00-0039623,Mason Tipton,WR,NO,TB,14,0.0,0.0,0.0
00-0039623,Mason Tipton,WR,NO,CAR,15,0.1,0.6,1.1
00-0039623,Mason Tipton,WR,NO,NYJ,16,4.1,6.1,8.1
00-0035269,Matt Gay,K,WAS,NYG,1,3.0,3.0,3.0
00-0035269,Matt Gay,K,WAS,GB,2,4.0,4.0,4.0
00-0035269,Matt Gay,K,WAS,LV,3,13.0,13.0,13.0
00-0035269,Matt Gay,K,WAS,ATL,4,18.0,18.0,18.0
00-0035269,Matt Gay,K,WAS,LAC,5,9.0,9.0,9.0
00-0035269,Matt Gay,K,WAS,CHI,6,7.0,7.0,7.0
00-0035269,Matt Gay,K,WAS,DAL,7,2.0,2.0,2.0
00-0035269,Matt Gay,K,WAS,SEA,9,2.0,2.0,2.0
00-0035269,Matt Gay,K,WAS,DET,10,5.0,5.0,5.0
00-0035269,Matt Gay,K,WAS,MIA,11,5.0,5.0,5.0
00-0035269,Matt Gay,K,SF,CAR,12,9.0,9.0,9.0
00-0035269,Matt Gay,K,SF,CLE,13,8.0,8.0,8.0
00-0023853,Matt Prater,K,BUF,BAL,1,12.0,12.0,12.0
00-0023853,Matt Prater,K,BUF,NYJ,2,14.0,14.0,14.0
00-0023853,Matt Prater,K,BUF,MIA,3,7.0,7.0,7.0
00-0023853,Matt Prater,K,BUF,NO,4,7.0,7.0,7.0
00-0023853,Matt Prater,K,BUF,NE,5,9.0,9.0,9.0
00-0023853,Matt Prater,K,BUF,ATL,6,2.0,2.0,2.0
00-0023853,Matt Prater,K,BUF,CAR,8,11.0,11.0,11.0
00-0023853,Matt Prater,K,BUF,KC,9,3.0,3.0,3.0
00-0023853,Matt Prater,K,BUF,MIA,10,1.0,1.0,1.0
00-0023853,Matt Prater,K,BUF,TB,11,8.0,8.0,8.0
00-0023853,Matt Prater,K,BUF,HOU,12,7.0,7.0,7.0
00-0023853,Matt Prater,K,BUF,PIT,13,7.0,7.0,7.0
00-0023853,Matt Prater,K,BUF,CIN,14,7.0,7.0,7.0
00-0023853,Matt Prater,K,BUF,NE,15,5.0,5.0,5.0
00-0023853,Matt Prater,K,BUF,NYJ,18,3.0,3.0,3.0
00-0040667,Matthew Golden,WR,GB,DET,1,1.6,2.6,3.6
00-0040667,Matthew Golden,WR,GB,WAS,2,1.5,1.5,1.5
00-0040667,Matthew Golden,WR,GB,CLE,3,6.1,8.1,10.1
00-0040667,Matthew Golden,WR,GB,DAL,4,6.3,8.8,11.3
00-0040667,Matthew Golden,WR,GB,CIN,6,10.2,11.7,13.2
00-0040667,Matthew Golden,WR,GB,ARI,7,3.7,5.7,7.7
00-0040667,Matthew Golden,WR,GB,PIT,8,0.4,1.9,3.4
00-0040667,Matthew Golden,WR,GB,CAR,9,0.9,1.9,2.9
00-0040667,Matthew Golden,WR,GB,NYG,11,2.4,2.9,3.4
00-0040667,Matthew Golden,WR,GB,CHI,14,0.0,0.0,0.0
00-0040667,Matthew Golden,WR,GB,DEN,15,5.5,7.0,8.5
00-0040667,Matthew Golden,WR,GB,CHI,16,0.4,0.4,0.4
00-0040667,Matthew Golden,WR,GB,BAL,17,1.2,1.7,2.2
00-0040667,Matthew Golden,WR,GB,MIN,18,0.8,1.3,1.8
00-0026498,Matthew Stafford,QB,LA,HOU,1,13.6,13.6,13.6
00-0026498,Matthew Stafford,QB,LA,TEN,2,17.3,17.3,17.3
00-0026498,Matthew Stafford,QB,LA,PHI,3,13.8,13.8,13.8
00-0026498,Matthew Stafford,QB,LA,IND,4,27.4,27.4,27.4
00-0026498,Matthew Stafford,QB,LA,SF,5,25.6,25.6,25.6
00-0026498,Matthew Stafford,QB,LA,BAL,6,9.3,9.3,9.3
00-0026498,Matthew Stafford,QB,LA,JAX,7,27.4,27.4,27.4
00-0026498,Matthew Stafford,QB,LA,NO,9,26.8,26.8,26.8
00-0026498,Matthew Stafford,QB,LA,SF,10,26.9,26.9,26.9
00-0026498,Matthew Stafford,QB,LA,SEA,11,13.2,13.2,13.2
00-0026498,Matthew Stafford,QB,LA,TB,12,22.9,22.9,22.9
00-0026498,Matthew Stafford,QB,LA,CAR,13,11.6,11.6,11.6
00-0026498,Matthew Stafford,QB,LA,ARI,14,23.2,23.2,23.2
00-0026498,Matthew Stafford,QB,LA,DET,15,20.9,20.9,20.9
00-0026498,Matthew Stafford,QB,LA,SEA,16,30.9,30.9,30.9
00-0026498,Matthew Stafford,QB,LA,ATL,17,12.8,12.8,12.8
00-0026498,Matthew Stafford,QB,LA,ARI,18,26.7,26.7,26.7
00-0035189,Matthew Wright,K,TEN,LV,6,5.0,5.0,5.0
00-0035189,Matthew Wright,K,WAS,KC,8,1.0,1.0,1.0
00-0035189,Matthew Wright,K,HOU,JAX,10,4.0,4.0,4.0
00-0035189,Matthew Wright,K,HOU,TEN,11,12.0,12.0,12.0
00-0040494,Max Brosmer,QB,MIN,CIN,3,1.2,1.2,1.2
00-0040494,Max Brosmer,QB,MIN,CLE,5,-0.1,-0.1,-0.1
00-0040494,Max Brosmer,QB,MIN,LAC,8,0.5,0.5,0.5
00-0040494,Max Brosmer,QB,MIN,SEA,13,-3.1,-3.1,-3.1
00-0040494,Max Brosmer,QB,MIN,NYG,16,1.8,1.8,1.8
00-0040494,Max Brosmer,QB,MIN,DET,17,3.6,3.6,3.6
00-0040494,Max Brosmer,QB,MIN,GB,18,0.3,0.3,0.3
00-0035140,Mecole Hardman,WR,BUF,TB,11,0.0,0.0,0.0
00-0035140,Mecole Hardman,WR,BUF,CLE,16,0.0,0.0,0.0
00-0036959,Michael Bandy,WR,DEN,HOU,9,1.6,2.1,2.6
00-0036959,Michael Bandy,WR,DEN,LV,10,0.0,0.0,0.0
00-0036959,Michael Bandy,WR,DEN,GB,15,8.0,8.5,9.0
00-0036959,Michael Bandy,WR,DEN,KC,17,1.4,2.4,3.4
00-0036924,Michael Carter,RB,ARI,SEA,4,0.1,0.1,0.1
00-0036924,Michael Carter,RB,ARI,TEN,5,13.3,15.8,18.3
00-0036924,Michael Carter,RB,ARI,IND,6,6.4,7.4,8.4
00-0036924,Michael Carter,RB,ARI,GB,7,3.6,4.6,5.6
00-0036924,Michael Carter,RB,ARI,SEA,10,0.4,0.4,0.4
00-0036924,Michael Carter,RB,ARI,SF,11,2.8,5.3,7.8
00-0036924,Michael Carter,RB,ARI,JAX,12,5.8,7.3,8.8
00-0036924,Michael Carter,RB,ARI,TB,13,6.4,8.9,11.4
00-0036924,Michael Carter,RB,ARI,LA,14,3.1,4.1,5.1
00-0036924,Michael Carter,RB,ARI,HOU,15,9.4,11.4,13.4
00-0036924,Michael Carter,RB,ARI,ATL,16,6.5,6.5,6.5
00-0036924,Michael Carter,RB,ARI,CIN,17,4.3,5.3,6.3
00-0036924,Michael Carter,RB,ARI,LA,18,3.9,5.4,6.9
00-0039066,Michael Mayer,TE,LV,NE,1,3.8,5.8,7.8
00-0039066,Michael Mayer,TE,LV,LAC,2,0.9,1.9,2.9
00-0039066,Michael Mayer,TE,LV,WAS,3,0.0,0.0,0.0
00-0039066,Michael Mayer,TE,LV,TEN,6,11.0,13.5,16.0
00-0039066,Michael Mayer,TE,LV,KC,7,1.0,1.5,2.0
00-0039066,Michael Mayer,TE,LV,JAX,9,2.6,4.1,5.6
00-0039066,Michael Mayer,TE,LV,DEN,10,2.2,3.7,5.2
00-0039066,Michael Mayer,TE,LV,DAL,11,1.3,2.8,4.3
00-0039066,Michael Mayer,TE,LV,CLE,12,1.4,1.9,2.4
00-0039066,Michael Mayer,TE,LV,PHI,15,0.0,0.0,0.0
00-0039066,Michael Mayer,TE,LV,HOU,16,1.0,1.5,2.0
00-0039066,Michael Mayer,TE,LV,NYG,17,8.9,13.4,17.9
00-0039066,Michael Mayer,TE,LV,KC,18,4.7,6.2,7.7
00-0039917,Michael Penix Jr.,QB,ATL,TB,1,24.0,24.0,24.0
00-0039917,Michael Penix Jr.,QB,ATL,MIN,2,5.3,5.3,5.3
00-0039917,Michael Penix Jr.,QB,ATL,CAR,3,3.8,3.8,3.8
00-0039917,Michael Penix Jr.,QB,ATL,WAS,4,18.7,18.7,18.7
00-0039917,Michael Penix Jr.,QB,ATL,BUF,6,14.6,14.6,14.6
00-0039917,Michael Penix Jr.,QB,ATL,SF,7,12.2,12.2,12.2
00-0039917,Michael Penix Jr.,QB,ATL,NE,9,22.7,22.7,22.7
00-0039917,Michael Penix Jr.,QB,ATL,IND,10,11.0,11.0,11.0
00-0039917,Michael Penix Jr.,QB,ATL,CAR,11,7.9,7.9,7.9
00-0036252,Michael Pittman,WR,IND,MIA,1,14.0,17.0,20.0
00-0036252,Michael Pittman,WR,IND,DEN,2,4.0,6.0,8.0
00-0036252,Michael Pittman,WR,IND,TEN,3,13.3,16.3,19.3
00-0036252,Michael Pittman,WR,IND,LA,4,10.1,12.6,15.1
00-0036252,Michael Pittman,WR,IND,LV,5,9.9,12.4,14.9
00-0036252,Michael Pittman,WR,IND,ARI,6,2.0,3.0,4.0
00-0036252,Michael Pittman,WR,IND,LAC,7,13.8,17.3,20.8
00-0036252,Michael Pittman,WR,IND,TEN,8,15.5,19.5,23.5
00-0036252,Michael Pittman,WR,IND,PIT,9,11.5,16.0,20.5
00-0036252,Michael Pittman,WR,IND,ATL,10,1.9,2.9,3.9
00-0036252,Michael Pittman,WR,IND,KC,12,8.7,11.2,13.7
00-0036252,Michael Pittman,WR,IND,HOU,13,1.3,1.8,2.3
00-0036252,Michael Pittman,WR,IND,JAX,14,7.9,12.4,16.9
00-0036252,Michael Pittman,WR,IND,SEA,15,2.6,4.1,5.6
00-0036252,Michael Pittman,WR,IND,SF,16,3.2,5.2,7.2
00-0036252,Michael Pittman,WR,IND,JAX,17,1.6,2.6,3.6
00-0036252,Michael Pittman,WR,IND,HOU,18,1.1,2.1,3.1
00-0038559,Michael Wilson,WR,ARI,NO,1,0.5,1.0,1.5
00-0038559,Michael Wilson,WR,ARI,CAR,2,7.1,7.6,8.1
00-0038559,Michael Wilson,WR,ARI,SF,3,0.5,1.0,1.5
00-0038559,Michael Wilson,WR,ARI,SEA,4,1.5,3.0,4.5
00-0038559,Michael Wilson,WR,ARI,TEN,5,1.6,2.6,3.6
00-0038559,Michael Wilson,WR,ARI,IND,6,4.4,6.4,8.4
00-0038559,Michael Wilson,WR,ARI,GB,7,4.0,5.5,7.0
00-0038559,Michael Wilson,WR,ARI,DAL,9,6.1,7.6,9.1
00-0038559,Michael Wilson,WR,ARI,SEA,10,3.4,5.4,7.4
00-0038559,Michael Wilson,WR,ARI,SF,11,18.5,26.0,33.5
00-0038559,Michael Wilson,WR,ARI,JAX,12,11.8,16.8,21.8
00-0038559,Michael Wilson,WR,ARI,TB,13,3.6,5.1,6.6
00-0038559,Michael Wilson,WR,ARI,LA,14,26.2,31.7,37.2
00-0038559,Michael Wilson,WR,ARI,HOU,15,11.4,13.9,16.4
00-0038559,Michael Wilson,WR,ARI,ATL,16,11.2,12.2,13.2
00-0038559,Michael Wilson,WR,ARI,CIN,17,14.9,17.4,19.9
00-0038559,Michael Wilson,WR,ARI,LA,18,15.9,18.4,20.9
00-0034084,Mike Badgley,K,IND,ARI,6,8.0,8.0,8.0
00-0034084,Mike Badgley,K,IND,LAC,7,5.0,5.0,5.0
00-0034084,Mike Badgley,K,IND,TEN,8,9.0,9.0,9.0
00-0034084,Mike Badgley,K,IND,PIT,9,12.0,12.0,12.0
00-0034084,Mike Badgley,K,IND,ATL,10,6.0,6.0,6.0
00-0034084,Mike Badgley,K,IND,KC,12,8.0,8.0,8.0
00-0034084,Mike Badgley,K,IND,HOU,13,4.0,4.0,4.0
00-0034084,Mike Badgley,K,BUF,CLE,16,5.0,5.0,5.0
00-0034084,Mike Badgley,K,BUF,PHI,17,0.0,0.0,0.0
00-0031408,Mike Evans,WR,TB,ATL,1,5.1,7.6,10.1
00-0031408,Mike Evans,WR,TB,HOU,2,5.6,8.1,10.6
00-0031408,Mike Evans,WR,TB,NYJ,3,9.3,11.3,13.3
00-0031408,Mike Evans,WR,TB,DET,7,0.0,0.0,0.0
00-0031408,Mike Evans,WR,TB,ATL,15,13.2,16.2,19.2
00-0031408,Mike Evans,WR,TB,CAR,16,9.1,11.6,14.1
00-0031408,Mike Evans,WR,TB,MIA,17,9.1,10.6,12.1
00-0031408,Mike Evans,WR,TB,CAR,18,3.4,4.4,5.4
00-0034829,Mike Gesicki,TE,CIN,CLE,1,1.4,1.9,2.4
00-0034829,Mike Gesicki,TE,CIN,JAX,2,1.8,3.3,4.8
00-0034829,Mike Gesicki,TE,CIN,MIN,3,0.6,1.1,1.6
00-0034829,Mike Gesicki,TE,CIN,DEN,4,0.8,1.3,1.8
00-0034829,Mike Gesicki,TE,CIN,DET,5,1.5,2.5,3.5
00-0034829,Mike Gesicki,TE,CIN,NE,12,3.5,5.5,7.5
00-0034829,Mike Gesicki,TE,CIN,BAL,13,1.9,2.9,3.9
00-0034829,Mike Gesicki,TE,CIN,BUF,14,14.6,17.6,20.6
00-0034829,Mike Gesicki,TE,CIN,BAL,15,1.1,1.6,2.1
00-0034829,Mike Gesicki,TE,CIN,MIA,16,9.5,11.0,12.5
00-0034829,Mike Gesicki,TE,CIN,ARI,17,4.7,5.7,6.7
00-0034829,Mike Gesicki,TE,CIN,CLE,18,1.3,2.3,3.3
00-0035243,Miles Sanders,RB,DAL,PHI,1,3.0,3.5,4.0
00-0035243,Miles Sanders,RB,DAL,NYG,2,7.9,8.9,9.9
00-0035243,Miles Sanders,RB,DAL,CHI,3,5.3,6.8,8.3
00-0035243,Miles Sanders,RB,DAL,GB,4,2.5,3.5,4.5
00-0040187,Mitchell Evans,TE,CAR,ARI,2,0.9,1.4,1.9
00-0040187,Mitchell Evans,TE,CAR,ATL,3,0.9,1.4,1.9
00-0040187,Mitchell Evans,TE,CAR,NE,4,8.3,9.8,11.3
00-0040187,Mitchell Evans,TE,CAR,MIA,5,6.4,6.9,7.4
00-0040187,Mitchell Evans,TE,CAR,DAL,6,2.1,2.6,3.1
00-0040187,Mitchell Evans,TE,CAR,NYJ,7,2.4,3.4,4.4
00-0040187,Mitchell Evans,TE,CAR,NO,10,0.0,0.0,0.0
00-0040187,Mitchell Evans,TE,CAR,ATL,11,2.8,3.8,4.8
00-0040187,Mitchell Evans,TE,CAR,SF,12,0.0,0.0,0.0
00-0040187,Mitchell Evans,TE,CAR,LA,13,2.0,3.5,5.0
00-0040187,Mitchell Evans,TE,CAR,NO,15,0.0,0.0,0.0
00-0040187,Mitchell Evans,TE,CAR,TB,16,2.3,3.8,5.3
00-0040187,Mitchell Evans,TE,CAR,SEA,17,0.6,1.1,1.6
00-0040187,Mitchell Evans,TE,CAR,TB,18,0.5,1.0,1.5
00-0038839,Mitchell Tinsley,WR,CIN,JAX,2,7.3,7.8,8.3
00-0038839,Mitchell Tinsley,WR,CIN,MIN,3,0.0,0.0,0.0
00-0038839,Mitchell Tinsley,WR,CIN,DEN,4,0.9,1.4,1.9
00-0038839,Mitchell Tinsley,WR,CIN,CHI,9,2.7,3.2,3.7
00-0038839,Mitchell Tinsley,WR,CIN,NE,12,8.9,9.9,10.9
00-0038839,Mitchell Tinsley,WR,CIN,BAL,13,2.2,3.2,4.2
00-0038839,Mitchell Tinsley,WR,CIN,BAL,15,1.6,2.1,2.6
00-0038839,Mitchell Tinsley,WR,CIN,MIA,16,0.0,0.0,0.0
00-0033869,Mitchell Trubisky,QB,BUF,NYJ,2,1.0,1.0,1.0
00-0033869,Mitchell Trubisky,QB,BUF,CAR,8,0.9,0.9,0.9
00-0033869,Mitchell Trubisky,QB,BUF,MIA,10,0.4,0.4,0.4
00-0033869,Mitchell Trubisky,QB,BUF,NYJ,18,28.9,28.9,28.9
00-0033217,Mo Alie-Cox,TE,IND,MIA,1,2.0,2.5,3.0
00-0033217,Mo Alie-Cox,TE,IND,DEN,2,0.8,1.3,1.8
00-0033217,Mo Alie-Cox,TE,IND,ARI,6,1.6,2.1,2.6
00-0033217,Mo Alie-Cox,TE,IND,LAC,7,0.6,1.1,1.6
00-0033217,Mo Alie-Cox,TE,IND,PIT,9,0.0,0.0,0.0
00-0033217,Mo Alie-Cox,TE,IND,ATL,10,0.0,0.0,0.0
00-0033217,Mo Alie-Cox,TE,IND,KC,12,0.9,1.4,1.9
00-0033217,Mo Alie-Cox,TE,IND,JAX,14,0.0,0.0,0.0
00-0033217,Mo Alie-Cox,TE,IND,SF,16,1.6,2.6,3.6
00-0033217,Mo Alie-Cox,TE,IND,JAX,17,8.0,9.5,11.0
00-0033217,Mo Alie-Cox,TE,IND,HOU,18,2.2,3.7,5.2
00-0040244,Moliki Matavao,TE,NO,TEN,17,1.0,2.0,3.0
00-0035311,Myles Gaskin,RB,SEA,MIN,13,0.6,0.6,0.6
00-0040506,Myles Price,WR,MIN,CHI,1,0.0,0.0,0.0
00-0040506,Myles Price,WR,MIN,ATL,2,0.0,0.0,0.0
00-0040506,Myles Price,WR,MIN,CIN,3,0.0,0.0,0.0
00-0040506,Myles Price,WR,MIN,PIT,4,0.0,0.0,0.0
00-0040506,Myles Price,WR,MIN,CLE,5,0.0,0.0,0.0
00-0040506,Myles Price,WR,MIN,PHI,7,0.0,0.0,0.0
00-0040506,Myles Price,WR,MIN,LAC,8,0.0,0.0,0.0
00-0040506,Myles Price,WR,MIN,DET,9,0.0,0.0,0.0
00-0040506,Myles Price,WR,MIN,BAL,10,0.0,0.0,0.0
00-0040506,Myles Price,WR,MIN,CHI,11,0.0,0.0,0.0
00-0040506,Myles Price,WR,MIN,GB,12,0.0,0.0,0.0
00-0040506,Myles Price,WR,MIN,SEA,13,0.0,0.0,0.0
00-0040506,Myles Price,WR,MIN,WAS,14,0.0,0.0,0.0
00-0040506,Myles Price,WR,MIN,DAL,15,0.0,0.0,0.0
00-0040506,Myles Price,WR,MIN,NYG,16,0.0,0.0,0.0
00-0040506,Myles Price,WR,MIN,DET,17,0.0,0.0,0.0
00-0036893,Najee Harris,RB,LAC,KC,1,1.0,1.5,2.0
00-0036893,Najee Harris,RB,LAC,LV,2,4.8,5.8,6.8
00-0036893,Najee Harris,RB,LAC,DEN,3,2.8,2.8,2.8
00-0038783,Nate Adkins,TE,DEN,CIN,4,0.5,1.5,2.5
00-0038783,Nate Adkins,TE,DEN,PHI,5,0.0,0.0,0.0
00-0038783,Nate Adkins,TE,DEN,NYJ,6,8.3,9.3,10.3
00-0038783,Nate Adkins,TE,DEN,NYG,7,2.0,3.0,4.0
00-0038783,Nate Adkins,TE,DEN,DAL,8,0.0,0.0,0.0
00-0038783,Nate Adkins,TE,DEN,JAX,16,0.0,0.0,0.0
00-0040547,Nate Carter,RB,ATL,CAR,3,2.6,2.6,2.6
00-0040547,Nate Carter,RB,ATL,MIA,8,1.4,1.4,1.4
00-0034791,Nick Chubb,RB,HOU,LA,1,6.0,6.0,6.0
00-0034791,Nick Chubb,RB,HOU,TB,2,13.2,14.2,15.2
00-0034791,Nick Chubb,RB,HOU,JAX,3,4.0,5.5,7.0
00-0034791,Nick Chubb,RB,HOU,TEN,4,6.2,7.2,8.2
00-0034791,Nick Chubb,RB,HOU,BAL,5,12.1,12.1,12.1
00-0034791,Nick Chubb,RB,HOU,SEA,7,1.1,1.6,2.1
00-0034791,Nick Chubb,RB,HOU,SF,8,6.9,7.9,8.9
00-0034791,Nick Chubb,RB,HOU,DEN,9,3.4,3.4,3.4
00-0034791,Nick Chubb,RB,HOU,JAX,10,5.2,5.7,6.2
00-0034791,Nick Chubb,RB,HOU,TEN,11,1.7,1.7,1.7
00-0034791,Nick Chubb,RB,HOU,BUF,12,1.5,2.0,2.5
00-0034791,Nick Chubb,RB,HOU,IND,13,9.4,9.4,9.4
00-0034791,Nick Chubb,RB,HOU,KC,14,0.3,0.3,0.3
00-0034791,Nick Chubb,RB,HOU,LV,16,4.2,4.7,5.2
00-0034791,Nick Chubb,RB,HOU,LAC,17,0.1,0.1,0.1
00-0025565,Nick Folk,K,NYJ,PIT,1,10.0,10.0,10.0
00-0025565,Nick Folk,K,NYJ,BUF,2,6.0,6.0,6.0
00-0025565,Nick Folk,K,NYJ,TB,3,10.0,10.0,10.0
00-0025565,Nick Folk,K,NYJ,MIA,4,11.0,11.0,11.0
00-0025565,Nick Folk,K,NYJ,DAL,5,7.0,7.0,7.0
00-0025565,Nick Folk,K,NYJ,DEN,6,12.0,12.0,12.0
00-0025565,Nick Folk,K,NYJ,CAR,7,7.0,7.0,7.0
00-0025565,Nick Folk,K,NYJ,CIN,8,12.0,12.0,12.0
00-0025565,Nick Folk,K,NYJ,CLE,10,9.0,9.0,9.0
00-0025565,Nick Folk,K,NYJ,NE,11,2.0,2.0,2.0
00-0025565,Nick Folk,K,NYJ,BAL,12,5.0,5.0,5.0
00-0025565,Nick Folk,K,NYJ,ATL,13,10.0,10.0,10.0
00-0025565,Nick Folk,K,NYJ,MIA,14,4.0,4.0,4.0
00-0025565,Nick Folk,K,NYJ,JAX,15,11.0,11.0,11.0
00-0025565,Nick Folk,K,NYJ,NO,16,6.0,6.0,6.0
00-0025565,Nick Folk,K,NYJ,NE,17,4.0,4.0,4.0
00-0040058,Nick Kallerup,TE,SEA,ARI,10,0.0,0.0,0.0
00-0040058,Nick Kallerup,TE,SEA,LA,11,0.0,0.0,0.0
00-0040058,Nick Kallerup,TE,SEA,MIN,13,0.0,0.0,0.0
00-0040058,Nick Kallerup,TE,SEA,IND,15,0.0,0.0,0.0
00-0033319,Nick Mullens,QB,JAX,TEN,13,-0.3,-0.3,-0.3
00-0033319,Nick Mullens,QB,JAX,IND,14,0.0,0.0,0.0
00-0033319,Nick Mullens,QB,JAX,NYJ,15,-0.2,-0.2,-0.2
00-0033319,Nick Mullens,QB,JAX,TEN,18,0.4,0.4,0.4
00-0036182,Nick Westbrook-Ikhine,WR,MIA,IND,1,0.7,1.2,1.7
00-0036182,Nick Westbrook-Ikhine,WR,MIA,NE,2,1.8,2.8,3.8
00-0036182,Nick Westbrook-Ikhine,WR,MIA,BUF,3,0.0,0.0,0.0
00-0036182,Nick Westbrook-Ikhine,WR,MIA,NYJ,4,0.1,0.6,1.1
00-0036182,Nick Westbrook-Ikhine,WR,MIA,LAC,6,0.0,0.0,0.0
00-0036182,Nick Westbrook-Ikhine,WR,MIA,CLE,7,1.6,3.1,4.6
00-0036182,Nick Westbrook-Ikhine,WR,MIA,ATL,8,1.8,2.3,2.8
00-0036182,Nick Westbrook-Ikhine,WR,MIA,BAL,9,2.2,3.2,4.2
00-0036182,Nick Westbrook-Ikhine,WR,MIA,BUF,10,0.7,1.2,1.7
00-0036182,Nick Westbrook-Ikhine,WR,MIA,NO,13,0.0,0.0,0.0
00-0036182,Nick Westbrook-Ikhine,WR,MIA,NYJ,14,0.0,0.0,0.0
00-0036182,Nick Westbrook-Ikhine,WR,MIA,PIT,15,0.0,0.0,0.0
00-0036182,Nick Westbrook-Ikhine,WR,MIA,NE,18,0.0,0.0,0.0
00-0036554,Nico Collins,WR,HOU,LA,1,2.5,4.0,5.5
00-0036554,Nico Collins,WR,HOU,TB,2,11.2,12.7,14.2
00-0036554,Nico Collins,WR,HOU,JAX,3,14.4,18.4,22.4
00-0036554,Nico Collins,WR,HOU,TEN,4,7.9,9.9,11.9
00-0036554,Nico Collins,WR,HOU,BAL,5,12.0,14.0,16.0
00-0036554,Nico Collins,WR,HOU,SEA,7,2.7,4.7,6.7
00-0036554,Nico Collins,WR,HOU,DEN,9,7.5,11.0,14.5
00-0036554,Nico Collins,WR,HOU,JAX,10,15.6,19.1,22.6
00-0036554,Nico Collins,WR,HOU,TEN,11,15.2,19.7,24.2
00-0036554,Nico Collins,WR,HOU,BUF,12,5.5,7.0,8.5
00-0036554,Nico Collins,WR,HOU,IND,13,16.5,19.0,21.5
00-0036554,Nico Collins,WR,HOU,KC,14,12.1,14.1,16.1
00-0036554,Nico Collins,WR,HOU,ARI,15,20.5,22.0,23.5
00-0036554,Nico Collins,WR,HOU,LV,16,5.9,7.9,9.9
00-0036554,Nico Collins,WR,HOU,LAC,17,5.7,7.2,8.7
00-0038519,Nikko Remigio,WR,KC,LAC,1,0.0,0.0,0.0
00-0038519,Nikko Remigio,WR,KC,PHI,2,2.1,2.6,3.1
00-0038519,Nikko Remigio,WR,KC,NYG,3,1.1,1.1,1.1
00-0038519,Nikko Remigio,WR,KC,BAL,4,0.0,0.0,0.0
00-0038519,Nikko Remigio,WR,KC,JAX,5,0.0,0.0,0.0
00-0038519,Nikko Remigio,WR,KC,DET,6,0.0,0.0,0.0
00-0038519,Nikko Remigio,WR,KC,LV,7,0.0,0.0,0.0
00-0038519,Nikko Remigio,WR,KC,WAS,8,0.0,0.0,0.0
00-0038519,Nikko Remigio,WR,KC,BUF,9,0.0,0.0,0.0
00-0038519,Nikko Remigio,WR,KC,DEN,11,0.0,0.0,0.0
00-0038519,Nikko Remigio,WR,KC,IND,12,0.0,0.0,0.0
00-0038519,Nikko Remigio,WR,KC,DAL,13,0.0,0.0,0.0
00-0038519,Nikko Remigio,WR,KC,LAC,15,0.0,0.0,0.0
00-0038519,Nikko Remigio,WR,KC,TEN,16,0.0,0.0,0.0
00-0037031,Nikola Kalinic,TE,CHI,PIT,12,0.0,0.0,0.0
00-0037031,Nikola Kalinic,TE,CHI,DET,18,0.0,0.0,0.0
00-0033591,Noah Brown,WR,WAS,NYG,1,2.7,3.7,4.7
00-0033591,Noah Brown,WR,WAS,GB,2,0.9,1.4,1.9
00-0033591,Noah Brown,WR,WAS,MIN,14,1.9,2.4,2.9
00-0033591,Noah Brown,WR,WAS,NYG,15,2.8,3.3,3.8
00-0035644,Noah Fant,TE,CIN,CLE,1,8.6,10.6,12.6
00-0035644,Noah Fant,TE,CIN,JAX,2,2.8,4.3,5.8
00-0035644,Noah Fant,TE,CIN,MIN,3,0.6,3.1,5.6
00-0035644,Noah Fant,TE,CIN,GB,6,2.7,4.7,6.7
00-0035644,Noah Fant,TE,CIN,PIT,7,10.4,12.4,14.4
00-0035644,Noah Fant,TE,CIN,NYJ,8,4.1,5.6,7.1
00-0035644,Noah Fant,TE,CIN,CHI,9,8.8,9.8,10.8
00-0035644,Noah Fant,TE,CIN,PIT,11,1.6,4.1,6.6
00-0035644,Noah Fant,TE,CIN,NE,12,0.9,1.4,1.9
00-0035644,Noah Fant,TE,CIN,BAL,13,0.3,0.8,1.3
00-0035644,Noah Fant,TE,CIN,BUF,14,1.5,2.0,2.5
00-0035644,Noah Fant,TE,CIN,ARI,17,0.0,0.0,0.0
00-0035644,Noah Fant,TE,CIN,CLE,18,-1.5,-1.0,-0.5
00-0036637,Noah Gray,TE,KC,LAC,1,0.3,0.8,1.3
00-0036637,Noah Gray,TE,KC,PHI,2,0.1,0.6,1.1
00-0036637,Noah Gray,TE,KC,NYG,3,1.7,3.2,4.7
00-0036637,Noah Gray,TE,KC,BAL,4,0.1,0.6,1.1
00-0036637,Noah Gray,TE,KC,DET,6,2.5,3.5,4.5
00-0036637,Noah Gray,TE,KC,LV,7,2.8,3.3,3.8
00-0036637,Noah Gray,TE,KC,WAS,8,2.3,3.3,4.3
00-0036637,Noah Gray,TE,KC,BUF,9,0.0,0.0,0.0
00-0036637,Noah Gray,TE,KC,DEN,11,0.9,1.9,2.9
00-0036637,Noah Gray,TE,KC,IND,12,2.5,4.0,5.5
00-0036637,Noah Gray,TE,KC,HOU,14,1.4,1.9,2.4
00-0036637,Noah Gray,TE,KC,TEN,16,0.0,0.0,0.0
00-0036637,Noah Gray,TE,KC,DEN,17,0.2,0.7,1.2
00-0036637,Noah Gray,TE,KC,LV,18,3.0,4.5,6.0
00-0034367,Nyheim Hines,RB,LAC,MIA,6,0.0,0.0,0.0
00-0034367,Nyheim Hines,RB,LAC,IND,7,0.0,0.0,0.0
00-0034367,Nyheim Hines,RB,LAC,MIN,8,-0.2,-0.2,-0.2
00-0034367,Nyheim Hines,RB,NO,ATL,18,0.0,0.0,0.0
00-0035208,Olamide Zaccheaus,WR,CHI,MIN,1,4.2,6.2,8.2
00-0035208,Olamide Zaccheaus,WR,CHI,DET,2,2.1,3.1,4.1
00-0035208,Olamide Zaccheaus,WR,CHI,DAL,3,3.6,5.1,6.6
00-0035208,Olamide Zaccheaus,WR,CHI,LV,4,4.1,6.6,9.1
00-0035208,Olamide Zaccheaus,WR,CHI,WAS,6,2.8,3.8,4.8
00-0035208,Olamide Zaccheaus,WR,CHI,NO,7,0.9,1.9,2.9
00-0035208,Olamide Zaccheaus,WR,CHI,BAL,8,3.3,6.8,10.3
00-0035208,Olamide Zaccheaus,WR,CHI,CIN,9,11.8,14.8,17.8
00-0035208,Olamide Zaccheaus,WR,CHI,NYG,10,0.5,1.0,1.5
00-0035208,Olamide Zaccheaus,WR,CHI,PIT,12,0.6,1.1,1.6
00-0035208,Olamide Zaccheaus,WR,CHI,PHI,13,1.9,2.9,3.9
00-0035208,Olamide Zaccheaus,WR,CHI,GB,14,6.7,7.7,8.7
00-0035208,Olamide Zaccheaus,WR,CHI,CLE,15,0.0,0.0,0.0
00-0035208,Olamide Zaccheaus,WR,CHI,GB,16,3.3,4.3,5.3
00-0040198,Ollie Gordon II,RB,MIA,IND,1,0.3,0.8,1.3
00-0040198,Ollie Gordon II,RB,MIA,NE,2,1.3,1.8,2.3
00-0040198,Ollie Gordon II,RB,MIA,BUF,3,9.8,9.8,9.8
00-0040198,Ollie Gordon II,RB,MIA,NYJ,4,1.0,1.0,1.0
00-0040198,Ollie Gordon II,RB,MIA,CAR,5,-0.2,-0.2,-0.2
00-0040198,Ollie Gordon II,RB,MIA,LAC,6,0.2,0.7,1.2
00-0040198,Ollie Gordon II,RB,MIA,CLE,7,1.3,1.8,2.3
00-0040198,Ollie Gordon II,RB,MIA,ATL,8,12.6,13.1,13.6
00-0040198,Ollie Gordon II,RB,MIA,BAL,9,0.9,1.4,1.9
00-0040198,Ollie Gordon II,RB,MIA,BUF,10,-0.3,-0.3,-0.3
00-0040198,Ollie Gordon II,RB,MIA,WAS,11,10.5,10.5,10.5
00-0040198,Ollie Gordon II,RB,MIA,NO,13,1.0,1.0,1.0
00-0040198,Ollie Gordon II,RB,MIA,NYJ,14,7.7,7.7,7.7
00-0040198,Ollie Gordon II,RB,MIA,PIT,15,0.0,0.0,0.0
00-0040198,Ollie Gordon II,RB,MIA,CIN,16,-0.1,-0.1,-0.1
00-0040198,Ollie Gordon II,RB,MIA,TB,17,0.0,0.0,0.0
00-0040198,Ollie Gordon II,RB,MIA,NE,18,1.1,1.6,2.1
00-0040666,Omarion Hampton,RB,LAC,KC,1,6.1,7.1,8.1
00-0040666,Omarion Hampton,RB,LAC,LV,2,2.5,3.0,3.5
00-0040666,Omarion Hampton,RB,LAC,DEN,3,18.9,21.9,24.9
00-0040666,Omarion Hampton,RB,LAC,NYG,4,22.5,25.0,27.5
00-0040666,Omarion Hampton,RB,LAC,WAS,5,7.0,10.0,13.0
00-0040666,Omarion Hampton,RB,LAC,PHI,14,12.7,13.7,14.7
00-0040666,Omarion Hampton,RB,LAC,KC,15,6.5,7.0,7.5
00-0040666,Omarion Hampton,RB,LAC,DAL,16,15.5,16.0,16.5
00-0040666,Omarion Hampton,RB,LAC,HOU,17,12.0,16.0,20.0
00-0040189,Oronde Gadsden II,TE,LAC,DEN,3,4.6,7.1,9.6
00-0040189,Oronde Gadsden II,TE,LAC,NYG,4,1.6,2.6,3.6
00-0040189,Oronde Gadsden II,TE,LAC,WAS,5,1.4,1.9,2.4
00-0040189,Oronde Gadsden II,TE,LAC,MIA,6,4.8,8.3,11.8
00-0040189,Oronde Gadsden II,TE,LAC,IND,7,22.4,25.9,29.4
00-0040189,Oronde Gadsden II,TE,LAC,MIN,8,13.7,16.2,18.7
00-0040189,Oronde Gadsden II,TE,LAC,TEN,9,6.8,9.3,11.8
00-0040189,Oronde Gadsden II,TE,LAC,PIT,10,1.3,2.8,4.3
00-0040189,Oronde Gadsden II,TE,LAC,JAX,11,4.1,5.1,6.1
00-0040189,Oronde Gadsden II,TE,LAC,LV,13,2.7,3.2,3.7
00-0040189,Oronde Gadsden II,TE,LAC,PHI,14,0.7,1.2,1.7
00-0040189,Oronde Gadsden II,TE,LAC,KC,15,6.1,8.1,10.1
00-0040189,Oronde Gadsden II,TE,LAC,DAL,16,0.7,1.2,1.7
00-0040189,Oronde Gadsden II,TE,LAC,HOU,17,9.2,10.7,12.2
00-0040189,Oronde Gadsden II,TE,LAC,DEN,18,2.3,3.3,4.3
00-0038458,Owen Wright,RB,TB,BUF,11,0.0,0.0,0.0
00-0038458,Owen Wright,RB,TB,LA,12,0.6,0.6,0.6
00-0038606,Parker Washington,WR,JAX,CAR,1,0.0,0.0,0.0
00-0038606,Parker Washington,WR,JAX,CIN,2,7.6,10.1,12.6
00-0038606,Parker Washington,WR,JAX,HOU,3,3.4,5.4,7.4
00-0038606,Parker Washington,WR,JAX,SF,4,5.9,5.9,5.9
00-0038606,Parker Washington,WR,JAX,KC,5,7.6,8.6,9.6
00-0038606,Parker Washington,WR,JAX,SEA,6,2.9,3.9,4.9
00-0038606,Parker Washington,WR,JAX,LA,7,6.2,8.2,10.2
00-0038606,Parker Washington,WR,JAX,LV,9,9.0,13.0,17.0
00-0038606,Parker Washington,WR,JAX,HOU,10,14.9,16.4,17.9
00-0038606,Parker Washington,WR,JAX,LAC,11,2.0,3.0,4.0
00-0038606,Parker Washington,WR,JAX,ARI,12,13.1,15.6,18.1
00-0038606,Parker Washington,WR,JAX,TEN,13,2.6,3.1,3.6
00-0038606,Parker Washington,WR,JAX,NYJ,15,5.3,6.8,8.3
00-0038606,Parker Washington,WR,JAX,DEN,16,20.5,23.5,26.5
00-0038606,Parker Washington,WR,JAX,IND,17,11.0,15.0,19.0
00-0038606,Parker Washington,WR,JAX,TEN,18,14.7,17.2,19.7
00-0035639,Parris Campbell,WR,DAL,CAR,6,0.0,0.0,0.0
00-0040134,Pat Bryant,WR,DEN,IND,2,1.8,2.8,3.8
00-0040134,Pat Bryant,WR,DEN,CIN,4,0.0,0.0,0.0
00-0040134,Pat Bryant,WR,DEN,PHI,5,0.0,0.0,0.0
00-0040134,Pat Bryant,WR,DEN,NYJ,6,2.2,3.2,4.2
00-0040134,Pat Bryant,WR,DEN,NYG,7,0.6,1.1,1.6
00-0040134,Pat Bryant,WR,DEN,DAL,8,10.0,11.0,12.0
00-0040134,Pat Bryant,WR,DEN,HOU,9,2.0,3.0,4.0
00-0040134,Pat Bryant,WR,DEN,LV,10,4.3,4.8,5.3
00-0040134,Pat Bryant,WR,DEN,KC,11,8.2,10.7,13.2
00-0040134,Pat Bryant,WR,DEN,WAS,13,4.2,5.7,7.2
00-0040134,Pat Bryant,WR,DEN,LV,14,3.2,5.2,7.2
00-0040134,Pat Bryant,WR,DEN,JAX,16,4.2,6.7,9.2
00-0040134,Pat Bryant,WR,DEN,LAC,18,3.1,5.1,7.1
00-0036894,Pat Freiermuth,TE,PIT,NYJ,1,2.8,4.3,5.8
00-0036894,Pat Freiermuth,TE,PIT,SEA,2,3.1,4.6,6.1
00-0036894,Pat Freiermuth,TE,PIT,NE,3,0.6,1.1,1.6
00-0036894,Pat Freiermuth,TE,PIT,CLE,6,1.1,1.6,2.1
00-0036894,Pat Freiermuth,TE,PIT,CIN,7,23.1,25.6,28.1
00-0036894,Pat Freiermuth,TE,PIT,GB,8,1.3,2.8,4.3
00-0036894,Pat Freiermuth,TE,PIT,IND,9,8.7,10.2,11.7
00-0036894,Pat Freiermuth,TE,PIT,LAC,10,3.3,4.8,6.3
00-0036894,Pat Freiermuth,TE,PIT,CIN,11,1.9,2.4,2.9
00-0036894,Pat Freiermuth,TE,PIT,CHI,12,7.9,9.4,10.9
00-0036894,Pat Freiermuth,TE,PIT,BAL,14,0.9,1.9,2.9
00-0036894,Pat Freiermuth,TE,PIT,MIA,15,4.5,6.0,7.5
00-0036894,Pat Freiermuth,TE,PIT,DET,16,2.0,4.0,6.0
00-0036894,Pat Freiermuth,TE,PIT,CLE,17,6.3,7.8,9.3
00-0036894,Pat Freiermuth,TE,PIT,BAL,18,5.1,6.6,8.1
00-0033873,Patrick Mahomes,QB,KC,LAC,1,26.0,26.0,26.0
00-0033873,Patrick Mahomes,QB,KC,PHI,2,22.1,22.1,22.1
00-0033873,Patrick Mahomes,QB,KC,NYG,3,13.2,13.2,13.2
00-0033873,Patrick Mahomes,QB,KC,BAL,4,27.3,27.3,27.3
00-0033873,Patrick Mahomes,QB,KC,JAX,5,26.7,26.7,26.7
00-0033873,Patrick Mahomes,QB,KC,DET,6,31.5,31.5,31.5
00-0033873,Patrick Mahomes,QB,KC,LV,7,26.2,26.2,26.2
00-0033873,Patrick Mahomes,QB,KC,WAS,8,23.0,23.0,23.0
00-0033873,Patrick Mahomes,QB,KC,BUF,9,10.5,10.5,10.5
00-0033873,Patrick Mahomes,QB,KC,DEN,11,13.3,13.3,13.3
00-0033873,Patrick Mahomes,QB,KC,IND,12,17.1,17.1,17.1
00-0033873,Patrick Mahomes,QB,KC,DAL,13,29.4,29.4,29.4
00-0033873,Patrick Mahomes,QB,KC,HOU,14,5.3,5.8,6.3
00-0033873,Patrick Mahomes,QB,KC,LAC,15,13.1,13.1,13.1
00-0033376,Patrick Ricard,RB,BAL,MIN,10,0.3,0.3,0.3
00-0033376,Patrick Ricard,RB,BAL,CLE,11,0.0,0.0,0.0
00-0033376,Patrick Ricard,RB,BAL,PIT,14,0.0,0.0,0.0
00-0033376,Patrick Ricard,RB,BAL,GB,17,0.0,0.0,0.0
00-0033376,Patrick Ricard,RB,BAL,PIT,18,0.8,1.3,1.8
00-0039050,Payne Durham,TE,TB,ATL,1,0.0,0.0,0.0
00-0039050,Payne Durham,TE,TB,HOU,2,0.0,0.0,0.0
00-0039050,Payne Durham,TE,TB,PHI,4,0.0,0.0,0.0
00-0039050,Payne Durham,TE,TB,SEA,5,0.0,0.0,0.0
00-0039050,Payne Durham,TE,TB,NE,10,0.0,0.0,0.0
00-0039050,Payne Durham,TE,TB,ARI,13,1.1,1.6,2.1
00-0039050,Payne Durham,TE,TB,NO,14,0.0,0.0,0.0
00-0039050,Payne Durham,TE,TB,CAR,18,0.0,0.0,0.0
00-0033439,Pharaoh Brown,TE,ARI,SF,11,0.0,0.0,0.0
00-0033439,Pharaoh Brown,TE,ARI,JAX,12,0.0,0.0,0.0
00-0033439,Pharaoh Brown,TE,ARI,LA,14,0.0,0.0,0.0
00-0033439,Pharaoh Brown,TE,ARI,HOU,15,0.1,1.1,2.1
00-0033439,Pharaoh Brown,TE,ARI,LA,18,0.0,0.0,0.0
00-0040021,Phil Mafah,RB,DAL,NYG,18,8.9,9.9,10.9
00-0022942,Philip Rivers,QB,IND,SEA,15,6.8,6.8,6.8
00-0022942,Philip Rivers,QB,IND,SF,16,17.1,17.1,17.1
00-0022942,Philip Rivers,QB,IND,JAX,17,7.8,7.8,7.8
00-0038735,Princeton Fant,TE,DAL,ARI,9,0.0,0.0,0.0
00-0039075,Puka Nacua,WR,LA,HOU,1,13.1,18.1,23.1
00-0039075,Puka Nacua,WR,LA,TEN,2,19.6,23.6,27.6
00-0039075,Puka Nacua,WR,LA,PHI,3,11.8,17.3,22.8
00-0039075,Puka Nacua,WR,LA,IND,4,23.0,29.5,36.0
00-0039075,Puka Nacua,WR,LA,SF,5,14.5,19.5,24.5
00-0039075,Puka Nacua,WR,LA,BAL,6,2.8,3.8,4.8
00-0039075,Puka Nacua,WR,LA,NO,9,15.8,19.3,22.8
00-0039075,Puka Nacua,WR,LA,SF,10,12.4,14.9,17.4
00-0039075,Puka Nacua,WR,LA,SEA,11,7.3,10.8,14.3
00-0039075,Puka Nacua,WR,LA,TB,12,9.7,13.2,16.7
00-0039075,Puka Nacua,WR,LA,CAR,13,7.2,10.2,13.2
00-0039075,Puka Nacua,WR,LA,ARI,14,28.7,32.2,35.7
00-0039075,Puka Nacua,WR,LA,DET,15,18.9,23.4,27.9
00-0039075,Puka Nacua,WR,LA,SEA,16,34.5,40.5,46.5
00-0039075,Puka Nacua,WR,LA,ATL,17,10.7,13.2,15.7
00-0039075,Puka Nacua,WR,LA,ARI,18,16.0,21.0,26.0
00-0038544,Quentin Johnston,WR,LAC,KC,1,19.9,22.4,24.9
00-0038544,Quentin Johnston,WR,LAC,LV,2,12.9,14.4,15.9
00-0038544,Quentin Johnston,WR,LAC,DEN,3,8.9,11.9,14.9
00-0038544,Quentin Johnston,WR,LAC,NYG,4,15.8,19.8,23.8
00-0038544,Quentin Johnston,WR,LAC,WAS,5,2.9,4.9,6.9
00-0038544,Quentin Johnston,WR,LAC,IND,7,9.0,10.0,11.0
00-0038544,Quentin Johnston,WR,LAC,TEN,9,11.3,13.3,15.3
00-0038544,Quentin Johnston,WR,LAC,PIT,10,4.2,6.7,9.2
00-0038544,Quentin Johnston,WR,LAC,JAX,11,0.0,0.0,0.0
00-0038544,Quentin Johnston,WR,LAC,LV,13,8.3,9.8,11.3
00-0038544,Quentin Johnston,WR,LAC,PHI,14,0.8,1.8,2.8
00-0038544,Quentin Johnston,WR,LAC,DAL,16,16.4,18.4,20.4
00-0038544,Quentin Johnston,WR,LAC,HOU,17,9.8,12.3,14.8
00-0040406,Quentin Skinner,WR,NYJ,BUF,18,3.0,3.5,4.0
00-0040234,Quinn Ewers,QB,MIA,CLE,7,2.1,2.1,2.1
00-0040234,Quinn Ewers,QB,MIA,CIN,16,6.9,6.9,6.9
00-0040234,Quinn Ewers,QB,MIA,TB,17,14.8,15.3,15.8
00-0040234,Quinn Ewers,QB,MIA,NE,18,8.4,8.4,8.4
00-0040784,Quinshon Judkins,RB,CLE,BAL,2,7.1,8.6,10.1
00-0040784,Quinshon Judkins,RB,CLE,GB,3,15.5,16.0,16.5
00-0040784,Quinshon Judkins,RB,CLE,DET,4,17.5,19.5,21.5
00-0040784,Quinshon Judkins,RB,CLE,MIN,5,12.8,13.3,13.8
00-0040784,Quinshon Judkins,RB,CLE,PIT,6,3.6,3.6,3.6
00-0040784,Quinshon Judkins,RB,CLE,MIA,7,26.4,26.4,26.4
00-0040784,Quinshon Judkins,RB,CLE,NE,8,1.7,3.2,4.7
00-0040784,Quinshon Judkins,RB,CLE,NYJ,10,8.5,9.5,10.5
00-0040784,Quinshon Judkins,RB,CLE,BAL,11,5.9,5.9,5.9
00-0040784,Quinshon Judkins,RB,CLE,LV,12,16.7,16.7,16.7
00-0040784,Quinshon Judkins,RB,CLE,SF,13,12.9,14.4,15.9
00-0040784,Quinshon Judkins,RB,CLE,TEN,14,8.4,8.9,9.4
00-0040784,Quinshon Judkins,RB,CLE,CHI,15,1.7,3.2,4.7
00-0040784,Quinshon Judkins,RB,CLE,BUF,16,5.1,7.6,10.1
00-0036590,Quintin Morris,TE,JAX,CIN,2,0.0,0.0,0.0
00-0036590,Quintin Morris,TE,JAX,SF,4,0.0,0.0,0.0
00-0036590,Quintin Morris,TE,JAX,KC,5,0.0,0.0,0.0
00-0036590,Quintin Morris,TE,JAX,LAC,11,1.1,1.6,2.1
00-0036590,Quintin Morris,TE,JAX,ARI,12,0.0,0.0,0.0
00-0036590,Quintin Morris,TE,JAX,TEN,13,1.4,1.9,2.4
00-0036590,Quintin Morris,TE,JAX,IND,14,0.0,0.0,0.0
00-0036590,Quintin Morris,TE,JAX,NYJ,15,2.0,3.0,4.0
00-0036590,Quintin Morris,TE,JAX,DEN,16,0.5,1.0,1.5
00-0036590,Quintin Morris,TE,JAX,IND,17,0.0,0.0,0.0
00-0036590,Quintin Morris,TE,JAX,TEN,18,6.5,7.0,7.5
00-0040730,RJ Harvey,RB,DEN,TEN,1,6.9,7.4,7.9
00-0040730,RJ Harvey,RB,DEN,IND,2,2.4,2.9,3.4
00-0040730,RJ Harvey,RB,DEN,LAC,3,1.6,3.1,4.6
00-0040730,RJ Harvey,RB,DEN,CIN,4,15.8,17.8,19.8
00-0040730,RJ Harvey,RB,DEN,PHI,5,3.0,4.5,6.0
00-0040730,RJ Harvey,RB,DEN,NYJ,6,2.5,4.5,6.5
00-0040730,RJ Harvey,RB,DEN,NYG,7,6.2,6.7,7.2
00-0040730,RJ Harvey,RB,DEN,DAL,8,23.1,23.6,24.1
00-0040730,RJ Harvey,RB,DEN,HOU,9,11.6,14.1,16.6
00-0040730,RJ Harvey,RB,DEN,LV,10,1.8,2.8,3.8
00-0040730,RJ Harvey,RB,DEN,KC,11,5.0,6.5,8.0
00-0040730,RJ Harvey,RB,DEN,WAS,13,18.2,19.7,21.2
00-0040730,RJ Harvey,RB,DEN,LV,14,16.0,19.0,22.0
00-0040730,RJ Harvey,RB,DEN,GB,15,10.5,10.5,10.5
00-0040730,RJ Harvey,RB,DEN,JAX,16,18.1,20.1,22.1
00-0040730,RJ Harvey,RB,DEN,KC,17,13.6,16.1,18.6
00-0040730,RJ Harvey,RB,DEN,LAC,18,3.3,3.8,4.3
00-0037256,Rachaad White,RB,TB,ATL,1,1.6,2.1,2.6
00-0037256,Rachaad White,RB,TB,HOU,2,12.6,13.6,14.6
00-0037256,Rachaad White,RB,TB,NYJ,3,1.4,1.9,2.4
00-0037256,Rachaad White,RB,TB,PHI,4,4.6,6.6,8.6
00-0037256,Rachaad White,RB,TB,SEA,5,19.1,21.1,23.1
00-0037256,Rachaad White,RB,TB,SF,6,14.6,16.1,17.6
00-0037256,Rachaad White,RB,TB,DET,7,4.4,6.4,8.4
00-0037256,Rachaad White,RB,TB,NO,8,6.1,7.1,8.1
00-0037256,Rachaad White,RB,TB,NE,10,5.4,7.9,10.4
00-0037256,Rachaad White,RB,TB,BUF,11,6.2,7.2,8.2
00-0037256,Rachaad White,RB,TB,LA,12,4.2,4.7,5.2
00-0037256,Rachaad White,RB,TB,ARI,13,2.9,4.4,5.9
00-0037256,Rachaad White,RB,TB,NO,14,5.5,6.0,6.5
00-0037256,Rachaad White,RB,TB,ATL,15,2.6,3.1,3.6
00-0037256,Rachaad White,RB,TB,CAR,16,6.0,7.0,8.0
00-0037256,Rachaad White,RB,TB,MIA,17,1.7,2.7,3.7
00-0037256,Rachaad White,RB,TB,CAR,18,4.1,5.1,6.1
00-0031687,Raheem Mostert,RB,LV,CHI,4,7.3,7.8,8.3
00-0031687,Raheem Mostert,RB,LV,IND,5,2.2,2.2,2.2
00-0031687,Raheem Mostert,RB,LV,TEN,6,-0.4,-0.4,-0.4
00-0031687,Raheem Mostert,RB,LV,KC,7,0.2,0.7,1.2
00-0031687,Raheem Mostert,RB,LV,JAX,9,1.4,1.9,2.4
00-0031687,Raheem Mostert,RB,LV,DEN,10,1.5,2.0,2.5
00-0031687,Raheem Mostert,RB,LV,DAL,11,1.3,2.3,3.3
00-0031687,Raheem Mostert,RB,LV,CLE,12,2.0,3.5,5.0
00-0031687,Raheem Mostert,RB,LV,LAC,13,0.6,0.6,0.6
00-0031687,Raheem Mostert,RB,LV,DEN,14,0.2,0.7,1.2
00-0031687,Raheem Mostert,RB,LV,PHI,15,0.2,0.7,1.2
00-0031687,Raheem Mostert,RB,LV,HOU,16,0.9,1.4,1.9
00-0040466,Raheim Sanders,RB,CLE,CIN,1,6.3,6.3,6.3
00-0040466,Raheim Sanders,RB,CLE,BUF,16,4.6,5.1,5.6
00-0040466,Raheim Sanders,RB,CLE,PIT,17,3.1,3.6,4.1
00-0040466,Raheim Sanders,RB,CLE,CIN,18,3.3,3.8,4.3
00-0039067,Rashee Rice,WR,KC,LV,7,16.2,19.7,23.2
00-0039067,Rashee Rice,WR,KC,WAS,8,16.5,21.0,25.5
00-0039067,Rashee Rice,WR,KC,BUF,9,14.6,16.6,18.6
00-0039067,Rashee Rice,WR,KC,DEN,11,3.8,6.8,9.8
00-0039067,Rashee Rice,WR,KC,IND,12,16.1,20.1,24.1
00-0039067,Rashee Rice,WR,KC,DAL,13,21.4,25.4,29.4
00-0039067,Rashee Rice,WR,KC,HOU,14,3.4,5.4,7.4
00-0039067,Rashee Rice,WR,KC,LAC,15,5.1,8.6,12.1
00-0039796,Rasheen Ali,RB,BAL,BUF,1,0.5,0.5,0.5
00-0039796,Rasheen Ali,RB,BAL,CLE,2,0.0,0.0,0.0
00-0039796,Rasheen Ali,RB,BAL,DET,3,0.0,0.0,0.0
00-0039796,Rasheen Ali,RB,BAL,KC,4,0.0,0.0,0.0
00-0039796,Rasheen Ali,RB,BAL,HOU,5,0.0,0.0,0.0
00-0039796,Rasheen Ali,RB,BAL,LA,6,0.0,0.0,0.0
00-0039796,Rasheen Ali,RB,BAL,CHI,8,0.0,0.0,0.0
00-0039796,Rasheen Ali,RB,BAL,MIA,9,0.0,0.0,0.0
00-0039796,Rasheen Ali,RB,BAL,CLE,11,1.5,2.0,2.5
00-0039796,Rasheen Ali,RB,BAL,CIN,13,1.7,1.7,1.7
00-0039796,Rasheen Ali,RB,BAL,PIT,14,1.3,2.3,3.3
00-0039796,Rasheen Ali,RB,BAL,CIN,15,9.2,10.2,11.2
00-0039796,Rasheen Ali,RB,BAL,NE,16,0.2,1.2,2.2
00-0039796,Rasheen Ali,RB,BAL,GB,17,0.8,1.8,2.8
00-0039796,Rasheen Ali,RB,BAL,PIT,18,0.0,0.0,0.0
00-0037545,Rashid Shaheed,WR,NO,ARI,1,3.3,6.3,9.3
00-0037545,Rashid Shaheed,WR,NO,SF,2,11.2,13.2,15.2
00-0037545,Rashid Shaheed,WR,NO,SEA,3,4.2,6.2,8.2
00-0037545,Rashid Shaheed,WR,NO,BUF,4,5.2,7.2,9.2
00-0037545,Rashid Shaheed,WR,NO,NYG,5,17.4,19.4,21.4
00-0037545,Rashid Shaheed,WR,NO,NE,6,2.8,4.8,6.8
00-0037545,Rashid Shaheed,WR,NO,CHI,7,4.0,6.0,8.0
00-0037545,Rashid Shaheed,WR,NO,TB,8,5.5,10.0,14.5
00-0037545,Rashid Shaheed,WR,NO,LA,9,6.8,9.3,11.8
00-0037545,Rashid Shaheed,WR,SEA,ARI,10,2.3,2.8,3.3
00-0037545,Rashid Shaheed,WR,SEA,LA,11,2.9,3.9,4.9
00-0037545,Rashid Shaheed,WR,SEA,TEN,12,0.5,0.5,0.5
00-0037545,Rashid Shaheed,WR,SEA,MIN,13,1.6,2.1,2.6
00-0037545,Rashid Shaheed,WR,SEA,ATL,14,12.7,14.7,16.7
00-0037545,Rashid Shaheed,WR,SEA,IND,15,7.1,9.6,12.1
00-0037545,Rashid Shaheed,WR,SEA,LA,16,9.1,9.1,9.1
00-0037545,Rashid Shaheed,WR,SEA,CAR,17,0.8,1.3,1.8
00-0037545,Rashid Shaheed,WR,SEA,SF,18,0.2,0.7,1.2
00-0036550,Rashod Bateman,WR,BAL,BUF,1,1.0,2.0,3.0
00-0036550,Rashod Bateman,WR,BAL,CLE,2,1.5,2.5,3.5
00-0036550,Rashod Bateman,WR,BAL,DET,3,12.3,14.8,17.3
00-0036550,Rashod Bateman,WR,BAL,KC,4,2.4,2.9,3.4
00-0036550,Rashod Bateman,WR,BAL,HOU,5,0.0,0.0,0.0
00-0036550,Rashod Bateman,WR,BAL,LA,6,0.8,1.3,1.8
00-0036550,Rashod Bateman,WR,BAL,CHI,8,5.1,6.1,7.1
00-0036550,Rashod Bateman,WR,BAL,MIA,9,7.3,8.3,9.3
00-0036550,Rashod Bateman,WR,BAL,MIN,10,3.0,3.5,4.0
00-0036550,Rashod Bateman,WR,BAL,CIN,13,0.0,0.0,0.0
00-0036550,Rashod Bateman,WR,BAL,PIT,14,2.3,3.3,4.3
00-0036550,Rashod Bateman,WR,BAL,NE,16,0.0,0.0,0.0
00-0036550,Rashod Bateman,WR,BAL,GB,17,0.7,1.2,1.7
00-0039875,Ray Davis,RB,BUF,BAL,1,0.1,0.6,1.1
00-0039875,Ray Davis,RB,BUF,NYJ,2,2.4,2.4,2.4
00-0039875,Ray Davis,RB,BUF,MIA,3,0.0,0.0,0.0
00-0039875,Ray Davis,RB,BUF,NO,4,0.3,0.3,0.3
00-0039875,Ray Davis,RB,BUF,NE,5,0.1,0.1,0.1
00-0039875,Ray Davis,RB,BUF,ATL,6,7.9,8.9,9.9
00-0039875,Ray Davis,RB,BUF,CAR,8,1.6,1.6,1.6
00-0039875,Ray Davis,RB,BUF,KC,9,0.0,0.0,0.0
00-0039875,Ray Davis,RB,BUF,MIA,10,-0.2,0.3,0.8
00-0039875,Ray Davis,RB,BUF,TB,11,0.0,0.0,0.0
00-0039875,Ray Davis,RB,BUF,HOU,12,6.0,6.0,6.0
00-0039875,Ray Davis,RB,BUF,PIT,13,6.2,6.2,6.2
00-0039875,Ray Davis,RB,BUF,CIN,14,0.0,0.0,0.0
00-0039875,Ray Davis,RB,BUF,NE,15,1.3,1.8,2.3
00-0039875,Ray Davis,RB,BUF,CLE,16,3.4,4.4,5.4
00-0039875,Ray Davis,RB,BUF,PHI,17,1.6,2.1,2.6
00-0039875,Ray Davis,RB,BUF,NYJ,18,23.4,24.4,25.4
00-0034407,Ray-Ray McCloud,WR,ATL,TB,1,5.1,6.6,8.1
00-0034407,Ray-Ray McCloud,WR,ATL,MIN,2,0.0,0.0,0.0
00-0034407,Ray-Ray McCloud,WR,ATL,CAR,3,2.0,3.0,4.0
00-0034407,Ray-Ray McCloud,WR,ATL,WAS,4,-0.7,-0.2,0.3
00-0034407,Ray-Ray McCloud,WR,NYG,SF,9,0.5,1.0,1.5
00-0034407,Ray-Ray McCloud,WR,NYG,CHI,10,0.0,0.0,0.0
00-0036187,Reggie Gilliam,RB,BUF,NYJ,2,0.0,0.0,0.0
00-0036187,Reggie Gilliam,RB,BUF,NE,5,0.0,0.0,0.0
00-0036187,Reggie Gilliam,RB,BUF,CAR,8,0.0,0.0,0.0
00-0036187,Reggie Gilliam,RB,BUF,KC,9,0.0,0.0,0.0
00-0036187,Reggie Gilliam,RB,BUF,TB,11,0.0,0.0,0.0
00-0036187,Reggie Gilliam,RB,BUF,HOU,12,0.2,0.7,1.2
00-0036187,Reggie Gilliam,RB,BUF,PIT,13,0.0,0.0,0.0
00-0036187,Reggie Gilliam,RB,BUF,CIN,14,0.0,0.0,0.0
00-0036187,Reggie Gilliam,RB,BUF,NE,15,0.0,0.0,0.0
00-0036187,Reggie Gilliam,RB,BUF,PHI,17,0.0,0.0,0.0
00-0036187,Reggie Gilliam,RB,BUF,NYJ,18,2.6,3.1,3.6
00-0036875,Rhamondre Stevenson,RB,NE,LV,1,2.7,3.7,4.7
00-0036875,Rhamondre Stevenson,RB,NE,MIA,2,16.2,18.7,21.2
00-0036875,Rhamondre Stevenson,RB,NE,PIT,3,1.6,3.1,4.6
00-0036875,Rhamondre Stevenson,RB,NE,CAR,4,4.1,4.6,5.1
00-0036875,Rhamondre Stevenson,RB,NE,BUF,5,12.7,13.7,14.7
00-0036875,Rhamondre Stevenson,RB,NE,NO,6,1.8,1.8,1.8
00-0036875,Rhamondre Stevenson,RB,NE,TEN,7,14.8,15.8,16.8
00-0036875,Rhamondre Stevenson,RB,NE,CLE,8,4.9,5.4,5.9
00-0036875,Rhamondre Stevenson,RB,NE,CIN,12,1.0,1.5,2.0
00-0036875,Rhamondre Stevenson,RB,NE,NYG,13,8.0,9.5,11.0
00-0036875,Rhamondre Stevenson,RB,NE,BUF,15,7.7,9.2,10.7
00-0036875,Rhamondre Stevenson,RB,NE,BAL,16,15.8,16.8,17.8
00-0036875,Rhamondre Stevenson,RB,NE,NYJ,17,22.2,24.7,27.2
00-0036875,Rhamondre Stevenson,RB,NE,MIA,18,33.3,34.3,35.3
00-0039916,Ricky Pearsall,WR,SF,SEA,1,10.8,12.8,14.8
00-0039916,Ricky Pearsall,WR,SF,NO,2,5.2,7.2,9.2
00-0039916,Ricky Pearsall,WR,SF,ARI,3,11.7,15.7,19.7
00-0039916,Ricky Pearsall,WR,SF,JAX,4,4.6,6.6,8.6
00-0039916,Ricky Pearsall,WR,SF,ARI,11,0.0,0.5,1.0
00-0039916,Ricky Pearsall,WR,SF,CAR,12,0.8,1.8,2.8
00-0039916,Ricky Pearsall,WR,SF,CLE,13,1.4,2.4,3.4
00-0039916,Ricky Pearsall,WR,SF,TEN,15,9.6,12.6,15.6
00-0039916,Ricky Pearsall,WR,SF,CHI,17,8.5,11.0,13.5
00-0036139,Rico Dowdle,RB,CAR,JAX,1,1.6,2.6,3.6
00-0036139,Rico Dowdle,RB,CAR,ARI,2,1.9,2.4,2.9
00-0036139,Rico Dowdle,RB,CAR,ATL,3,9.8,10.3,10.8
00-0036139,Rico Dowdle,RB,CAR,NE,4,3.0,3.5,4.0
00-0036139,Rico Dowdle,RB,CAR,MIA,5,29.4,30.9,32.4
00-0036139,Rico Dowdle,RB,CAR,DAL,6,29.9,31.9,33.9
00-0036139,Rico Dowdle,RB,CAR,NYJ,7,9.6,10.1,10.6
00-0036139,Rico Dowdle,RB,CAR,BUF,8,5.4,5.4,5.4
00-0036139,Rico Dowdle,RB,CAR,GB,9,26.1,27.1,28.1
00-0036139,Rico Dowdle,RB,CAR,NO,10,12.3,13.8,15.3
00-0036139,Rico Dowdle,RB,CAR,ATL,11,10.0,12.5,15.0
00-0036139,Rico Dowdle,RB,CAR,SF,12,7.4,9.4,11.4
00-0036139,Rico Dowdle,RB,CAR,LA,13,7.9,8.9,9.9
00-0036139,Rico Dowdle,RB,CAR,NO,15,11.4,11.9,12.4
00-0036139,Rico Dowdle,RB,CAR,TB,16,4.3,6.3,8.3
00-0036139,Rico Dowdle,RB,CAR,SEA,17,6.3,7.8,9.3
00-0036139,Rico Dowdle,RB,CAR,TB,18,1.0,2.0,3.0
00-0040206,Riley Leonard,QB,IND,TEN,8,0.1,0.1,0.1
00-0040206,Riley Leonard,QB,IND,JAX,14,10.3,10.3,10.3
00-0040206,Riley Leonard,QB,IND,SF,16,0.0,0.0,0.0
00-0040206,Riley Leonard,QB,IND,JAX,17,-2.0,-2.0,-2.0
00-0040206,Riley Leonard,QB,IND,HOU,18,22.6,22.6,22.6
00-0036816,Riley Patterson,K,MIA,IND,1,0.0,0.0,0.0
00-0036816,Riley Patterson,K,MIA,NE,2,11.0,11.0,11.0
00-0036816,Riley Patterson,K,MIA,BUF,3,3.0,3.0,3.0
00-0036816,Riley Patterson,K,MIA,NYJ,4,10.0,10.0,10.0
00-0036816,Riley Patterson,K,MIA,CAR,5,7.0,7.0,7.0
00-0036816,Riley Patterson,K,MIA,LAC,6,9.0,9.0,9.0
00-0036816,Riley Patterson,K,MIA,CLE,7,6.0,6.0,6.0
00-0036816,Riley Patterson,K,MIA,ATL,8,10.0,10.0,10.0
00-0036816,Riley Patterson,K,MIA,BAL,9,7.0,7.0,7.0
00-0036816,Riley Patterson,K,MIA,BUF,10,6.0,6.0,6.0
00-0036816,Riley Patterson,K,MIA,WAS,11,11.0,11.0,11.0
00-0036816,Riley Patterson,K,MIA,NO,13,14.0,14.0,14.0
00-0036816,Riley Patterson,K,MIA,NYJ,14,13.0,13.0,13.0
00-0036816,Riley Patterson,K,MIA,PIT,15,5.0,5.0,5.0
00-0036816,Riley Patterson,K,MIA,CIN,16,3.0,3.0,3.0
00-0036816,Riley Patterson,K,MIA,TB,17,8.0,8.0,8.0
00-0036816,Riley Patterson,K,MIA,NE,18,6.0,6.0,6.0
00-0034054,River Cracraft,WR,WAS,DAL,17,0.0,0.0,0.0
00-0034054,River Cracraft,WR,WAS,PHI,18,0.0,0.0,0.0
00-0032688,Robbie Chosen,WR,WAS,DAL,7,3.6,5.6,7.6
00-0032688,Robbie Chosen,WR,WAS,DET,10,1.7,2.2,2.7
00-0032688,Robbie Chosen,WR,WAS,MIA,11,0.0,0.0,0.0
00-0040649,Robbie Ouzts,RB,SEA,PIT,2,0.0,0.0,0.0
00-0040649,Robbie Ouzts,RB,SEA,WAS,9,0.0,0.0,0.0
00-0040649,Robbie Ouzts,RB,SEA,ARI,10,0.0,0.0,0.0
00-0040649,Robbie Ouzts,RB,SEA,ATL,14,0.0,0.0,0.0
00-0033757,Robert Tonyan,TE,KC,BAL,4,0.0,0.0,0.0
00-0033757,Robert Tonyan,TE,KC,DEN,11,0.1,0.6,1.1
00-0039739,Roman Wilson,WR,PIT,SEA,2,0.7,1.2,1.7
00-0039739,Roman Wilson,WR,PIT,CLE,6,1.2,1.7,2.2
00-0039739,Roman Wilson,WR,PIT,CIN,7,1.7,2.7,3.7
00-0039739,Roman Wilson,WR,PIT,GB,8,13.4,15.4,17.4
00-0039739,Roman Wilson,WR,PIT,IND,9,-1.6,-1.1,-0.6
00-0039739,Roman Wilson,WR,PIT,LAC,10,9.5,10.5,11.5
00-0039739,Roman Wilson,WR,PIT,CIN,11,1.7,2.2,2.7
00-0039739,Roman Wilson,WR,PIT,CHI,12,0.0,0.0,0.0
00-0039739,Roman Wilson,WR,PIT,BUF,13,0.0,0.0,0.0
00-0039919,Rome Odunze,WR,CHI,MIN,1,9.7,12.7,15.7
00-0039919,Rome Odunze,WR,CHI,DET,2,24.8,28.3,31.8
00-0039919,Rome Odunze,WR,CHI,DAL,3,12.2,13.7,15.2
00-0039919,Rome Odunze,WR,CHI,LV,4,12.9,14.9,16.9
00-0039919,Rome Odunze,WR,CHI,WAS,6,3.2,4.2,5.2
00-0039919,Rome Odunze,WR,CHI,NO,7,3.1,4.1,5.1
00-0039919,Rome Odunze,WR,CHI,BAL,8,11.4,14.9,18.4
00-0039919,Rome Odunze,WR,CHI,CIN,9,0.0,0.0,0.0
00-0039919,Rome Odunze,WR,CHI,NYG,10,14.6,17.6,20.6
00-0039919,Rome Odunze,WR,CHI,MIN,11,4.1,5.1,6.1
00-0039919,Rome Odunze,WR,CHI,PIT,12,5.3,6.8,8.3
00-0039919,Rome Odunze,WR,CHI,PHI,13,0.8,1.8,2.8
00-0037816,Romeo Doubs,WR,GB,DET,1,6.8,7.8,8.8
00-0037816,Romeo Doubs,WR,GB,WAS,2,8.8,10.3,11.8
00-0037816,Romeo Doubs,WR,GB,CLE,3,2.5,3.5,4.5
00-0037816,Romeo Doubs,WR,GB,DAL,4,23.8,26.8,29.8
00-0037816,Romeo Doubs,WR,GB,CIN,6,5.5,8.0,10.5
00-0037816,Romeo Doubs,WR,GB,ARI,7,7.2,10.2,13.2
00-0037816,Romeo Doubs,WR,GB,PIT,8,6.4,7.9,9.4
00-0037816,Romeo Doubs,WR,GB,CAR,9,9.1,12.6,16.1
00-0037816,Romeo Doubs,WR,GB,PHI,10,0.5,1.0,1.5
00-0037816,Romeo Doubs,WR,GB,NYG,11,5.3,7.3,9.3
00-0037816,Romeo Doubs,WR,GB,MIN,12,2.3,3.3,4.3
00-0037816,Romeo Doubs,WR,GB,DET,13,8.0,10.0,12.0
00-0037816,Romeo Doubs,WR,GB,CHI,14,0.0,0.0,0.0
00-0037816,Romeo Doubs,WR,GB,DEN,15,3.6,4.6,5.6
00-0037816,Romeo Doubs,WR,GB,CHI,16,14.4,16.9,19.4
00-0037816,Romeo Doubs,WR,GB,BAL,17,6.2,7.7,9.2
00-0038647,Ronnie Bell,WR,NO,TEN,17,0.0,0.0,0.0
00-0038647,Ronnie Bell,WR,NO,ATL,18,8.3,9.3,10.3
00-0037557,Ronnie Rivers,RB,LA,CAR,13,0.0,0.0,0.0
00-0037557,Ronnie Rivers,RB,LA,ARI,14,4.1,4.1,4.1
00-0037557,Ronnie Rivers,RB,LA,DET,15,0.0,0.0,0.0
00-0037557,Ronnie Rivers,RB,LA,SEA,16,0.0,0.0,0.0
00-0037557,Ronnie Rivers,RB,LA,ATL,17,0.5,0.5,0.5
00-0037557,Ronnie Rivers,RB,LA,ARI,18,0.0,0.0,0.0
00-0039021,Roschon Johnson,RB,CHI,DET,2,0.0,0.0,0.0
00-0039021,Roschon Johnson,RB,CHI,DAL,3,0.0,0.0,0.0
00-0039021,Roschon Johnson,RB,CHI,LV,4,0.0,0.0,0.0
00-0039021,Roschon Johnson,RB,CHI,WAS,6,0.6,0.6,0.6
00-0039021,Roschon Johnson,RB,CHI,NO,7,1.1,1.1,1.1
00-0039021,Roschon Johnson,RB,CHI,MIN,11,0.0,0.0,0.0
00-0034073,Ross Dwelley,TE,DET,WAS,10,0.0,0.0,0.0
00-0034073,Ross Dwelley,TE,DET,NYG,12,0.0,0.0,0.0
00-0034073,Ross Dwelley,TE,DET,GB,13,0.3,0.8,1.3
00-0034073,Ross Dwelley,TE,DET,DAL,14,0.4,0.9,1.4
00-0029263,Russell Wilson,QB,NYG,WAS,1,11.1,11.1,11.1
00-0029263,Russell Wilson,QB,NYG,DAL,2,30.3,30.3,30.3
00-0029263,Russell Wilson,QB,NYG,KC,3,5.1,5.1,5.1
00-0029263,Russell Wilson,QB,NYG,LAC,4,0.3,0.3,0.3
00-0029263,Russell Wilson,QB,NYG,PHI,6,0.0,0.0,0.0
00-0029263,Russell Wilson,QB,NYG,CHI,10,3.0,3.0,3.0
00-0040279,Ryan Fitzgerald,K,CAR,JAX,1,5.0,5.0,5.0
00-0040279,Ryan Fitzgerald,K,CAR,ARI,2,4.0,4.0,4.0
00-0040279,Ryan Fitzgerald,K,CAR,ATL,3,15.0,15.0,15.0
00-0040279,Ryan Fitzgerald,K,CAR,NE,4,-1.0,-1.0,-1.0
00-0040279,Ryan Fitzgerald,K,CAR,MIA,5,10.0,10.0,10.0
00-0040279,Ryan Fitzgerald,K,CAR,DAL,6,14.0,14.0,14.0
00-0040279,Ryan Fitzgerald,K,CAR,NYJ,7,7.0,7.0,7.0
00-0040279,Ryan Fitzgerald,K,CAR,BUF,8,2.0,2.0,2.0
00-0040279,Ryan Fitzgerald,K,CAR,GB,9,4.0,4.0,4.0
00-0040279,Ryan Fitzgerald,K,CAR,NO,10,0.0,0.0,0.0
00-0040279,Ryan Fitzgerald,K,CAR,ATL,11,10.0,10.0,10.0
00-0040279,Ryan Fitzgerald,K,CAR,SF,12,2.0,2.0,2.0
00-0040279,Ryan Fitzgerald,K,CAR,LA,13,7.0,7.0,7.0
00-0040279,Ryan Fitzgerald,K,CAR,NO,15,6.0,6.0,6.0
00-0040279,Ryan Fitzgerald,K,CAR,TB,16,13.0,13.0,13.0
00-0040279,Ryan Fitzgerald,K,CAR,SEA,17,4.0,4.0,4.0
00-0040279,Ryan Fitzgerald,K,CAR,TB,18,1.0,1.0,1.0
00-0039410,Ryan Flournoy,WR,DAL,NYG,2,0.0,0.0,0.0
00-0039410,Ryan Flournoy,WR,DAL,CHI,3,2.1,3.1,4.1
00-0039410,Ryan Flournoy,WR,DAL,GB,4,2.6,3.6,4.6
00-0039410,Ryan Flournoy,WR,DAL,NYJ,5,12.4,15.4,18.4
00-0039410,Ryan Flournoy,WR,DAL,CAR,6,3.3,4.8,6.3
00-0039410,Ryan Flournoy,WR,DAL,WAS,7,0.0,0.0,0.0
00-0039410,Ryan Flournoy,WR,DAL,DEN,8,0.7,1.2,1.7
00-0039410,Ryan Flournoy,WR,DAL,ARI,9,7.2,8.2,9.2
00-0039410,Ryan Flournoy,WR,DAL,LV,11,6.2,6.7,7.2
00-0039410,Ryan Flournoy,WR,DAL,PHI,12,0.0,0.0,0.0
00-0039410,Ryan Flournoy,WR,DAL,KC,13,3.4,4.9,6.4
00-0039410,Ryan Flournoy,WR,DAL,DET,14,17.5,22.0,26.5
00-0039410,Ryan Flournoy,WR,DAL,MIN,15,4.0,6.0,8.0
00-0039410,Ryan Flournoy,WR,DAL,LAC,16,7.8,8.8,9.8
00-0039410,Ryan Flournoy,WR,DAL,NYG,18,6.8,9.3,11.8
00-0038824,Ryan Miller,WR,TB,ATL,1,0.0,0.0,0.0
00-0038824,Ryan Miller,WR,TB,HOU,2,8.0,8.5,9.0
00-0038824,Ryan Miller,WR,TB,NYJ,3,0.0,0.0,0.0
00-0038824,Ryan Miller,WR,TB,SF,6,0.0,0.0,0.0
00-0038824,Ryan Miller,WR,TB,DET,7,1.4,1.9,2.4
00-0038824,Ryan Miller,WR,TB,NE,10,0.0,0.0,0.0
00-0038824,Ryan Miller,WR,TB,BUF,11,0.0,0.0,0.0
00-0038824,Ryan Miller,WR,TB,ARI,13,0.0,0.0,0.0
00-0038824,Ryan Miller,WR,TB,NO,14,0.0,0.0,0.0
00-0037015,Sal Cannella,TE,CLE,PIT,17,1.1,2.1,3.1
00-0037015,Sal Cannella,TE,CLE,CIN,18,0.0,0.0,0.0
00-0034869,Sam Darnold,QB,SEA,SF,1,5.4,5.4,5.4
00-0034869,Sam Darnold,QB,SEA,PIT,2,15.8,15.8,15.8
00-0034869,Sam Darnold,QB,SEA,NO,3,16.7,16.7,16.7
00-0034869,Sam Darnold,QB,SEA,ARI,4,16.1,16.1,16.1
00-0034869,Sam Darnold,QB,SEA,TB,5,27.6,27.6,27.6
00-0034869,Sam Darnold,QB,SEA,JAX,6,20.0,20.0,20.0
00-0034869,Sam Darnold,QB,SEA,HOU,7,8.6,8.6,8.6
00-0034869,Sam Darnold,QB,SEA,WAS,9,27.2,27.2,27.2
00-0034869,Sam Darnold,QB,SEA,ARI,10,4.9,4.9,4.9
00-0034869,Sam Darnold,QB,SEA,LA,11,4.3,4.3,4.3
00-0034869,Sam Darnold,QB,SEA,TEN,12,17.7,17.7,17.7
00-0034869,Sam Darnold,QB,SEA,MIN,13,3.1,3.1,3.1
00-0034869,Sam Darnold,QB,SEA,ATL,14,22.3,22.3,22.3
00-0034869,Sam Darnold,QB,SEA,IND,15,11.3,11.3,11.3
00-0034869,Sam Darnold,QB,SEA,LA,16,19.5,19.5,19.5
00-0034869,Sam Darnold,QB,SEA,CAR,17,6.1,6.1,6.1
00-0034869,Sam Darnold,QB,SEA,SF,18,8.8,8.8,8.8
00-0039065,Sam LaPorta,TE,DET,GB,1,7.9,10.9,13.9
00-0039065,Sam LaPorta,TE,DET,CHI,2,2.6,4.1,5.6
00-0039065,Sam LaPorta,TE,DET,BAL,3,3.3,5.3,7.3
00-0039065,Sam LaPorta,TE,DET,CLE,4,3.9,5.4,6.9
00-0039065,Sam LaPorta,TE,DET,CIN,5,15.2,17.7,20.2
00-0039065,Sam LaPorta,TE,DET,KC,6,11.5,14.0,16.5
00-0039065,Sam LaPorta,TE,DET,TB,7,1.5,3.0,4.5
00-0039065,Sam LaPorta,TE,DET,MIN,9,15.7,18.7,21.7
00-0039065,Sam LaPorta,TE,DET,WAS,10,5.3,7.8,10.3
00-0033526,Samaje Perine,RB,CIN,CLE,1,0.6,1.6,2.6
00-0033526,Samaje Perine,RB,CIN,JAX,2,0.0,0.0,0.0
00-0033526,Samaje Perine,RB,CIN,MIN,3,0.1,0.1,0.1
00-0033526,Samaje Perine,RB,CIN,DEN,4,0.4,0.4,0.4
00-0033526,Samaje Perine,RB,CIN,DET,5,2.9,3.9,4.9
00-0033526,Samaje Perine,RB,CIN,GB,6,3.2,4.2,5.2
00-0033526,Samaje Perine,RB,CIN,PIT,7,3.1,3.1,3.1
00-0033526,Samaje Perine,RB,CIN,NYJ,8,16.0,16.5,17.0
00-0033526,Samaje Perine,RB,CIN,CHI,9,0.5,0.5,0.5
00-0033526,Samaje Perine,RB,CIN,BAL,13,3.4,4.4,5.4
00-0033526,Samaje Perine,RB,CIN,BUF,14,3.8,4.3,4.8
00-0033526,Samaje Perine,RB,CIN,BAL,15,4.3,4.8,5.3
00-0033526,Samaje Perine,RB,CIN,MIA,16,10.1,11.1,12.1
00-0033526,Samaje Perine,RB,CIN,ARI,17,7.3,7.8,8.3
00-0033526,Samaje Perine,RB,CIN,CLE,18,5.2,6.7,8.2
00-0037098,Samori Toure,WR,NO,ATL,18,0.3,0.8,1.3
00-0034844,Saquon Barkley,RB,PHI,DAL,1,14.4,16.4,18.4
00-0034844,Saquon Barkley,RB,PHI,KC,2,15.4,16.4,17.4
00-0034844,Saquon Barkley,RB,PHI,LA,3,5.5,7.5,9.5
00-0034844,Saquon Barkley,RB,PHI,TB,4,13.4,15.4,17.4
00-0034844,Saquon Barkley,RB,PHI,DEN,5,14.8,16.3,17.8
00-0034844,Saquon Barkley,RB,PHI,NYG,6,6.7,7.7,8.7
00-0034844,Saquon Barkley,RB,PHI,MIN,7,4.2,4.7,5.2
00-0034844,Saquon Barkley,RB,PHI,NYG,8,29.4,31.4,33.4
00-0034844,Saquon Barkley,RB,PHI,GB,10,10.1,11.6,13.1
00-0034844,Saquon Barkley,RB,PHI,DET,11,9.0,9.5,10.0
00-0034844,Saquon Barkley,RB,PHI,DAL,12,5.4,8.9,12.4
00-0034844,Saquon Barkley,RB,PHI,CHI,13,5.6,5.6,5.6
00-0034844,Saquon Barkley,RB,PHI,LAC,14,18.2,18.2,18.2
00-0034844,Saquon Barkley,RB,PHI,LV,15,15.2,16.2,17.2
00-0034844,Saquon Barkley,RB,PHI,WAS,16,21.2,21.2,21.2
00-0034844,Saquon Barkley,RB,PHI,BUF,17,6.8,6.8,6.8
00-0040009,Savion Williams,WR,GB,DET,1,0.1,0.6,1.1
00-0040009,Savion Williams,WR,GB,WAS,2,2.4,2.4,2.4
00-0040009,Savion Williams,WR,GB,CLE,3,-0.1,-0.1,-0.1
00-0040009,Savion Williams,WR,GB,DAL,4,2.3,3.8,5.3
00-0040009,Savion Williams,WR,GB,CIN,6,0.3,0.3,0.3
00-0040009,Savion Williams,WR,GB,ARI,7,0.0,0.0,0.0
00-0040009,Savion Williams,WR,GB,PIT,8,6.9,7.4,7.9
00-0040009,Savion Williams,WR,GB,CAR,9,-0.8,0.2,1.2
00-0040009,Savion Williams,WR,GB,PHI,10,0.2,1.2,2.2
00-0040009,Savion Williams,WR,GB,NYG,11,3.3,3.8,4.3
00-0040009,Savion Williams,WR,GB,MIN,12,0.0,0.0,0.0
00-0040009,Savion Williams,WR,GB,CHI,16,0.9,0.9,0.9
00-0035298,Scott Miller,WR,PIT,MIN,4,0.0,0.0,0.0
00-0035298,Scott Miller,WR,PIT,CIN,7,0.9,1.4,1.9
00-0035298,Scott Miller,WR,PIT,DET,16,1.9,3.4,4.9
00-0035298,Scott Miller,WR,PIT,CLE,17,2.5,4.0,5.5
00-0035298,Scott Miller,WR,PIT,BAL,18,0.9,1.9,2.9
00-0038951,Sean Tucker,RB,TB,ATL,1,0.2,0.2,0.2
00-0038951,Sean Tucker,RB,TB,HOU,2,0.0,0.0,0.0
00-0038951,Sean Tucker,RB,TB,NYJ,3,0.0,0.0,0.0
00-0038951,Sean Tucker,RB,TB,PHI,4,0.0,0.0,0.0
00-0038951,Sean Tucker,RB,TB,SEA,5,-0.1,1.4,2.9
00-0038951,Sean Tucker,RB,TB,SF,6,8.5,8.5,8.5
00-0038951,Sean Tucker,RB,TB,DET,7,0.6,1.1,1.6
00-0038951,Sean Tucker,RB,TB,NO,8,10.2,10.2,10.2
00-0038951,Sean Tucker,RB,TB,NE,10,5.1,5.6,6.1
00-0038951,Sean Tucker,RB,TB,BUF,11,32.0,33.0,34.0
00-0038951,Sean Tucker,RB,TB,LA,12,4.6,5.1,5.6
00-0038951,Sean Tucker,RB,TB,ARI,13,0.0,0.0,0.0
00-0038951,Sean Tucker,RB,TB,NO,14,8.9,8.9,8.9
00-0038951,Sean Tucker,RB,TB,ATL,15,6.7,6.7,6.7
00-0038951,Sean Tucker,RB,TB,CAR,16,6.3,6.3,6.3
00-0038951,Sean Tucker,RB,TB,MIA,17,0.8,0.8,0.8
00-0038951,Sean Tucker,RB,TB,CAR,18,-0.4,-0.4,-0.4
00-0036679,Shane Buechele,QB,KC,LV,18,3.9,3.9,3.9
00-0036534,Shane Zylstra,TE,DET,PIT,16,2.0,3.5,5.0
00-0040668,Shedeur Sanders,QB,CLE,BAL,11,1.5,1.5,1.5
00-0040668,Shedeur Sanders,QB,CLE,LV,12,10.3,10.3,10.3
00-0040668,Shedeur Sanders,QB,CLE,SF,13,10.6,10.6,10.6
00-0040668,Shedeur Sanders,QB,CLE,TEN,14,33.5,33.5,33.5
00-0040668,Shedeur Sanders,QB,CLE,CHI,15,3.5,3.5,3.5
00-0040668,Shedeur Sanders,QB,CLE,BUF,16,11.2,11.2,11.2
00-0040668,Shedeur Sanders,QB,CLE,PIT,17,9.4,9.4,9.4
00-0040668,Shedeur Sanders,QB,CLE,CIN,18,5.0,5.0,5.0
00-0038891,Shedrick Jackson,WR,LV,DEN,14,8.5,9.0,9.5
00-0038891,Shedrick Jackson,WR,LV,NYG,17,2.0,3.0,4.0
00-0038891,Shedrick Jackson,WR,LV,KC,18,1.4,1.9,2.4
00-0036646,Simi Fehoko,WR,ARI,SF,3,0.0,0.0,0.0
00-0036646,Simi Fehoko,WR,ARI,SEA,4,0.0,0.0,0.0
00-0036646,Simi Fehoko,WR,ARI,TEN,5,0.0,0.0,0.0
00-0036646,Simi Fehoko,WR,ARI,IND,6,0.0,0.0,0.0
00-0036646,Simi Fehoko,WR,ARI,GB,7,0.0,0.0,0.0
00-0036646,Simi Fehoko,WR,ARI,DAL,9,0.0,0.0,0.0
00-0036646,Simi Fehoko,WR,ARI,SEA,10,0.0,0.0,0.0
00-0039364,Sione Vaki,RB,DET,BAL,3,0.0,0.0,0.0
00-0039364,Sione Vaki,RB,DET,MIN,9,0.0,0.0,0.0
00-0039364,Sione Vaki,RB,DET,WAS,10,0.4,0.4,0.4
00-0039364,Sione Vaki,RB,DET,GB,13,0.0,0.0,0.0
00-0039364,Sione Vaki,RB,DET,DAL,14,0.0,0.0,0.0
00-0039364,Sione Vaki,RB,DET,LA,15,0.0,0.0,0.0
00-0039364,Sione Vaki,RB,DET,MIN,17,0.0,0.0,0.0
00-0039364,Sione Vaki,RB,DET,CHI,18,0.0,0.0,0.0
00-0038090,Skyy Moore,WR,SF,SEA,1,0.0,0.0,0.0
00-0038090,Skyy Moore,WR,SF,NO,2,0.0,0.0,0.0
00-0038090,Skyy Moore,WR,SF,ARI,3,1.0,1.5,2.0
00-0038090,Skyy Moore,WR,SF,JAX,4,0.0,0.0,0.0
00-0038090,Skyy Moore,WR,SF,LA,5,0.1,0.1,0.1
00-0038090,Skyy Moore,WR,SF,TB,6,0.0,0.0,0.0
00-0038090,Skyy Moore,WR,SF,ATL,7,1.5,2.0,2.5
00-0038090,Skyy Moore,WR,SF,HOU,8,0.0,0.0,0.0
00-0038090,Skyy Moore,WR,SF,NYG,9,2.1,2.6,3.1
00-0038090,Skyy Moore,WR,SF,LA,10,1.8,2.3,2.8
00-0038090,Skyy Moore,WR,SF,ARI,11,0.0,0.0,0.0
00-0038090,Skyy Moore,WR,SF,CAR,12,0.0,0.0,0.0
00-0038090,Skyy Moore,WR,SF,CLE,13,0.0,0.0,0.0
00-0038090,Skyy Moore,WR,SF,TEN,15,0.0,0.0,0.0
00-0038090,Skyy Moore,WR,SF,IND,16,2.3,2.8,3.3
00-0038090,Skyy Moore,WR,SF,CHI,17,1.0,1.0,1.0
00-0038090,Skyy Moore,WR,SF,SEA,18,0.0,0.0,0.0
00-0039376,Spencer Rattler,QB,NO,ARI,1,11.5,11.5,11.5
00-0039376,Spencer Rattler,QB,NO,SF,2,21.7,21.7,21.7
00-0039376,Spencer Rattler,QB,NO,SEA,3,11.7,11.7,11.7
00-0039376,Spencer Rattler,QB,NO,BUF,4,13.9,13.9,13.9
00-0039376,Spencer Rattler,QB,NO,NYG,5,15.1,15.6,16.1
00-0039376,Spencer Rattler,QB,NO,NE,6,11.1,11.1,11.1
00-0039376,Spencer Rattler,QB,NO,CHI,7,10.5,10.5,10.5
00-0039376,Spencer Rattler,QB,NO,TB,8,2.6,2.6,2.6
00-0039376,Spencer Rattler,QB,NO,CAR,15,0.0,0.0,0.0
00-0039576,Spencer Shrader,K,IND,MIA,1,16.0,16.0,16.0
00-0039576,Spencer Shrader,K,IND,DEN,2,18.0,18.0,18.0
00-0039576,Spencer Shrader,K,IND,TEN,3,10.0,10.0,10.0
00-0039576,Spencer Shrader,K,IND,LA,4,10.0,10.0,10.0
00-0039576,Spencer Shrader,K,IND,LV,5,2.0,2.0,2.0
00-0031588,Stefon Diggs,WR,NE,LV,1,5.7,8.7,11.7
00-0031588,Stefon Diggs,WR,NE,MIA,2,3.2,5.2,7.2
00-0031588,Stefon Diggs,WR,NE,PIT,3,2.3,3.8,5.3
00-0031588,Stefon Diggs,WR,NE,CAR,4,10.1,13.1,16.1
00-0031588,Stefon Diggs,WR,NE,BUF,5,14.6,19.6,24.6
00-0031588,Stefon Diggs,WR,NE,NO,6,2.8,4.3,5.8
00-0031588,Stefon Diggs,WR,NE,TEN,7,6.9,10.4,13.9
00-0031588,Stefon Diggs,WR,NE,CLE,8,7.4,8.9,10.4
00-0031588,Stefon Diggs,WR,NE,ATL,9,9.8,11.3,12.8
00-0031588,Stefon Diggs,WR,NE,TB,10,10.6,13.1,15.6
00-0031588,Stefon Diggs,WR,NE,NYJ,11,10.5,15.0,19.5
00-0031588,Stefon Diggs,WR,NE,CIN,12,2.0,3.0,4.0
00-0031588,Stefon Diggs,WR,NE,NYG,13,2.6,4.1,5.6
00-0031588,Stefon Diggs,WR,NE,BUF,15,2.6,4.1,5.6
00-0031588,Stefon Diggs,WR,NE,BAL,16,13.8,18.3,22.8
00-0031588,Stefon Diggs,WR,NE,NYJ,17,16.1,19.1,22.1
00-0031588,Stefon Diggs,WR,NE,MIA,18,4.3,5.8,7.3
00-0032385,Sterling Shepard,WR,TB,ATL,1,3.9,5.4,6.9
00-0032385,Sterling Shepard,WR,TB,HOU,2,3.4,5.4,7.4
00-0032385,Sterling Shepard,WR,TB,NYJ,3,8.0,10.0,12.0
00-0032385,Sterling Shepard,WR,TB,PHI,4,2.0,3.0,4.0
00-0032385,Sterling Shepard,WR,TB,SEA,5,7.9,9.9,11.9
00-0032385,Sterling Shepard,WR,TB,SF,6,5.1,6.1,7.1
00-0032385,Sterling Shepard,WR,TB,DET,7,0.5,4.0,7.5
00-0032385,Sterling Shepard,WR,TB,NO,8,0.8,1.3,1.8
00-0032385,Sterling Shepard,WR,TB,NE,10,3.1,4.6,6.1
00-0032385,Sterling Shepard,WR,TB,BUF,11,6.1,8.1,10.1
00-0032385,Sterling Shepard,WR,TB,LA,12,1.2,2.7,4.2
00-0032385,Sterling Shepard,WR,TB,ARI,13,0.5,1.0,1.5
00-0032385,Sterling Shepard,WR,TB,NO,14,0.5,1.0,1.5
00-0034928,Steven Sims,WR,ARI,ATL,16,0.0,0.0,0.0
00-0034928,Steven Sims,WR,ARI,CIN,17,0.0,0.0,0.0
00-0034928,Steven Sims,WR,ARI,LA,18,0.0,0.0,0.0
00-0037475,Stone Smartt,TE,NYJ,DEN,6,0.0,0.0,0.0
00-0037475,Stone Smartt,TE,NYJ,CLE,10,0.0,0.0,0.0
00-0037475,Stone Smartt,TE,NYJ,MIA,14,0.0,0.0,0.0
00-0037475,Stone Smartt,TE,NYJ,JAX,15,0.0,0.0,0.0
00-0037475,Stone Smartt,TE,NYJ,NO,16,3.4,5.9,8.4
00-0037475,Stone Smartt,TE,NYJ,NE,17,1.8,2.8,3.8
00-0035229,T.J. Hockenson,TE,MIN,CHI,1,1.5,3.0,4.5
00-0035229,T.J. Hockenson,TE,MIN,ATL,2,1.2,1.7,2.2
00-0035229,T.J. Hockenson,TE,MIN,CIN,3,10.9,13.4,15.9
00-0035229,T.J. Hockenson,TE,MIN,PIT,4,3.9,5.9,7.9
00-0035229,T.J. Hockenson,TE,MIN,CLE,5,3.8,6.8,9.8
00-0035229,T.J. Hockenson,TE,MIN,PHI,7,4.3,7.3,10.3
00-0035229,T.J. Hockenson,TE,MIN,LAC,8,2.6,3.6,4.6
00-0035229,T.J. Hockenson,TE,MIN,DET,9,7.1,8.1,9.1
00-0035229,T.J. Hockenson,TE,MIN,BAL,10,0.8,1.8,2.8
00-0035229,T.J. Hockenson,TE,MIN,CHI,11,3.9,5.4,6.9
00-0035229,T.J. Hockenson,TE,MIN,GB,12,1.9,3.9,5.9
00-0035229,T.J. Hockenson,TE,MIN,SEA,13,5.9,8.9,11.9
00-0035229,T.J. Hockenson,TE,MIN,WAS,14,7.2,8.2,9.2
00-0035229,T.J. Hockenson,TE,MIN,DAL,15,6.6,8.6,10.6
00-0035229,T.J. Hockenson,TE,MIN,NYG,16,0.2,0.7,1.2
00-0040208,Tahj Brooks,RB,CIN,CLE,1,0.0,0.0,0.0
00-0040208,Tahj Brooks,RB,CIN,JAX,2,0.0,0.0,0.0
00-0040208,Tahj Brooks,RB,CIN,MIN,3,1.7,1.7,1.7
00-0040208,Tahj Brooks,RB,CIN,DEN,4,0.0,0.0,0.0
00-0040208,Tahj Brooks,RB,CIN,PIT,7,0.0,0.0,0.0
00-0040208,Tahj Brooks,RB,CIN,NYJ,8,0.0,0.0,0.0
00-0040208,Tahj Brooks,RB,CIN,CHI,9,0.1,0.1,0.1
00-0040208,Tahj Brooks,RB,CIN,PIT,11,0.5,0.5,0.5
00-0040208,Tahj Brooks,RB,CIN,NE,12,0.5,0.5,0.5
00-0040208,Tahj Brooks,RB,CIN,BAL,15,0.0,0.0,0.0
00-0040208,Tahj Brooks,RB,CIN,MIA,16,0.7,0.7,0.7
00-0040208,Tahj Brooks,RB,CIN,ARI,17,1.9,2.4,2.9
00-0039884,Tahj Washington,WR,MIA,BAL,9,-0.9,-0.4,0.1
00-0039884,Tahj Washington,WR,MIA,NE,18,2.6,3.6,4.6
00-0040154,Tai Felton,WR,MIN,CHI,1,0.0,0.0,0.0
00-0040154,Tai Felton,WR,MIN,CIN,3,0.9,1.4,1.9
00-0040154,Tai Felton,WR,MIN,PIT,4,0.0,0.0,0.0
00-0040154,Tai Felton,WR,MIN,CLE,5,0.0,0.0,0.0
00-0040154,Tai Felton,WR,MIN,PHI,7,0.0,0.0,0.0
00-0040154,Tai Felton,WR,MIN,DET,9,0.0,0.0,0.0
00-0040154,Tai Felton,WR,MIN,CHI,11,0.0,0.0,0.0
00-0040154,Tai Felton,WR,MIN,GB,12,0.0,0.0,0.0
00-0040154,Tai Felton,WR,MIN,SEA,13,0.0,0.0,0.0
00-0040154,Tai Felton,WR,MIN,WAS,14,1.0,1.5,2.0
00-0040154,Tai Felton,WR,MIN,NYG,16,0.6,1.1,1.6
00-0040154,Tai Felton,WR,MIN,GB,18,0.0,0.0,0.0
00-0038555,Tank Bigsby,RB,JAX,CAR,1,1.2,1.2,1.2
00-0038555,Tank Bigsby,RB,PHI,LA,3,0.0,0.0,0.0
00-0038555,Tank Bigsby,RB,PHI,TB,4,0.0,0.0,0.0
00-0038555,Tank Bigsby,RB,PHI,DEN,5,0.0,0.0,0.0
00-0038555,Tank Bigsby,RB,PHI,NYG,6,0.0,0.0,0.0
00-0038555,Tank Bigsby,RB,PHI,MIN,7,1.0,1.5,2.0
00-0038555,Tank Bigsby,RB,PHI,NYG,8,10.4,10.4,10.4
00-0038555,Tank Bigsby,RB,PHI,GB,10,0.7,0.7,0.7
00-0038555,Tank Bigsby,RB,PHI,DET,11,3.4,3.4,3.4
00-0038555,Tank Bigsby,RB,PHI,DAL,12,0.8,0.8,0.8
00-0038555,Tank Bigsby,RB,PHI,LAC,14,0.4,0.4,0.4
00-0038555,Tank Bigsby,RB,PHI,LV,15,5.7,5.7,5.7
00-0038555,Tank Bigsby,RB,PHI,WAS,16,9.7,9.7,9.7
00-0038555,Tank Bigsby,RB,PHI,BUF,17,0.9,1.4,1.9
00-0038555,Tank Bigsby,RB,PHI,WAS,18,16.6,17.1,17.6
00-0037348,Tanner Conner,TE,MIA,IND,1,2.0,3.0,4.0
00-0037348,Tanner Conner,TE,MIA,BUF,3,1.3,1.8,2.3
00-0037348,Tanner Conner,TE,MIA,NYJ,4,0.0,0.0,0.0
00-0037348,Tanner Conner,TE,MIA,CAR,5,1.6,2.6,3.6
00-0037348,Tanner Conner,TE,MIA,LAC,6,0.8,1.3,1.8
00-0037348,Tanner Conner,TE,MIA,CLE,7,2.8,3.3,3.8
00-0037348,Tanner Conner,TE,MIA,ATL,8,0.6,1.6,2.6
00-0037348,Tanner Conner,TE,MIA,BAL,9,0.0,0.0,0.0
00-0034613,Tanner Hudson,TE,CIN,GB,6,7.0,9.0,11.0
00-0034613,Tanner Hudson,TE,CIN,NYJ,8,0.9,1.4,1.9
00-0034613,Tanner Hudson,TE,CIN,CHI,9,4.2,5.2,6.2
00-0034613,Tanner Hudson,TE,CIN,PIT,11,2.2,3.7,5.2
00-0034613,Tanner Hudson,TE,CIN,NE,12,0.9,1.4,1.9
00-0034613,Tanner Hudson,TE,CIN,BAL,13,7.4,7.9,8.4
00-0034613,Tanner Hudson,TE,CIN,BUF,14,1.1,1.6,2.1
00-0034613,Tanner Hudson,TE,CIN,BAL,15,1.6,3.1,4.6
00-0034613,Tanner Hudson,TE,CIN,MIA,16,0.4,0.9,1.4
00-0034613,Tanner Hudson,TE,CIN,ARI,17,3.1,4.1,5.1
00-0038400,Tanner McKee,QB,PHI,NYG,8,-0.2,-0.2,-0.2
00-0038400,Tanner McKee,QB,PHI,LV,15,2.2,2.2,2.2
00-0038400,Tanner McKee,QB,PHI,WAS,16,-0.2,-0.2,-0.2
00-0038400,Tanner McKee,QB,PHI,WAS,18,11.9,11.9,11.9
00-0037524,Tay Martin,WR,WAS,ATL,4,1.4,1.9,2.4
00-0037524,Tay Martin,WR,WAS,LAC,5,0.9,1.4,1.9
00-0033357,Taysom Hill,TE,NO,NYG,5,0.7,0.7,0.7
00-0033357,Taysom Hill,TE,NO,NE,6,6.1,6.1,6.1
00-0033357,Taysom Hill,TE,NO,CHI,7,0.8,1.8,2.8
00-0033357,Taysom Hill,TE,NO,TB,8,1.2,1.7,2.2
00-0033357,Taysom Hill,TE,NO,LA,9,3.0,3.0,3.0
00-0033357,Taysom Hill,TE,NO,CAR,10,2.0,2.0,2.0
00-0033357,Taysom Hill,TE,NO,ATL,12,1.7,1.7,1.7
00-0033357,Taysom Hill,TE,NO,MIA,13,0.7,1.2,1.7
00-0033357,Taysom Hill,TE,NO,TB,14,-0.1,-0.1,-0.1
00-0033357,Taysom Hill,TE,NO,CAR,15,0.2,0.2,0.2
00-0033357,Taysom Hill,TE,NO,NYJ,16,11.3,13.3,15.3
00-0033357,Taysom Hill,TE,NO,TEN,17,0.0,0.0,0.0
00-0033357,Taysom Hill,TE,NO,ATL,18,3.2,4.7,6.2
00-0037277,Teagan Quitoriano,TE,ATL,NO,12,0.0,0.0,0.0
00-0037277,Teagan Quitoriano,TE,ATL,LA,17,0.0,0.0,0.0
00-0031237,Teddy Bridgewater,QB,TB,DET,7,-0.1,-0.1,-0.1
00-0031237,Teddy Bridgewater,QB,TB,BUF,11,-0.1,-0.1,-0.1
00-0031237,Teddy Bridgewater,QB,TB,LA,12,3.1,3.1,3.1
00-0036410,Tee Higgins,WR,CIN,CLE,1,3.3,4.8,6.3
00-0036410,Tee Higgins,WR,CIN,JAX,2,11.6,13.1,14.6
00-0036410,Tee Higgins,WR,CIN,MIN,3,1.5,2.0,2.5
00-0036410,Tee Higgins,WR,CIN,DEN,4,3.2,4.7,6.2
00-0036410,Tee Higgins,WR,CIN,DET,5,8.2,9.7,11.2
00-0036410,Tee Higgins,WR,CIN,GB,6,6.2,8.7,11.2
00-0036410,Tee Higgins,WR,CIN,PIT,7,15.6,18.6,21.6
00-0036410,Tee Higgins,WR,CIN,NYJ,8,10.4,10.9,11.4
00-0036410,Tee Higgins,WR,CIN,CHI,9,26.1,29.6,33.1
00-0036410,Tee Higgins,WR,CIN,PIT,11,12.3,13.8,15.3
00-0036410,Tee Higgins,WR,CIN,NE,12,3.1,5.6,8.1
00-0036410,Tee Higgins,WR,CIN,BUF,14,21.2,24.2,27.2
00-0036410,Tee Higgins,WR,CIN,MIA,16,11.3,12.8,14.3
00-0036410,Tee Higgins,WR,CIN,ARI,17,5.9,7.9,9.9
00-0036410,Tee Higgins,WR,CIN,CLE,18,12.7,15.7,18.7
00-0040737,Terrance Ferguson,TE,LA,SF,5,2.1,2.6,3.1
00-0040737,Terrance Ferguson,TE,LA,BAL,6,0.0,0.0,0.0
00-0040737,Terrance Ferguson,TE,LA,JAX,7,9.1,9.6,10.1
00-0040737,Terrance Ferguson,TE,LA,NO,9,5.4,6.4,7.4
00-0040737,Terrance Ferguson,TE,LA,SF,10,3.2,3.7,4.2
00-0040737,Terrance Ferguson,TE,LA,TB,12,0.0,0.0,0.0
00-0040737,Terrance Ferguson,TE,LA,CAR,13,0.0,0.0,0.0
00-0040737,Terrance Ferguson,TE,LA,ARI,14,0.0,0.0,0.0
00-0040737,Terrance Ferguson,TE,LA,DET,15,0.6,1.1,1.6
00-0040737,Terrance Ferguson,TE,LA,SEA,16,9.3,10.8,12.3
00-0040737,Terrance Ferguson,TE,LA,ATL,17,11.4,12.4,13.4
00-0039757,Terrell Jennings,RB,NE,TEN,7,1.8,1.8,1.8
00-0039757,Terrell Jennings,RB,NE,CLE,8,1.5,1.5,1.5
00-0039757,Terrell Jennings,RB,NE,ATL,9,10.4,10.9,11.4
00-0039757,Terrell Jennings,RB,NE,TB,10,0.5,0.5,0.5
00-0039757,Terrell Jennings,RB,NE,CIN,12,0.0,0.0,0.0
00-0039757,Terrell Jennings,RB,NE,NYG,13,0.0,0.0,0.0
00-0035659,Terry McLaurin,WR,WAS,NYG,1,2.7,3.7,4.7
00-0035659,Terry McLaurin,WR,WAS,GB,2,4.8,7.3,9.8
00-0035659,Terry McLaurin,WR,WAS,LV,3,7.4,8.9,10.4
00-0035659,Terry McLaurin,WR,WAS,KC,8,11.4,12.9,14.4
00-0035659,Terry McLaurin,WR,WAS,DEN,13,15.6,19.1,22.6
00-0035659,Terry McLaurin,WR,WAS,MIN,14,4.1,5.6,7.1
00-0035659,Terry McLaurin,WR,WAS,NYG,15,12.9,14.4,15.9
00-0035659,Terry McLaurin,WR,WAS,PHI,16,5.3,6.8,8.3
00-0035659,Terry McLaurin,WR,WAS,DAL,17,6.3,8.8,11.3
00-0035659,Terry McLaurin,WR,WAS,PHI,18,5.7,7.7,9.7
00-0040124,Tetairoa McMillan,WR,CAR,JAX,1,6.8,9.3,11.8
00-0040124,Tetairoa McMillan,WR,CAR,ARI,2,10.0,13.0,16.0
00-0040124,Tetairoa McMillan,WR,CAR,ATL,3,4.8,6.3,7.8
00-0040124,Tetairoa McMillan,WR,CAR,NE,4,6.2,8.2,10.2
00-0040124,Tetairoa McMillan,WR,CAR,MIA,5,7.3,10.3,13.3
00-0040124,Tetairoa McMillan,WR,CAR,DAL,6,14.9,16.4,17.9
00-0040124,Tetairoa McMillan,WR,CAR,NYJ,7,3.3,4.8,6.3
00-0040124,Tetairoa McMillan,WR,CAR,BUF,8,9.9,13.4,16.9
00-0040124,Tetairoa McMillan,WR,CAR,GB,9,4.6,6.6,8.6
00-0040124,Tetairoa McMillan,WR,CAR,NO,10,6.0,8.5,11.0
00-0040124,Tetairoa McMillan,WR,CAR,ATL,11,25.0,29.0,33.0
00-0040124,Tetairoa McMillan,WR,CAR,SF,12,9.5,10.5,11.5
00-0040124,Tetairoa McMillan,WR,CAR,LA,13,10.3,10.8,11.3
00-0040124,Tetairoa McMillan,WR,CAR,NO,15,2.5,3.5,4.5
00-0040124,Tetairoa McMillan,WR,CAR,TB,16,13.3,16.3,19.3
00-0040124,Tetairoa McMillan,WR,CAR,SEA,17,0.5,1.0,1.5
00-0040124,Tetairoa McMillan,WR,CAR,TB,18,8.5,10.5,12.5
00-0040237,Tez Johnson,WR,TB,ATL,1,0.0,0.0,0.0
00-0040237,Tez Johnson,WR,TB,NYJ,3,0.0,0.0,0.0
00-0040237,Tez Johnson,WR,TB,PHI,4,1.3,1.8,2.3
00-0040237,Tez Johnson,WR,TB,SEA,5,5.9,7.9,9.9
00-0040237,Tez Johnson,WR,TB,SF,6,10.5,11.0,11.5
00-0040237,Tez Johnson,WR,TB,DET,7,11.8,13.8,15.8
00-0040237,Tez Johnson,WR,TB,NO,8,4.3,6.8,9.3
00-0040237,Tez Johnson,WR,TB,NE,10,16.2,18.2,20.2
00-0040237,Tez Johnson,WR,TB,BUF,11,0.6,1.1,1.6
00-0040237,Tez Johnson,WR,TB,LA,12,9.3,10.8,12.3
00-0040237,Tez Johnson,WR,TB,ARI,13,0.5,1.0,1.5
00-0040237,Tez Johnson,WR,TB,ATL,15,0.0,0.0,0.0
00-0040237,Tez Johnson,WR,TB,CAR,16,-0.1,0.4,0.9
00-0040237,Tez Johnson,WR,TB,MIA,17,1.9,2.9,3.9
00-0040237,Tez Johnson,WR,TB,CAR,18,2.2,2.7,3.2
00-0039847,Theo Johnson,TE,NYG,WAS,1,0.5,1.0,1.5
00-0039847,Theo Johnson,TE,NYG,DAL,2,3.4,5.4,7.4
00-0039847,Theo Johnson,TE,NYG,KC,3,1.0,1.5,2.0
00-0039847,Theo Johnson,TE,NYG,LAC,4,7.7,9.2,10.7
00-0039847,Theo Johnson,TE,NYG,NO,5,15.3,18.3,21.3
00-0039847,Theo Johnson,TE,NYG,PHI,6,2.7,3.7,4.7
00-0039847,Theo Johnson,TE,NYG,DEN,7,12.6,14.1,15.6
00-0039847,Theo Johnson,TE,NYG,PHI,8,2.0,3.5,5.0
00-0039847,Theo Johnson,TE,NYG,SF,9,8.7,10.2,11.7
00-0039847,Theo Johnson,TE,NYG,CHI,10,7.5,11.0,14.5
00-0039847,Theo Johnson,TE,NYG,GB,11,3.6,5.1,6.6
00-0039847,Theo Johnson,TE,NYG,DET,12,7.7,9.2,10.7
00-0039847,Theo Johnson,TE,NYG,NE,13,2.9,4.4,5.9
00-0039847,Theo Johnson,TE,NYG,WAS,15,7.2,8.7,10.2
00-0039847,Theo Johnson,TE,NYG,MIN,16,0.0,0.0,0.0
00-0040311,Theo Wease Jr.,WR,MIA,CIN,16,3.2,4.2,5.2
00-0040311,Theo Wease Jr.,WR,MIA,TB,17,12.3,12.8,13.3
00-0040311,Theo Wease Jr.,WR,MIA,NE,18,4.4,5.9,7.4
00-0040225,Thomas Fidone II,TE,NYG,DEN,7,0.0,0.0,0.0
00-0036497,Tim Jones,WR,JAX,LV,9,1.5,2.0,2.5
00-0036497,Tim Jones,WR,JAX,HOU,10,0.0,0.0,0.0
00-0033375,Tim Patrick,WR,JAX,CIN,2,0.0,0.0,0.0
00-0033375,Tim Patrick,WR,JAX,HOU,3,1.6,2.1,2.6
00-0033375,Tim Patrick,WR,JAX,SF,4,-0.1,0.4,0.9
00-0033375,Tim Patrick,WR,JAX,KC,5,0.0,0.0,0.0
00-0033375,Tim Patrick,WR,JAX,SEA,6,8.6,9.1,9.6
00-0033375,Tim Patrick,WR,JAX,LA,7,2.2,2.7,3.2
00-0033375,Tim Patrick,WR,JAX,LAC,11,8.0,9.5,11.0
00-0033375,Tim Patrick,WR,JAX,ARI,12,0.0,0.0,0.0
00-0033375,Tim Patrick,WR,JAX,TEN,13,1.1,1.6,2.1
00-0033375,Tim Patrick,WR,JAX,IND,14,13.8,16.3,18.8
00-0033375,Tim Patrick,WR,JAX,DEN,16,1.1,1.6,2.1
00-0033375,Tim Patrick,WR,JAX,IND,17,0.0,0.0,0.0
00-0033375,Tim Patrick,WR,JAX,TEN,18,0.4,0.9,1.4
00-0039737,Tip Reiman,TE,ARI,NO,1,1.0,1.5,2.0
00-0039737,Tip Reiman,TE,ARI,SF,3,0.8,1.8,2.8
00-0039737,Tip Reiman,TE,ARI,TEN,5,0.0,0.0,0.0
00-0035544,Tom Kennedy,WR,DET,GB,13,3.6,5.6,7.6
00-0035544,Tom Kennedy,WR,DET,DAL,14,0.0,0.0,0.0
00-0035544,Tom Kennedy,WR,DET,LA,15,0.0,0.0,0.0
00-0035544,Tom Kennedy,WR,DET,PIT,16,0.0,0.0,0.0
00-0035544,Tom Kennedy,WR,DET,MIN,17,0.0,0.0,0.0
00-0035544,Tom Kennedy,WR,DET,CHI,18,0.0,0.0,0.0
00-0037005,Tommy Tremble,TE,CAR,JAX,1,0.2,0.7,1.2
00-0037005,Tommy Tremble,TE,CAR,ARI,2,2.0,3.5,5.0
00-0037005,Tommy Tremble,TE,CAR,ATL,3,1.6,2.6,3.6
00-0037005,Tommy Tremble,TE,CAR,NE,4,10.2,12.7,15.2
00-0037005,Tommy Tremble,TE,CAR,MIA,5,0.7,1.2,1.7
00-0037005,Tommy Tremble,TE,CAR,DAL,6,3.9,5.9,7.9
00-0037005,Tommy Tremble,TE,CAR,NYJ,7,0.0,0.5,1.0
00-0037005,Tommy Tremble,TE,CAR,BUF,8,0.4,0.9,1.4
00-0037005,Tommy Tremble,TE,CAR,GB,9,0.0,0.0,0.0
00-0037005,Tommy Tremble,TE,CAR,ATL,11,5.4,5.9,6.4
00-0037005,Tommy Tremble,TE,CAR,LA,13,0.2,0.7,1.2
00-0037005,Tommy Tremble,TE,CAR,NO,15,1.3,2.3,3.3
00-0037005,Tommy Tremble,TE,CAR,TB,16,0.6,1.1,1.6
00-0037005,Tommy Tremble,TE,CAR,SEA,17,0.6,1.1,1.6
00-0037005,Tommy Tremble,TE,CAR,TB,18,9.8,11.3,12.8
00-0035261,Tony Pollard,RB,TEN,DEN,1,6.9,7.4,7.9
00-0035261,Tony Pollard,RB,TEN,LA,2,9.2,9.2,9.2
00-0035261,Tony Pollard,RB,TEN,IND,3,11.9,12.9,13.9
00-0035261,Tony Pollard,RB,TEN,HOU,4,7.6,9.1,10.6
00-0035261,Tony Pollard,RB,TEN,ARI,5,11.8,13.3,14.8
00-0035261,Tony Pollard,RB,TEN,LV,6,4.7,5.7,6.7
00-0035261,Tony Pollard,RB,TEN,NE,7,6.1,9.1,12.1
00-0035261,Tony Pollard,RB,TEN,IND,8,5.3,5.8,6.3
00-0035261,Tony Pollard,RB,TEN,LAC,9,6.8,7.3,7.8
00-0035261,Tony Pollard,RB,TEN,HOU,11,2.6,4.1,5.6
00-0035261,Tony Pollard,RB,TEN,SEA,12,4.1,6.1,8.1
00-0035261,Tony Pollard,RB,TEN,JAX,13,4.3,4.8,5.3
00-0035261,Tony Pollard,RB,TEN,CLE,14,28.1,28.1,28.1
00-0035261,Tony Pollard,RB,TEN,SF,15,17.2,17.7,18.2
00-0035261,Tony Pollard,RB,TEN,KC,16,10.2,10.2,10.2
00-0035261,Tony Pollard,RB,TEN,NO,17,9.5,10.5,11.5
00-0035261,Tony Pollard,RB,TEN,JAX,18,6.5,8.0,9.5
00-0040648,Tory Horton,WR,SEA,SF,1,0.0,0.0,0.0
00-0040648,Tory Horton,WR,SEA,PIT,2,9.2,10.2,11.2
00-0040648,Tory Horton,WR,SEA,NO,3,15.2,16.7,18.2
00-0040648,Tory Horton,WR,SEA,ARI,4,1.0,1.5,2.0
00-0040648,Tory Horton,WR,SEA,TB,5,9.9,11.4,12.9
00-0040648,Tory Horton,WR,SEA,JAX,6,0.0,0.0,0.0
00-0040648,Tory Horton,WR,SEA,HOU,7,0.0,0.0,0.0
00-0040648,Tory Horton,WR,SEA,WAS,9,16.8,18.8,20.8
00-0036973,Travis Etienne,RB,JAX,CAR,1,15.6,17.1,18.6
00-0036973,Travis Etienne,RB,JAX,CIN,2,14.9,15.9,16.9
00-0036973,Travis Etienne,RB,JAX,HOU,3,11.6,11.6,11.6
00-0036973,Travis Etienne,RB,JAX,SF,4,18.5,19.0,19.5
00-0036973,Travis Etienne,RB,JAX,KC,5,5.8,7.3,8.8
00-0036973,Travis Etienne,RB,JAX,SEA,6,5.5,7.5,9.5
00-0036973,Travis Etienne,RB,JAX,LA,7,5.5,6.0,6.5
00-0036973,Travis Etienne,RB,JAX,LV,9,11.5,14.0,16.5
00-0036973,Travis Etienne,RB,JAX,HOU,10,13.7,14.7,15.7
00-0036973,Travis Etienne,RB,JAX,LAC,11,19.3,19.3,19.3
00-0036973,Travis Etienne,RB,JAX,ARI,12,17.6,19.1,20.6
00-0036973,Travis Etienne,RB,JAX,TEN,13,4.1,4.6,5.1
00-0036973,Travis Etienne,RB,JAX,IND,14,20.2,20.7,21.2
00-0036973,Travis Etienne,RB,JAX,NYJ,15,28.5,30.0,31.5
00-0036973,Travis Etienne,RB,JAX,DEN,16,12.6,14.6,16.6
00-0036973,Travis Etienne,RB,JAX,IND,17,9.2,10.2,11.2
00-0036973,Travis Etienne,RB,JAX,TEN,18,3.8,4.3,4.8
00-0035594,Travis Homer,RB,CHI,NO,7,0.0,0.0,0.0
00-0035594,Travis Homer,RB,CHI,BAL,8,0.0,0.0,0.0
00-0035594,Travis Homer,RB,CHI,CIN,9,0.0,0.0,0.0
00-0035594,Travis Homer,RB,CHI,MIN,11,-0.2,-0.2,-0.2
00-0035594,Travis Homer,RB,CHI,PHI,13,0.0,0.0,0.0
00-0035594,Travis Homer,RB,CHI,GB,14,0.0,0.0,0.0
00-0035594,Travis Homer,RB,CHI,SF,17,0.0,0.0,0.0
00-0035594,Travis Homer,RB,CHI,DET,18,0.0,0.0,0.0
00-0030506,Travis Kelce,TE,KC,LAC,1,10.7,11.7,12.7
00-0030506,Travis Kelce,TE,KC,PHI,2,6.1,8.1,10.1
00-0030506,Travis Kelce,TE,KC,NYG,3,2.6,4.6,6.6
00-0030506,Travis Kelce,TE,KC,BAL,4,4.8,7.3,9.8
00-0030506,Travis Kelce,TE,KC,JAX,5,12.1,15.6,19.1
00-0030506,Travis Kelce,TE,KC,DET,6,7.8,10.8,13.8
00-0030506,Travis Kelce,TE,KC,LV,7,5.4,6.9,8.4
00-0030506,Travis Kelce,TE,KC,WAS,8,15.9,18.9,21.9
00-0030506,Travis Kelce,TE,KC,BUF,9,8.6,10.6,12.6
00-0030506,Travis Kelce,TE,KC,DEN,11,15.1,19.6,24.1
00-0030506,Travis Kelce,TE,KC,IND,12,4.4,6.4,8.4
00-0030506,Travis Kelce,TE,KC,DAL,13,10.5,13.0,15.5
00-0030506,Travis Kelce,TE,KC,HOU,14,0.8,1.3,1.8
00-0030506,Travis Kelce,TE,KC,LAC,15,7.0,10.5,14.0
00-0030506,Travis Kelce,TE,KC,TEN,16,0.6,1.1,1.6
00-0030506,Travis Kelce,TE,KC,DEN,17,3.6,6.1,8.6
00-0030506,Travis Kelce,TE,KC,LV,18,1.2,2.7,4.2
00-0038456,Travis Vokolek,TE,ARI,TEN,5,0.0,0.0,0.0
00-0035291,Trayveon Williams,RB,LAC,PIT,10,0.0,0.0,0.0
00-0035291,Trayveon Williams,RB,LAC,JAX,11,-0.1,0.4,0.9
00-0035291,Trayveon Williams,RB,CLE,CHI,15,0.7,1.7,2.7
00-0035291,Trayveon Williams,RB,CLE,BUF,16,5.5,7.5,9.5
00-0035291,Trayveon Williams,RB,CLE,PIT,17,1.0,1.0,1.0
00-0035291,Trayveon Williams,RB,CLE,CIN,18,2.0,2.5,3.0
00-0040727,Tre Harris,WR,LAC,KC,1,1.1,1.6,2.1
00-0040727,Tre Harris,WR,LAC,LV,2,3.4,4.4,5.4
00-0040727,Tre Harris,WR,LAC,DEN,3,0.0,0.0,0.0
00-0040727,Tre Harris,WR,LAC,NYG,4,0.0,0.0,0.0
00-0040727,Tre Harris,WR,LAC,MIA,6,2.7,4.7,6.7
00-0040727,Tre Harris,WR,LAC,IND,7,2.3,3.3,4.3
00-0040727,Tre Harris,WR,LAC,MIN,8,6.8,7.8,8.8
00-0040727,Tre Harris,WR,LAC,TEN,9,1.8,2.8,3.8
00-0040727,Tre Harris,WR,LAC,PIT,10,0.4,1.4,2.4
00-0040727,Tre Harris,WR,LAC,JAX,11,1.2,1.7,2.2
00-0040727,Tre Harris,WR,LAC,LV,13,3.0,4.5,6.0
00-0040727,Tre Harris,WR,LAC,PHI,14,2.1,2.6,3.1
00-0040727,Tre Harris,WR,LAC,KC,15,4.9,6.4,7.9
00-0040727,Tre Harris,WR,LAC,DAL,16,5.4,7.4,9.4
00-0040727,Tre Harris,WR,LAC,HOU,17,1.5,2.0,2.5
00-0040727,Tre Harris,WR,LAC,DEN,18,2.8,3.8,4.8
00-0038563,Tre Tucker,WR,LV,NE,1,11.4,12.4,13.4
00-0038563,Tre Tucker,WR,LV,LAC,2,1.9,3.4,4.9
00-0038563,Tre Tucker,WR,LV,WAS,3,32.9,36.9,40.9
00-0038563,Tre Tucker,WR,LV,CHI,4,2.2,3.2,4.2
00-0038563,Tre Tucker,WR,LV,IND,5,7.1,9.1,11.1
00-0038563,Tre Tucker,WR,LV,TEN,6,7.0,9.5,12.0
00-0038563,Tre Tucker,WR,LV,KC,7,3.3,5.8,8.3
00-0038563,Tre Tucker,WR,LV,JAX,9,3.8,5.3,6.8
00-0038563,Tre Tucker,WR,LV,DEN,10,3.5,4.5,5.5
00-0038563,Tre Tucker,WR,LV,DAL,11,10.7,12.7,14.7
00-0038563,Tre Tucker,WR,LV,CLE,12,2.8,4.3,5.8
00-0038563,Tre Tucker,WR,LV,LAC,13,2.0,3.5,5.0
00-0038563,Tre Tucker,WR,LV,DEN,14,2.4,3.4,4.4
00-0038563,Tre Tucker,WR,LV,PHI,15,0.0,0.0,0.0
00-0038563,Tre Tucker,WR,LV,HOU,16,5.4,7.4,9.4
00-0038563,Tre Tucker,WR,LV,NYG,17,4.9,7.4,9.9
00-0038563,Tre Tucker,WR,LV,KC,18,3.4,4.4,5.4
00-0040734,TreVeyon Henderson,RB,NE,LV,1,5.1,8.1,11.1
00-0040734,TreVeyon Henderson,RB,NE,MIA,2,4.0,5.0,6.0
00-0040734,TreVeyon Henderson,RB,NE,PIT,3,4.7,6.2,7.7
00-0040734,TreVeyon Henderson,RB,NE,CAR,4,10.6,11.6,12.6
00-0040734,TreVeyon Henderson,RB,NE,BUF,5,2.7,3.7,4.7
00-0040734,TreVeyon Henderson,RB,NE,NO,6,3.6,4.1,4.6
00-0040734,TreVeyon Henderson,RB,NE,TEN,7,0.5,0.5,0.5
00-0040734,TreVeyon Henderson,RB,NE,CLE,8,5.5,5.5,5.5
00-0040734,TreVeyon Henderson,RB,NE,ATL,9,8.7,10.7,12.7
00-0040734,TreVeyon Henderson,RB,NE,TB,10,27.0,27.5,28.0
00-0040734,TreVeyon Henderson,RB,NE,NYJ,11,27.3,29.8,32.3
00-0040734,TreVeyon Henderson,RB,NE,CIN,12,8.1,9.6,11.1
00-0040734,TreVeyon Henderson,RB,NE,NYG,13,8.6,10.1,11.6
00-0040734,TreVeyon Henderson,RB,NE,BUF,15,28.1,29.1,30.1
00-0040734,TreVeyon Henderson,RB,NE,BAL,16,1.2,1.7,2.2
00-0040734,TreVeyon Henderson,RB,NE,NYJ,17,8.2,8.2,8.2
00-0040734,TreVeyon Henderson,RB,NE,MIA,18,17.3,17.3,17.3
00-0034487,Trent Sherfield,WR,DEN,TEN,1,0.3,0.8,1.3
00-0034487,Trent Sherfield,WR,DEN,IND,2,0.3,0.8,1.3
00-0034487,Trent Sherfield,WR,DEN,PHI,5,1.5,2.0,2.5
00-0034487,Trent Sherfield,WR,ARI,LA,14,0.0,0.0,0.0
00-0040644,Trevor Etienne,RB,CAR,JAX,1,0.4,0.4,0.4
00-0040644,Trevor Etienne,RB,CAR,ARI,2,0.2,0.7,1.2
00-0040644,Trevor Etienne,RB,CAR,ATL,3,0.0,0.0,0.0
00-0040644,Trevor Etienne,RB,CAR,NE,4,3.3,3.3,3.3
00-0040644,Trevor Etienne,RB,CAR,MIA,5,2.9,3.4,3.9
00-0040644,Trevor Etienne,RB,CAR,DAL,6,1.7,1.7,1.7
00-0040644,Trevor Etienne,RB,CAR,NYJ,7,0.0,0.0,0.0
00-0040644,Trevor Etienne,RB,CAR,BUF,8,1.6,1.6,1.6
00-0040644,Trevor Etienne,RB,CAR,GB,9,0.0,0.0,0.0
00-0040644,Trevor Etienne,RB,CAR,NO,10,0.0,0.0,0.0
00-0040644,Trevor Etienne,RB,CAR,ATL,11,0.2,0.2,0.2
00-0040644,Trevor Etienne,RB,CAR,SF,12,0.0,0.0,0.0
00-0040644,Trevor Etienne,RB,CAR,LA,13,0.4,0.9,1.4
00-0040644,Trevor Etienne,RB,CAR,NO,15,0.0,0.0,0.0
00-0040644,Trevor Etienne,RB,CAR,TB,16,0.0,0.0,0.0
00-0040644,Trevor Etienne,RB,CAR,SEA,17,0.0,0.0,0.0
00-0040644,Trevor Etienne,RB,CAR,TB,18,0.0,0.0,0.0
00-0036971,Trevor Lawrence,QB,JAX,CAR,1,10.3,10.3,10.3
00-0036971,Trevor Lawrence,QB,JAX,CIN,2,19.2,19.2,19.2
00-0036971,Trevor Lawrence,QB,JAX,HOU,3,7.8,7.8,7.8
00-0036971,Trevor Lawrence,QB,JAX,SF,4,11.7,11.7,11.7
00-0036971,Trevor Lawrence,QB,JAX,KC,5,26.2,26.2,26.2
00-0036971,Trevor Lawrence,QB,JAX,SEA,6,19.2,19.2,19.2
00-0036971,Trevor Lawrence,QB,JAX,LA,7,17.6,17.6,17.6
00-0036971,Trevor Lawrence,QB,JAX,LV,9,21.2,21.2,21.2
00-0036971,Trevor Lawrence,QB,JAX,HOU,10,9.8,9.8,9.8
00-0036971,Trevor Lawrence,QB,JAX,LAC,11,15.0,15.0,15.0
00-0036971,Trevor Lawrence,QB,JAX,ARI,12,17.1,17.1,17.1
00-0036971,Trevor Lawrence,QB,JAX,TEN,13,21.7,21.7,21.7
00-0036971,Trevor Lawrence,QB,JAX,IND,14,19.4,19.4,19.4
00-0036971,Trevor Lawrence,QB,JAX,NYJ,15,44.3,44.3,44.3
00-0036971,Trevor Lawrence,QB,JAX,DEN,16,31.2,31.2,31.2
00-0036971,Trevor Lawrence,QB,JAX,IND,17,23.1,23.1,23.1
00-0036971,Trevor Lawrence,QB,JAX,TEN,18,23.3,23.3,23.3
00-0039921,Trey Benson,RB,ARI,NO,1,7.5,8.0,8.5
00-0039921,Trey Benson,RB,ARI,CAR,2,4.4,6.4,8.4
00-0039921,Trey Benson,RB,ARI,SF,3,5.1,6.6,8.1
00-0039921,Trey Benson,RB,ARI,SEA,4,5.4,7.9,10.4
00-0037012,Trey Lance,QB,LAC,WAS,5,2.9,2.9,2.9
00-0037012,Trey Lance,QB,LAC,JAX,11,1.6,1.6,1.6
00-0037012,Trey Lance,QB,LAC,LV,13,0.8,0.8,0.8
00-0037012,Trey Lance,QB,LAC,DEN,18,8.3,8.3,8.3
00-0037744,Trey McBride,TE,ARI,NO,1,6.1,9.1,12.1
00-0037744,Trey McBride,TE,ARI,CAR,2,7.8,10.8,13.8
00-0037744,Trey McBride,TE,ARI,SF,3,10.3,12.8,15.3
00-0037744,Trey McBride,TE,ARI,SEA,4,5.2,8.7,12.2
00-0037744,Trey McBride,TE,ARI,TEN,5,4.1,6.6,9.1
00-0037744,Trey McBride,TE,ARI,IND,6,13.2,17.2,21.2
00-0037744,Trey McBride,TE,ARI,GB,7,19.4,24.4,29.4
00-0037744,Trey McBride,TE,ARI,DAL,9,11.5,14.0,16.5
00-0037744,Trey McBride,TE,ARI,SEA,10,18.7,23.2,27.7
00-0037744,Trey McBride,TE,ARI,SF,11,17.5,22.5,27.5
00-0037744,Trey McBride,TE,ARI,JAX,12,7.9,12.4,16.9
00-0037744,Trey McBride,TE,ARI,TB,13,14.2,18.2,22.2
00-0037744,Trey McBride,TE,ARI,LA,14,5.8,8.3,10.8
00-0037744,Trey McBride,TE,ARI,HOU,15,25.4,31.4,37.4
00-0037744,Trey McBride,TE,ARI,ATL,16,2.7,4.7,6.7
00-0037744,Trey McBride,TE,ARI,CIN,17,13.6,18.6,23.6
00-0037744,Trey McBride,TE,ARI,LA,18,6.5,10.0,13.5
00-0036984,Trey Sermon,RB,PIT,MIN,4,0.0,0.0,0.0
00-0036984,Trey Sermon,RB,PIT,IND,9,0.0,0.0,0.0
00-0036984,Trey Sermon,RB,PIT,LAC,10,0.0,0.0,0.0
00-0037742,Treylon Burks,WR,WAS,SEA,9,1.4,1.9,2.4
00-0037742,Treylon Burks,WR,WAS,DET,10,5.8,7.3,8.8
00-0037742,Treylon Burks,WR,WAS,DEN,13,6.5,7.0,7.5
00-0037742,Treylon Burks,WR,WAS,MIN,14,0.0,0.0,0.0
00-0037742,Treylon Burks,WR,WAS,NYG,15,0.0,0.0,0.0
00-0037742,Treylon Burks,WR,WAS,PHI,16,3.0,4.0,5.0
00-0037742,Treylon Burks,WR,WAS,DAL,17,1.1,1.6,2.1
00-0037742,Treylon Burks,WR,WAS,PHI,18,1.2,2.2,3.2
00-0039868,Troy Franklin,WR,DEN,TEN,1,4.4,6.4,8.4
00-0039868,Troy Franklin,WR,DEN,IND,2,16.0,20.0,24.0
00-0039868,Troy Franklin,WR,DEN,LAC,3,0.8,1.8,2.8
00-0039868,Troy Franklin,WR,DEN,CIN,4,5.5,7.5,9.5
00-0039868,Troy Franklin,WR,DEN,PHI,5,5.5,7.0,8.5
00-0039868,Troy Franklin,WR,DEN,NYJ,6,0.1,1.6,3.1
00-0039868,Troy Franklin,WR,DEN,NYG,7,9.9,11.4,12.9
00-0039868,Troy Franklin,WR,DEN,DAL,8,20.9,23.9,26.9
00-0039868,Troy Franklin,WR,DEN,HOU,9,4.3,6.3,8.3
00-0039868,Troy Franklin,WR,DEN,LV,10,10.0,12.5,15.0
00-0039868,Troy Franklin,WR,DEN,KC,11,8.4,10.4,12.4
00-0039868,Troy Franklin,WR,DEN,WAS,13,2.1,3.1,4.1
00-0039868,Troy Franklin,WR,DEN,LV,14,1.1,2.6,4.1
00-0039868,Troy Franklin,WR,DEN,GB,15,14.8,17.8,20.8
00-0039868,Troy Franklin,WR,DEN,JAX,16,6.6,8.6,10.6
00-0039868,Troy Franklin,WR,DEN,KC,17,1.7,3.7,5.7
00-0039868,Troy Franklin,WR,DEN,LAC,18,0.0,0.0,0.0
00-0036212,Tua Tagovailoa,QB,MIA,IND,1,5.3,5.3,5.3
00-0036212,Tua Tagovailoa,QB,MIA,NE,2,18.6,18.6,18.6
00-0036212,Tua Tagovailoa,QB,MIA,BUF,3,12.8,12.8,12.8
00-0036212,Tua Tagovailoa,QB,MIA,NYJ,4,15.7,15.7,15.7
00-0036212,Tua Tagovailoa,QB,MIA,CAR,5,22.7,22.7,22.7
00-0036212,Tua Tagovailoa,QB,MIA,LAC,6,6.6,6.6,6.6
00-0036212,Tua Tagovailoa,QB,MIA,CLE,7,-1.4,-1.4,-1.4
00-0036212,Tua Tagovailoa,QB,MIA,ATL,8,24.2,24.2,24.2
00-0036212,Tua Tagovailoa,QB,MIA,BAL,9,8.5,8.5,8.5
00-0036212,Tua Tagovailoa,QB,MIA,BUF,10,10.8,10.8,10.8
00-0036212,Tua Tagovailoa,QB,MIA,WAS,11,6.8,6.8,6.8
00-0036212,Tua Tagovailoa,QB,MIA,NO,13,4.7,4.7,4.7
00-0036212,Tua Tagovailoa,QB,MIA,NYJ,14,9.1,9.1,9.1
00-0036212,Tua Tagovailoa,QB,MIA,PIT,15,16.2,16.2,16.2
00-0037654,Tucker Fisk,TE,LAC,DEN,3,0.0,0.0,0.0
00-0037654,Tucker Fisk,TE,LAC,NYG,4,0.0,0.0,0.0
00-0037654,Tucker Fisk,TE,LAC,TEN,9,1.2,1.7,2.2
00-0037654,Tucker Fisk,TE,LAC,PIT,10,0.7,1.2,1.7
00-0038996,Tucker Kraft,TE,GB,DET,1,7.9,8.9,9.9
00-0038996,Tucker Kraft,TE,GB,WAS,2,18.4,21.4,24.4
00-0038996,Tucker Kraft,TE,GB,CLE,3,2.9,4.4,5.9
00-0038996,Tucker Kraft,TE,GB,DAL,4,5.6,8.1,10.6
00-0038996,Tucker Kraft,TE,GB,CIN,6,10.3,11.3,12.3
00-0038996,Tucker Kraft,TE,GB,ARI,7,11.8,14.3,16.8
00-0038996,Tucker Kraft,TE,GB,PIT,8,26.3,29.8,33.3
00-0038996,Tucker Kraft,TE,GB,CAR,9,2.0,3.0,4.0
00-0036849,Tutu Atwell,WR,LA,HOU,1,0.4,0.9,1.4
00-0036849,Tutu Atwell,WR,LA,TEN,2,0.0,0.0,0.0
00-0036849,Tutu Atwell,WR,LA,PHI,3,0.0,0.0,0.0
00-0036849,Tutu Atwell,WR,LA,IND,4,14.8,15.3,15.8
00-0036849,Tutu Atwell,WR,LA,SF,5,7.2,8.2,9.2
00-0036849,Tutu Atwell,WR,LA,DET,15,0.9,1.4,1.9
00-0036849,Tutu Atwell,WR,LA,ATL,17,0.0,0.0,0.0
00-0036849,Tutu Atwell,WR,LA,ARI,18,1.9,2.4,2.9
00-0037276,Ty Chandler,RB,MIN,CHI,1,0.0,0.0,0.0
00-0037276,Ty Chandler,RB,MIN,DET,17,2.4,2.4,2.4
00-0037276,Ty Chandler,RB,MIN,GB,18,3.4,4.9,6.4
00-0035537,Ty Johnson,RB,BUF,BAL,1,2.4,2.4,2.4
00-0035537,Ty Johnson,RB,BUF,NYJ,2,0.6,0.6,0.6
00-0035537,Ty Johnson,RB,BUF,MIA,3,2.1,2.6,3.1
00-0035537,Ty Johnson,RB,BUF,NO,4,0.0,0.0,0.0
00-0035537,Ty Johnson,RB,BUF,NE,5,1.0,1.0,1.0
00-0035537,Ty Johnson,RB,BUF,ATL,6,1.6,2.1,2.6
00-0035537,Ty Johnson,RB,BUF,CAR,8,0.6,0.6,0.6
00-0035537,Ty Johnson,RB,BUF,KC,9,8.0,9.0,10.0
00-0035537,Ty Johnson,RB,BUF,MIA,10,2.6,3.6,4.6
00-0035537,Ty Johnson,RB,BUF,TB,11,13.0,14.0,15.0
00-0035537,Ty Johnson,RB,BUF,HOU,12,5.2,6.7,8.2
00-0035537,Ty Johnson,RB,BUF,PIT,13,2.5,4.0,5.5
00-0035537,Ty Johnson,RB,BUF,CIN,14,3.9,4.9,5.9
00-0035537,Ty Johnson,RB,BUF,NE,15,2.8,4.3,5.8
00-0035537,Ty Johnson,RB,BUF,CLE,16,7.6,7.6,7.6
00-0035537,Ty Johnson,RB,BUF,PHI,17,4.8,6.3,7.8
00-0035537,Ty Johnson,RB,BUF,NYJ,18,17.6,18.6,19.6
00-0039032,Tyjae Spears,RB,TEN,ARI,5,1.4,1.4,1.4
00-0039032,Tyjae Spears,RB,TEN,LV,6,5.0,7.0,9.0
00-0039032,Tyjae Spears,RB,TEN,NE,7,4.0,5.5,7.0
00-0039032,Tyjae Spears,RB,TEN,IND,8,14.2,15.7,17.2
00-0039032,Tyjae Spears,RB,TEN,LAC,9,6.2,7.7,9.2
00-0039032,Tyjae Spears,RB,TEN,HOU,11,3.4,5.9,8.4
00-0039032,Tyjae Spears,RB,TEN,SEA,12,2.5,4.5,6.5
00-0039032,Tyjae Spears,RB,TEN,JAX,13,2.4,5.4,8.4
00-0039032,Tyjae Spears,RB,TEN,CLE,14,4.7,5.7,6.7
00-0039032,Tyjae Spears,RB,TEN,SF,15,3.6,4.6,5.6
00-0039032,Tyjae Spears,RB,TEN,KC,16,16.5,19.0,21.5
00-0039032,Tyjae Spears,RB,TEN,NO,17,0.1,0.6,1.1
00-0039032,Tyjae Spears,RB,TEN,JAX,18,2.7,6.2,9.7
00-0036630,Tylan Wallace,WR,BAL,BUF,1,0.0,0.0,0.0
00-0036630,Tylan Wallace,WR,BAL,CLE,2,8.5,9.5,10.5
00-0036630,Tylan Wallace,WR,BAL,DET,3,0.0,0.0,0.0
00-0036630,Tylan Wallace,WR,BAL,KC,4,1.4,1.9,2.4
00-0036630,Tylan Wallace,WR,BAL,LA,6,0.0,0.0,0.0
00-0036630,Tylan Wallace,WR,BAL,CHI,8,0.6,1.1,1.6
00-0036630,Tylan Wallace,WR,BAL,MIA,9,0.0,0.0,0.0
00-0036630,Tylan Wallace,WR,BAL,MIN,10,0.0,0.0,0.0
00-0036630,Tylan Wallace,WR,BAL,CLE,11,0.0,0.0,0.0
00-0036630,Tylan Wallace,WR,BAL,NYJ,12,0.0,0.0,0.0
00-0036630,Tylan Wallace,WR,BAL,CIN,15,0.0,0.0,0.0
00-0037263,Tyler Allgeier,RB,ATL,TB,1,2.4,2.4,2.4
00-0037263,Tyler Allgeier,RB,ATL,MIN,2,14.0,14.5,15.0
00-0037263,Tyler Allgeier,RB,ATL,CAR,3,0.4,0.9,1.4
00-0037263,Tyler Allgeier,RB,ATL,WAS,4,11.1,11.1,11.1
00-0037263,Tyler Allgeier,RB,ATL,BUF,6,9.8,10.3,10.8
00-0037263,Tyler Allgeier,RB,ATL,SF,7,1.6,1.6,1.6
00-0037263,Tyler Allgeier,RB,ATL,MIA,8,7.4,8.4,9.4
00-0037263,Tyler Allgeier,RB,ATL,NE,9,0.6,0.6,0.6
00-0037263,Tyler Allgeier,RB,ATL,IND,10,17.7,17.7,17.7
00-0037263,Tyler Allgeier,RB,ATL,CAR,11,7.6,8.6,9.6
00-0037263,Tyler Allgeier,RB,ATL,NO,12,4.9,5.4,5.9
00-0037263,Tyler Allgeier,RB,ATL,NYJ,13,11.5,12.5,13.5
00-0037263,Tyler Allgeier,RB,ATL,SEA,14,6.7,7.7,8.7
00-0037263,Tyler Allgeier,RB,ATL,TB,15,1.8,1.8,1.8
00-0037263,Tyler Allgeier,RB,ATL,ARI,16,7.3,7.8,8.3
00-0037263,Tyler Allgeier,RB,ATL,LA,17,2.3,2.3,2.3
00-0037263,Tyler Allgeier,RB,ATL,NO,18,1.9,2.4,2.9
00-0037085,Tyler Badie,RB,DEN,TEN,1,1.6,2.6,3.6
00-0037085,Tyler Badie,RB,DEN,IND,2,2.2,3.2,4.2
00-0037085,Tyler Badie,RB,DEN,LAC,3,0.0,0.0,0.0
00-0037085,Tyler Badie,RB,DEN,CIN,4,1.1,1.6,2.1
00-0037085,Tyler Badie,RB,DEN,PHI,5,1.6,2.1,2.6
00-0037085,Tyler Badie,RB,DEN,NYG,7,1.9,2.9,3.9
00-0037085,Tyler Badie,RB,DEN,DAL,8,0.6,0.6,0.6
00-0037085,Tyler Badie,RB,DEN,HOU,9,0.6,1.6,2.6
00-0037085,Tyler Badie,RB,DEN,LV,10,0.0,0.0,0.0
00-0037085,Tyler Badie,RB,DEN,KC,11,0.0,0.5,1.0
00-0037085,Tyler Badie,RB,DEN,WAS,13,1.8,3.3,4.8
00-0037085,Tyler Badie,RB,DEN,LV,14,2.1,2.6,3.1
00-0037085,Tyler Badie,RB,DEN,GB,15,0.1,0.6,1.1
00-0037085,Tyler Badie,RB,DEN,JAX,16,0.2,0.7,1.2
00-0037085,Tyler Badie,RB,DEN,KC,17,0.0,0.0,0.0
00-0037085,Tyler Badie,RB,DEN,LAC,18,2.6,3.6,4.6
00-0034270,Tyler Conklin,TE,LAC,KC,1,5.2,6.2,7.2
00-0034270,Tyler Conklin,TE,LAC,DEN,3,0.0,0.0,0.0
00-0034270,Tyler Conklin,TE,LAC,NYG,4,0.3,0.8,1.3
00-0034270,Tyler Conklin,TE,LAC,WAS,5,3.0,4.0,5.0
00-0034270,Tyler Conklin,TE,LAC,PIT,10,1.2,1.7,2.2
00-0034270,Tyler Conklin,TE,LAC,DEN,18,0.6,1.1,1.6
00-0037120,Tyler Goodson,RB,IND,TEN,3,0.6,0.6,0.6
00-0037120,Tyler Goodson,RB,IND,LA,4,0.0,0.5,1.0
00-0037120,Tyler Goodson,RB,IND,TEN,8,0.2,0.2,0.2
00-0037120,Tyler Goodson,RB,IND,PIT,9,0.8,1.3,1.8
00-0037120,Tyler Goodson,RB,IND,ATL,10,0.4,0.4,0.4
00-0037120,Tyler Goodson,RB,IND,KC,12,0.0,0.0,0.0
00-0037120,Tyler Goodson,RB,IND,HOU,13,0.0,0.0,0.0
00-0037120,Tyler Goodson,RB,IND,SEA,15,0.0,0.0,0.0
00-0037120,Tyler Goodson,RB,IND,SF,16,0.9,0.9,0.9
00-0037120,Tyler Goodson,RB,IND,HOU,18,0.3,0.3,0.3
00-0033110,Tyler Higbee,TE,LA,HOU,1,0.0,0.0,0.0
00-0033110,Tyler Higbee,TE,LA,TEN,2,3.7,5.7,7.7
00-0033110,Tyler Higbee,TE,LA,PHI,3,0.0,0.0,0.0
00-0033110,Tyler Higbee,TE,LA,IND,4,2.5,3.5,4.5
00-0033110,Tyler Higbee,TE,LA,BAL,6,10.0,12.0,14.0
00-0033110,Tyler Higbee,TE,LA,JAX,7,1.9,3.4,4.9
00-0033110,Tyler Higbee,TE,LA,NO,9,7.3,8.8,10.3
00-0033110,Tyler Higbee,TE,LA,SF,10,3.3,4.8,6.3
00-0033110,Tyler Higbee,TE,LA,SEA,11,2.3,2.8,3.3
00-0033110,Tyler Higbee,TE,LA,ARI,18,15.1,17.6,20.1
00-0035993,Tyler Huntley,QB,BAL,LA,6,6.6,6.6,6.6
00-0035993,Tyler Huntley,QB,BAL,CHI,8,16.7,16.7,16.7
00-0035993,Tyler Huntley,QB,BAL,CIN,15,-0.3,-0.3,-0.3
00-0035993,Tyler Huntley,QB,BAL,NE,16,2.8,2.8,2.8
00-0035993,Tyler Huntley,QB,BAL,GB,17,14.3,14.3,14.3
00-0036427,Tyler Johnson,WR,NYJ,PIT,1,3.1,4.1,5.1
00-0036427,Tyler Johnson,WR,NYJ,BUF,2,0.0,0.0,0.0
00-0036427,Tyler Johnson,WR,NYJ,TB,3,3.2,4.2,5.2
00-0036427,Tyler Johnson,WR,NYJ,DEN,6,0.0,0.0,0.0
00-0036427,Tyler Johnson,WR,NYJ,CAR,7,6.0,7.5,9.0
00-0036427,Tyler Johnson,WR,NYJ,CIN,8,12.4,13.9,15.4
00-0036427,Tyler Johnson,WR,NYJ,CLE,10,0.0,0.0,0.0
00-0036427,Tyler Johnson,WR,NYJ,NO,16,0.7,1.2,1.7
00-0036427,Tyler Johnson,WR,NYJ,NE,17,0.3,0.8,1.3
00-0032211,Tyler Lockett,WR,TEN,DEN,1,0.0,0.0,0.0
00-0032211,Tyler Lockett,WR,TEN,LA,2,0.9,1.9,2.9
00-0032211,Tyler Lockett,WR,TEN,IND,3,3.7,5.7,7.7
00-0032211,Tyler Lockett,WR,TEN,HOU,4,0.0,0.0,0.0
00-0032211,Tyler Lockett,WR,TEN,ARI,5,0.6,1.1,1.6
00-0032211,Tyler Lockett,WR,TEN,LV,6,0.0,0.5,1.0
00-0032211,Tyler Lockett,WR,TEN,NE,7,1.8,2.8,3.8
00-0032211,Tyler Lockett,WR,LV,JAX,9,0.0,0.0,0.0
00-0032211,Tyler Lockett,WR,LV,DEN,10,4.4,6.9,9.4
00-0032211,Tyler Lockett,WR,LV,DAL,11,3.3,4.8,6.3
00-0032211,Tyler Lockett,WR,LV,CLE,12,6.2,8.2,10.2
00-0032211,Tyler Lockett,WR,LV,LAC,13,1.1,1.6,2.1
00-0032211,Tyler Lockett,WR,LV,DEN,14,4.1,5.6,7.1
00-0032211,Tyler Lockett,WR,LV,PHI,15,1.0,2.0,3.0
00-0032211,Tyler Lockett,WR,LV,HOU,16,0.6,1.1,1.6
00-0032211,Tyler Lockett,WR,LV,NYG,17,6.9,7.9,8.9
00-0032211,Tyler Lockett,WR,LV,KC,18,0.5,1.0,1.5
00-0040074,Tyler Loop,K,BAL,BUF,1,12.0,12.0,12.0
00-0040074,Tyler Loop,K,BAL,CLE,2,12.0,12.0,12.0
00-0040074,Tyler Loop,K,BAL,DET,3,7.0,7.0,7.0
00-0040074,Tyler Loop,K,BAL,KC,4,9.0,9.0,9.0
00-0040074,Tyler Loop,K,BAL,HOU,5,3.0,3.0,3.0
00-0040074,Tyler Loop,K,BAL,LA,6,3.0,3.0,3.0
00-0040074,Tyler Loop,K,BAL,CHI,8,13.0,13.0,13.0
00-0040074,Tyler Loop,K,BAL,MIA,9,4.0,4.0,4.0
00-0040074,Tyler Loop,K,BAL,MIN,10,13.0,13.0,13.0
00-0040074,Tyler Loop,K,BAL,CLE,11,12.0,12.0,12.0
00-0040074,Tyler Loop,K,BAL,NYJ,12,11.0,11.0,11.0
00-0040074,Tyler Loop,K,BAL,CIN,13,2.0,2.0,2.0
00-0040074,Tyler Loop,K,BAL,PIT,14,9.0,9.0,9.0
00-0040074,Tyler Loop,K,BAL,CIN,15,6.0,6.0,6.0
00-0040074,Tyler Loop,K,BAL,NE,16,5.0,5.0,5.0
00-0040074,Tyler Loop,K,BAL,GB,17,11.0,11.0,11.0
00-0040074,Tyler Loop,K,BAL,PIT,18,6.0,6.0,6.0
00-0040743,Tyler Shough,QB,NO,SEA,3,0.0,0.0,0.0
00-0040743,Tyler Shough,QB,NO,TB,8,4.3,4.3,4.3
00-0040743,Tyler Shough,QB,NO,LA,9,9.2,9.2,9.2
00-0040743,Tyler Shough,QB,NO,CAR,10,19.0,19.0,19.0
00-0040743,Tyler Shough,QB,NO,ATL,12,7.9,7.9,7.9
00-0040743,Tyler Shough,QB,NO,MIA,13,17.4,17.4,17.4
00-0040743,Tyler Shough,QB,NO,TB,14,21.3,21.3,21.3
00-0040743,Tyler Shough,QB,NO,CAR,15,18.1,18.1,18.1
00-0040743,Tyler Shough,QB,NO,NYJ,16,17.1,17.1,17.1
00-0040743,Tyler Shough,QB,NO,TEN,17,21.9,21.9,21.9
00-0040743,Tyler Shough,QB,NO,ATL,18,21.8,21.8,21.8
00-0040128,Tyler Warren,TE,IND,MIA,1,7.9,11.4,14.9
00-0040128,Tyler Warren,TE,IND,DEN,2,7.9,9.9,11.9
00-0040128,Tyler Warren,TE,IND,TEN,3,3.8,5.3,6.8
00-0040128,Tyler Warren,TE,IND,LA,4,13.3,15.8,18.3
00-0040128,Tyler Warren,TE,IND,LV,5,10.4,12.4,14.4
00-0040128,Tyler Warren,TE,IND,ARI,6,12.3,15.3,18.3
00-0040128,Tyler Warren,TE,IND,LAC,7,12.9,14.9,16.9
00-0040128,Tyler Warren,TE,IND,TEN,8,5.3,7.3,9.3
00-0040128,Tyler Warren,TE,IND,PIT,9,2.6,5.1,7.6
00-0040128,Tyler Warren,TE,IND,ATL,10,9.9,13.9,17.9
00-0040128,Tyler Warren,TE,IND,KC,12,4.5,7.0,9.5
00-0040128,Tyler Warren,TE,IND,HOU,13,8.2,9.7,11.2
00-0040128,Tyler Warren,TE,IND,JAX,14,1.7,2.7,3.7
00-0040128,Tyler Warren,TE,IND,SEA,15,1.9,3.4,4.9
00-0040128,Tyler Warren,TE,IND,SF,16,3.0,4.5,6.0
00-0040128,Tyler Warren,TE,IND,JAX,17,4.3,6.8,9.3
00-0040128,Tyler Warren,TE,IND,HOU,18,2.6,5.1,7.6
00-0038104,Tyquan Thornton,WR,KC,LAC,1,4.1,5.1,6.1
00-0038104,Tyquan Thornton,WR,KC,PHI,2,11.9,12.9,13.9
00-0038104,Tyquan Thornton,WR,KC,NYG,3,13.1,15.6,18.1
00-0038104,Tyquan Thornton,WR,KC,BAL,4,7.1,7.6,8.1
00-0038104,Tyquan Thornton,WR,KC,JAX,5,9.0,10.5,12.0
00-0038104,Tyquan Thornton,WR,KC,LV,7,3.9,4.4,4.9
00-0038104,Tyquan Thornton,WR,KC,BUF,9,0.0,0.0,0.0
00-0038104,Tyquan Thornton,WR,KC,DEN,11,6.1,6.6,7.1
00-0038104,Tyquan Thornton,WR,KC,IND,12,0.0,0.0,0.0
00-0038104,Tyquan Thornton,WR,KC,DAL,13,0.0,0.0,0.0
00-0038104,Tyquan Thornton,WR,KC,HOU,14,1.9,2.9,3.9
00-0038104,Tyquan Thornton,WR,KC,LAC,15,4.7,5.7,6.7
00-0033040,Tyreek Hill,WR,MIA,IND,1,4.0,6.0,8.0
00-0033040,Tyreek Hill,WR,MIA,NE,2,10.9,13.9,16.9
00-0033040,Tyreek Hill,WR,MIA,BUF,3,10.9,13.4,15.9
00-0033040,Tyreek Hill,WR,MIA,NYJ,4,6.7,9.7,12.7
00-0038679,Tyrell Shavers,WR,BUF,NYJ,2,0.0,0.0,0.0
00-0038679,Tyrell Shavers,WR,BUF,MIA,3,2.4,3.4,4.4
00-0038679,Tyrell Shavers,WR,BUF,NO,4,0.0,0.0,0.0
00-0038679,Tyrell Shavers,WR,BUF,NE,5,0.0,0.0,0.0
00-0038679,Tyrell Shavers,WR,BUF,ATL,6,2.7,4.2,5.7
00-0038679,Tyrell Shavers,WR,BUF,KC,9,0.7,1.2,1.7
00-0038679,Tyrell Shavers,WR,BUF,MIA,10,2.4,2.9,3.4
00-0038679,Tyrell Shavers,WR,BUF,TB,11,15.0,17.0,19.0
00-0038679,Tyrell Shavers,WR,BUF,CIN,14,1.6,2.1,2.6
00-0038679,Tyrell Shavers,WR,BUF,CLE,16,2.1,2.6,3.1
00-0038679,Tyrell Shavers,WR,BUF,PHI,17,3.6,4.6,5.6
00-0028118,Tyrod Taylor,QB,NYJ,BUF,2,8.3,8.3,8.3
00-0028118,Tyrod Taylor,QB,NYJ,TB,3,16.7,16.7,16.7
00-0028118,Tyrod Taylor,QB,NYJ,CAR,7,2.1,2.1,2.1
00-0028118,Tyrod Taylor,QB,NYJ,BAL,12,12.8,12.8,12.8
00-0028118,Tyrod Taylor,QB,NYJ,ATL,13,21.3,21.3,21.3
00-0028118,Tyrod Taylor,QB,NYJ,MIA,14,-1.8,-1.8,-1.8
00-0039384,Tyrone Tracy Jr.,RB,NYG,WAS,1,3.5,4.5,5.5
00-0039384,Tyrone Tracy Jr.,RB,NYG,DAL,2,5.1,7.1,9.1
00-0039384,Tyrone Tracy Jr.,RB,NYG,KC,3,3.6,4.6,5.6
00-0039384,Tyrone Tracy Jr.,RB,NYG,PHI,6,0.6,0.6,0.6
00-0039384,Tyrone Tracy Jr.,RB,NYG,DEN,7,10.6,10.6,10.6
00-0039384,Tyrone Tracy Jr.,RB,NYG,PHI,8,5.3,6.3,7.3
00-0039384,Tyrone Tracy Jr.,RB,NYG,SF,9,3.7,5.2,6.7
00-0039384,Tyrone Tracy Jr.,RB,NYG,CHI,10,7.1,7.6,8.1
00-0039384,Tyrone Tracy Jr.,RB,NYG,GB,11,13.9,15.9,17.9
00-0039384,Tyrone Tracy Jr.,RB,NYG,DET,12,13.0,14.5,16.0
00-0039384,Tyrone Tracy Jr.,RB,NYG,NE,13,3.3,3.8,4.3
00-0039384,Tyrone Tracy Jr.,RB,NYG,WAS,15,21.7,23.2,24.7
00-0039384,Tyrone Tracy Jr.,RB,NYG,MIN,16,7.8,8.8,9.8
00-0039384,Tyrone Tracy Jr.,RB,NYG,LV,17,5.7,6.2,6.7
00-0039384,Tyrone Tracy Jr.,RB,NYG,DAL,18,19.9,23.9,27.9
00-0038416,Tyson Bagent,QB,CHI,DET,2,1.8,1.8,1.8
00-0038416,Tyson Bagent,QB,CHI,CIN,9,0.8,0.8,0.8
00-0040476,Ulysses Bentley IV,RB,IND,MIA,1,0.0,0.0,0.0
00-0036415,Van Jefferson,WR,TEN,LA,2,1.0,2.0,3.0
00-0036415,Van Jefferson,WR,TEN,IND,3,0.8,1.3,1.8
00-0036415,Van Jefferson,WR,TEN,HOU,4,0.6,1.1,1.6
00-0036415,Van Jefferson,WR,TEN,LV,6,7.5,9.5,11.5
00-0036415,Van Jefferson,WR,TEN,NE,7,4.1,6.1,8.1
00-0036415,Van Jefferson,WR,TEN,IND,8,0.6,1.1,1.6
00-0036415,Van Jefferson,WR,TEN,LAC,9,2.1,2.6,3.1
00-0036415,Van Jefferson,WR,TEN,HOU,11,8.2,9.7,11.2
00-0036415,Van Jefferson,WR,TEN,SEA,12,1.1,1.6,2.1
00-0036415,Van Jefferson,WR,TEN,JAX,13,2.0,3.5,5.0
00-0036415,Van Jefferson,WR,TEN,CLE,14,1.7,2.7,3.7
00-0036415,Van Jefferson,WR,TEN,SF,15,4.3,4.8,5.3
00-0036415,Van Jefferson,WR,TEN,KC,16,2.4,3.4,4.4
00-0036415,Van Jefferson,WR,TEN,NO,17,4.6,6.1,7.6
00-0037745,Velus Jones Jr.,WR,NO,ARI,1,0.0,0.0,0.0
00-0037745,Velus Jones Jr.,WR,NO,SEA,3,0.0,0.0,0.0
00-0037745,Velus Jones Jr.,WR,NO,BUF,4,0.0,0.0,0.0
00-0037745,Velus Jones Jr.,WR,NO,NYG,5,0.0,0.0,0.0
00-0037745,Velus Jones Jr.,WR,SEA,ATL,14,3.2,3.2,3.2
00-0038117,Wan'Dale Robinson,WR,NYG,WAS,1,5.5,8.5,11.5
00-0038117,Wan'Dale Robinson,WR,NYG,DAL,2,20.2,24.2,28.2
00-0038117,Wan'Dale Robinson,WR,NYG,KC,3,2.6,3.1,3.6
00-0038117,Wan'Dale Robinson,WR,NYG,LAC,4,1.4,2.9,4.4
00-0038117,Wan'Dale Robinson,WR,NYG,NO,5,3.2,5.7,8.2
00-0038117,Wan'Dale Robinson,WR,NYG,PHI,6,14.4,17.4,20.4
00-0038117,Wan'Dale Robinson,WR,NYG,DEN,7,9.5,12.5,15.5
00-0038117,Wan'Dale Robinson,WR,NYG,PHI,8,4.8,6.3,7.8
00-0038117,Wan'Dale Robinson,WR,NYG,SF,9,4.6,9.1,13.6
00-0038117,Wan'Dale Robinson,WR,NYG,CHI,10,6.2,9.2,12.2
00-0038117,Wan'Dale Robinson,WR,NYG,GB,11,3.6,5.6,7.6
00-0038117,Wan'Dale Robinson,WR,NYG,DET,12,21.6,26.1,30.6
00-0038117,Wan'Dale Robinson,WR,NYG,NE,13,3.4,6.9,10.4
00-0038117,Wan'Dale Robinson,WR,NYG,WAS,15,11.4,13.9,16.4
00-0038117,Wan'Dale Robinson,WR,NYG,MIN,16,2.2,3.7,5.2
00-0038117,Wan'Dale Robinson,WR,NYG,LV,17,11.3,16.8,22.3
00-0032569,Wil Lutz,K,DEN,TEN,1,8.0,8.0,8.0
00-0032569,Wil Lutz,K,DEN,IND,2,3.0,3.0,3.0
00-0032569,Wil Lutz,K,DEN,LAC,3,9.0,9.0,9.0
00-0032569,Wil Lutz,K,DEN,CIN,4,4.0,4.0,4.0
00-0032569,Wil Lutz,K,DEN,PHI,5,9.0,9.0,9.0
00-0032569,Wil Lutz,K,DEN,NYJ,6,9.0,9.0,9.0
00-0032569,Wil Lutz,K,DEN,NYG,7,5.0,5.0,5.0
00-0032569,Wil Lutz,K,DEN,DAL,8,9.0,9.0,9.0
00-0032569,Wil Lutz,K,DEN,HOU,9,3.0,3.0,3.0
00-0032569,Wil Lutz,K,DEN,LV,10,3.0,3.0,3.0
00-0032569,Wil Lutz,K,DEN,KC,11,18.0,18.0,18.0
00-0032569,Wil Lutz,K,DEN,WAS,13,9.0,9.0,9.0
00-0032569,Wil Lutz,K,DEN,LV,14,6.0,6.0,6.0
00-0032569,Wil Lutz,K,DEN,GB,15,4.0,4.0,4.0
00-0032569,Wil Lutz,K,DEN,JAX,16,9.0,9.0,9.0
00-0032569,Wil Lutz,K,DEN,KC,17,8.0,8.0,8.0
00-0032569,Wil Lutz,K,DEN,LAC,18,14.0,14.0,14.0
00-0034159,Will Dissly,TE,LAC,KC,1,1.8,2.3,2.8
00-0034159,Will Dissly,TE,LAC,LV,2,0.7,1.2,1.7
00-0034159,Will Dissly,TE,LAC,MIA,6,1.8,2.8,3.8
00-0034159,Will Dissly,TE,LAC,IND,7,0.0,0.0,0.0
00-0034159,Will Dissly,TE,LAC,PHI,14,0.1,0.6,1.1
00-0034159,Will Dissly,TE,LAC,DAL,16,2.8,4.3,5.8
00-0034159,Will Dissly,TE,LAC,HOU,17,1.9,2.9,3.9
00-0034159,Will Dissly,TE,LAC,DEN,18,0.6,1.1,1.6
00-0038394,Will Mallory,TE,IND,JAX,17,1.6,2.1,2.6
00-0039404,Will Reichard,K,MIN,CHI,1,9.0,9.0,9.0
00-0039404,Will Reichard,K,MIN,ATL,2,8.0,8.0,8.0
00-0039404,Will Reichard,K,MIN,CIN,3,14.0,14.0,14.0
00-0039404,Will Reichard,K,MIN,PIT,4,8.0,8.0,8.0
00-0039404,Will Reichard,K,MIN,CLE,5,2.0,2.0,2.0
00-0039404,Will Reichard,K,MIN,PHI,7,18.0,18.0,18.0
00-0039404,Will Reichard,K,MIN,LAC,8,5.0,5.0,5.0
00-0039404,Will Reichard,K,MIN,DET,9,11.0,11.0,11.0
00-0039404,Will Reichard,K,MIN,BAL,10,9.0,9.0,9.0
00-0039404,Will Reichard,K,MIN,CHI,11,5.0,5.0,5.0
00-0039404,Will Reichard,K,MIN,GB,12,10.0,10.0,10.0
00-0039404,Will Reichard,K,MIN,SEA,13,0.0,0.0,0.0
00-0039404,Will Reichard,K,MIN,WAS,14,8.0,8.0,8.0
00-0039404,Will Reichard,K,MIN,DAL,15,12.0,12.0,12.0
00-0039404,Will Reichard,K,MIN,NYG,16,11.0,11.0,11.0
00-0039404,Will Reichard,K,MIN,DET,17,16.0,16.0,16.0
00-0039404,Will Reichard,K,MIN,GB,18,11.0,11.0,11.0
00-0039746,Will Shipley,RB,PHI,DAL,1,2.6,2.6,2.6
00-0039746,Will Shipley,RB,PHI,TB,4,0.0,0.0,0.0
00-0039746,Will Shipley,RB,PHI,DEN,5,0.4,0.9,1.4
00-0039746,Will Shipley,RB,PHI,NYG,6,0.0,0.0,0.0
00-0039746,Will Shipley,RB,PHI,MIN,7,0.7,1.2,1.7
00-0039746,Will Shipley,RB,PHI,NYG,8,0.2,0.2,0.2
00-0039746,Will Shipley,RB,PHI,GB,10,3.4,4.4,5.4
00-0039746,Will Shipley,RB,PHI,DAL,12,0.0,0.0,0.0
00-0039746,Will Shipley,RB,PHI,CHI,13,1.1,1.6,2.1
00-0039746,Will Shipley,RB,PHI,LAC,14,0.3,0.8,1.3
00-0039746,Will Shipley,RB,PHI,LV,15,0.0,0.0,0.0
00-0039746,Will Shipley,RB,PHI,WAS,16,0.3,0.8,1.3
00-0039746,Will Shipley,RB,PHI,BUF,17,0.2,0.2,0.2
00-0039746,Will Shipley,RB,PHI,WAS,18,1.3,2.3,3.3
00-0040583,Woody Marks,RB,HOU,LA,1,0.3,0.3,0.3
00-0040583,Woody Marks,RB,HOU,TB,2,5.1,5.6,6.1
00-0040583,Woody Marks,RB,HOU,JAX,3,3.6,4.1,4.6
00-0040583,Woody Marks,RB,HOU,TEN,4,23.9,25.9,27.9
00-0040583,Woody Marks,RB,HOU,BAL,5,2.4,2.4,2.4
00-0040583,Woody Marks,RB,HOU,SEA,7,9.5,11.0,12.5
00-0040583,Woody Marks,RB,HOU,SF,8,11.1,13.1,15.1
00-0040583,Woody Marks,RB,HOU,DEN,9,2.7,2.7,2.7
00-0040583,Woody Marks,RB,HOU,JAX,10,14.1,15.1,16.1
00-0040583,Woody Marks,RB,HOU,TEN,11,5.1,5.6,6.1
00-0040583,Woody Marks,RB,HOU,BUF,12,6.9,7.4,7.9
00-0040583,Woody Marks,RB,HOU,IND,13,6.7,7.2,7.7
00-0040583,Woody Marks,RB,HOU,KC,14,13.6,14.6,15.6
00-0040583,Woody Marks,RB,HOU,ARI,15,3.8,4.3,4.8
00-0040583,Woody Marks,RB,HOU,LAC,17,7.5,8.0,8.5
00-0040583,Woody Marks,RB,HOU,IND,18,4.8,5.8,6.8
00-0038496,Xavier Gipson,WR,NYJ,PIT,1,0.0,0.0,0.0
00-0038496,Xavier Gipson,WR,PHI,MIN,7,0.0,0.0,0.0
00-0038496,Xavier Gipson,WR,PHI,NYG,8,0.3,0.8,1.3
00-0038496,Xavier Gipson,WR,PHI,GB,10,0.0,0.0,0.0
00-0038496,Xavier Gipson,WR,PHI,DET,11,0.0,0.0,0.0
00-0038496,Xavier Gipson,WR,PHI,DAL,12,0.3,0.8,1.3
00-0038618,Xavier Hutchinson,WR,HOU,LA,1,3.5,4.5,5.5
00-0038618,Xavier Hutchinson,WR,HOU,TB,2,2.9,3.9,4.9
00-0038618,Xavier Hutchinson,WR,HOU,JAX,3,1.6,3.1,4.6
00-0038618,Xavier Hutchinson,WR,HOU,TEN,4,1.7,2.7,3.7
00-0038618,Xavier Hutchinson,WR,HOU,BAL,5,13.8,15.3,16.8
00-0038618,Xavier Hutchinson,WR,HOU,SEA,7,1.3,1.8,2.3
00-0038618,Xavier Hutchinson,WR,HOU,SF,8,12.9,15.4,17.9
00-0038618,Xavier Hutchinson,WR,HOU,DEN,9,3.0,4.5,6.0
00-0038618,Xavier Hutchinson,WR,HOU,TEN,11,4.2,5.7,7.2
00-0038618,Xavier Hutchinson,WR,HOU,BUF,12,0.9,0.9,0.9
00-0038618,Xavier Hutchinson,WR,HOU,IND,13,3.9,4.9,5.9
00-0038618,Xavier Hutchinson,WR,HOU,KC,14,0.0,0.0,0.0
00-0038618,Xavier Hutchinson,WR,HOU,ARI,15,1.6,2.1,2.6
00-0038618,Xavier Hutchinson,WR,HOU,LV,16,0.4,0.9,1.4
00-0038618,Xavier Hutchinson,WR,HOU,LAC,17,2.9,3.9,4.9
00-0038618,Xavier Hutchinson,WR,HOU,IND,18,8.4,10.9,13.4
00-0039342,Xavier Legette,WR,CAR,JAX,1,1.0,2.5,4.0
00-0039342,Xavier Legette,WR,CAR,ARI,2,-0.2,0.3,0.8
00-0039342,Xavier Legette,WR,CAR,MIA,5,9.1,10.1,11.1
00-0039342,Xavier Legette,WR,CAR,DAL,6,1.1,2.1,3.1
00-0039342,Xavier Legette,WR,CAR,NYJ,7,15.2,19.7,24.2
00-0039342,Xavier Legette,WR,CAR,BUF,8,1.7,2.7,3.7
00-0039342,Xavier Legette,WR,CAR,GB,9,2.2,2.7,3.2
00-0039342,Xavier Legette,WR,CAR,NO,10,0.0,0.0,0.0
00-0039342,Xavier Legette,WR,CAR,ATL,11,14.3,16.3,18.3
00-0039342,Xavier Legette,WR,CAR,SF,12,2.2,3.7,5.2
00-0039342,Xavier Legette,WR,CAR,LA,13,0.1,0.6,1.1
00-0039342,Xavier Legette,WR,CAR,NO,15,3.9,4.9,5.9
00-0039342,Xavier Legette,WR,CAR,TB,16,1.2,1.7,2.2
00-0039342,Xavier Legette,WR,CAR,SEA,17,0.3,0.8,1.3
00-0039342,Xavier Legette,WR,CAR,TB,18,2.2,3.7,5.2
00-0040522,Xavier Restrepo,WR,TEN,SEA,12,2.6,3.6,4.6
00-0040522,Xavier Restrepo,WR,TEN,JAX,13,1.5,2.0,2.5
00-0038359,Xavier Smith,WR,LA,HOU,1,3.6,4.1,4.6
00-0038359,Xavier Smith,WR,LA,TEN,2,0.0,0.0,0.0
00-0038359,Xavier Smith,WR,LA,PHI,3,0.0,0.0,0.0
00-0038359,Xavier Smith,WR,LA,IND,4,0.0,0.0,0.0
00-0038359,Xavier Smith,WR,LA,SF,5,0.0,0.0,0.0
00-0038359,Xavier Smith,WR,LA,BAL,6,0.0,0.0,0.0
00-0038359,Xavier Smith,WR,LA,JAX,7,1.5,2.5,3.5
00-0038359,Xavier Smith,WR,LA,NO,9,1.2,2.2,3.2
00-0038359,Xavier Smith,WR,LA,SF,10,1.4,1.9,2.4
00-0038359,Xavier Smith,WR,LA,SEA,11,0.8,1.3,1.8
00-0038359,Xavier Smith,WR,LA,CAR,13,8.2,9.7,11.2
00-0038359,Xavier Smith,WR,LA,ARI,14,0.6,1.1,1.6
00-0038359,Xavier Smith,WR,LA,DET,15,0.0,0.0,0.0
00-0038359,Xavier Smith,WR,LA,SEA,16,5.7,6.7,7.7
00-0038359,Xavier Smith,WR,LA,ATL,17,6.7,8.7,10.7
00-0038359,Xavier Smith,WR,LA,ARI,18,0.6,1.1,1.6
00-0039521,Xavier Weaver,WR,ARI,SEA,4,0.0,0.0,0.0
00-0039521,Xavier Weaver,WR,ARI,GB,7,0.0,0.0,0.0
00-0039521,Xavier Weaver,WR,ARI,SF,11,1.5,2.5,3.5
00-0039521,Xavier Weaver,WR,ARI,JAX,12,0.9,1.4,1.9
00-0039521,Xavier Weaver,WR,ARI,TB,13,0.0,0.0,0.0
00-0039521,Xavier Weaver,WR,ARI,ATL,16,1.9,2.9,3.9
00-0039521,Xavier Weaver,WR,ARI,CIN,17,2.4,3.4,4.4
00-0039894,Xavier Worthy,WR,KC,LAC,1,0.0,0.0,0.0
00-0039894,Xavier Worthy,WR,KC,BAL,4,12.1,14.6,17.1
00-0039894,Xavier Worthy,WR,KC,JAX,5,5.1,8.1,11.1
00-0039894,Xavier Worthy,WR,KC,DET,6,8.6,9.6,10.6
00-0039894,Xavier Worthy,WR,KC,LV,7,4.8,6.3,7.8
00-0039894,Xavier Worthy,WR,KC,WAS,8,5.3,7.8,10.3
00-0039894,Xavier Worthy,WR,KC,BUF,9,3.0,4.5,6.0
00-0039894,Xavier Worthy,WR,KC,DEN,11,2.5,4.0,5.5
00-0039894,Xavier Worthy,WR,KC,IND,12,5.9,7.9,9.9
00-0039894,Xavier Worthy,WR,KC,DAL,13,7.4,9.4,11.4
00-0039894,Xavier Worthy,WR,KC,HOU,14,5.5,7.0,8.5
00-0039894,Xavier Worthy,WR,KC,LAC,15,3.5,4.5,5.5
00-0039894,Xavier Worthy,WR,KC,TEN,16,4.1,5.1,6.1
00-0039894,Xavier Worthy,WR,KC,DEN,17,0.1,0.1,0.1
00-0033702,Younghoe Koo,K,ATL,TB,1,8.0,8.0,8.0
00-0033702,Younghoe Koo,K,NYG,CHI,10,8.0,8.0,8.0
00-0033702,Younghoe Koo,K,NYG,GB,11,1.0,1.0,1.0
00-0033702,Younghoe Koo,K,NYG,DET,12,10.0,10.0,10.0
00-0033702,Younghoe Koo,K,NYG,NE,13,1.0,1.0,1.0
00-0033702,Younghoe Koo,K,NYG,WAS,15,1.0,1.0,1.0
00-0039165,Zach Charbonnet,RB,SEA,SF,1,10.7,10.7,10.7
00-0039165,Zach Charbonnet,RB,SEA,PIT,2,1.0,1.0,1.0
00-0039165,Zach Charbonnet,RB,SEA,ARI,4,10.4,11.4,12.4
00-0039165,Zach Charbonnet,RB,SEA,TB,5,10.8,11.3,11.8
00-0039165,Zach Charbonnet,RB,SEA,JAX,6,3.7,4.2,4.7
00-0039165,Zach Charbonnet,RB,SEA,HOU,7,17.5,18.5,19.5
00-0039165,Zach Charbonnet,RB,SEA,WAS,9,4.6,5.1,5.6
00-0039165,Zach Charbonnet,RB,SEA,ARI,10,14.3,14.3,14.3
00-0039165,Zach Charbonnet,RB,SEA,LA,11,4.7,5.7,6.7
00-0039165,Zach Charbonnet,RB,SEA,TEN,12,9.5,9.5,9.5
00-0039165,Zach Charbonnet,RB,SEA,MIN,13,11.2,11.2,11.2
00-0039165,Zach Charbonnet,RB,SEA,ATL,14,6.6,7.6,8.6
00-0039165,Zach Charbonnet,RB,SEA,IND,15,3.1,3.1,3.1
00-0039165,Zach Charbonnet,RB,SEA,LA,16,13.4,15.4,17.4
00-0039165,Zach Charbonnet,RB,SEA,CAR,17,24.2,25.2,26.2
00-0039165,Zach Charbonnet,RB,SEA,SF,18,15.7,17.2,18.7
00-0030061,Zach Ertz,TE,WAS,NYG,1,8.6,10.1,11.6
00-0030061,Zach Ertz,TE,WAS,GB,2,12.4,15.4,18.4
00-0030061,Zach Ertz,TE,WAS,LV,3,3.8,5.3,6.8
00-0030061,Zach Ertz,TE,WAS,ATL,4,4.1,5.1,6.1
00-0030061,Zach Ertz,TE,WAS,LAC,5,0.0,0.0,0.0
00-0030061,Zach Ertz,TE,WAS,CHI,6,10.3,13.3,16.3
00-0030061,Zach Ertz,TE,WAS,DAL,7,9.7,11.2,12.7
00-0030061,Zach Ertz,TE,WAS,KC,8,1.6,3.6,5.6
00-0030061,Zach Ertz,TE,WAS,SEA,9,4.6,6.6,8.6
00-0030061,Zach Ertz,TE,WAS,DET,10,5.4,7.4,9.4
00-0030061,Zach Ertz,TE,WAS,MIA,11,4.2,6.2,8.2
00-0030061,Zach Ertz,TE,WAS,DEN,13,10.6,15.6,20.6
00-0030061,Zach Ertz,TE,WAS,MIN,14,1.1,1.6,2.1
00-0037013,Zach Wilson,QB,MIA,IND,1,1.6,1.6,1.6
00-0037013,Zach Wilson,QB,MIA,ATL,8,0.0,0.0,0.0
00-0037013,Zach Wilson,QB,MIA,NYJ,14,-0.2,-0.2,-0.2
00-0037013,Zach Wilson,QB,MIA,NE,18,0.0,0.0,0.0
00-0037340,Zaire Mitchell-Paden,TE,BAL,CLE,2,0.0,0.0,0.0
00-0037340,Zaire Mitchell-Paden,TE,BAL,HOU,5,0.3,0.8,1.3
00-0037340,Zaire Mitchell-Paden,TE,NO,CAR,10,1.4,1.9,2.4
00-0038040,Zamir White,RB,LV,NE,1,0.8,0.8,0.8
00-0038040,Zamir White,RB,LV,LAC,2,1.3,2.3,3.3
00-0038040,Zamir White,RB,LV,WAS,3,2.3,2.8,3.3
00-0038040,Zamir White,RB,LV,NYG,17,0.2,0.2,0.2
00-0038040,Zamir White,RB,LV,KC,18,1.0,1.5,2.0
00-0033862,Zane Gonzalez,K,ATL,IND,10,6.0,6.0,6.0
00-0033862,Zane Gonzalez,K,ATL,CAR,11,12.0,12.0,12.0
00-0033862,Zane Gonzalez,K,ATL,NO,12,15.0,15.0,15.0
00-0033862,Zane Gonzalez,K,ATL,NYJ,13,7.0,7.0,7.0
00-0033862,Zane Gonzalez,K,ATL,SEA,14,9.0,9.0,9.0
00-0033862,Zane Gonzalez,K,ATL,TB,15,6.0,6.0,6.0
00-0033862,Zane Gonzalez,K,ATL,ARI,16,10.0,10.0,10.0
00-0033862,Zane Gonzalez,K,ATL,LA,17,12.0,12.0,12.0
00-0033862,Zane Gonzalez,K,ATL,NO,18,16.0,16.0,16.0
00-0038440,Zavier Scott,RB,MIN,CIN,3,5.0,5.5,6.0
00-0038440,Zavier Scott,RB,MIN,PIT,4,10.4,13.4,16.4
00-0038440,Zavier Scott,RB,MIN,CLE,5,-0.2,-0.2,-0.2
00-0038440,Zavier Scott,RB,MIN,PHI,7,0.6,1.1,1.6
00-0038440,Zavier Scott,RB,MIN,LAC,8,2.4,3.4,4.4
00-0038440,Zavier Scott,RB,MIN,DET,9,0.0,0.0,0.0
00-0038440,Zavier Scott,RB,MIN,SEA,13,2.1,2.6,3.1
00-0038440,Zavier Scott,RB,MIN,WAS,14,2.0,2.5,3.0
00-0038440,Zavier Scott,RB,MIN,NYG,16,1.2,1.7,2.2
00-0038440,Zavier Scott,RB,MIN,DET,17,0.0,0.0,0.0
00-0038440,Zavier Scott,RB,MIN,GB,18,1.7,2.2,2.7
00-0039064,Zay Flowers,WR,BAL,BUF,1,21.1,24.6,28.1
00-0039064,Zay Flowers,WR,BAL,CLE,2,7.9,11.4,14.9
00-0039064,Zay Flowers,WR,BAL,DET,3,1.3,2.3,3.3
00-0039064,Zay Flowers,WR,BAL,KC,4,7.4,10.9,14.4
00-0039064,Zay Flowers,WR,BAL,HOU,5,7.2,9.7,12.2
00-0039064,Zay Flowers,WR,BAL,LA,6,2.6,5.6,8.6
00-0039064,Zay Flowers,WR,BAL,CHI,8,7.1,10.6,14.1
00-0039064,Zay Flowers,WR,BAL,MIA,9,6.4,8.9,11.4
00-0039064,Zay Flowers,WR,BAL,MIN,10,8.1,10.1,12.1
00-0039064,Zay Flowers,WR,BAL,CLE,11,8.3,9.8,11.3
00-0039064,Zay Flowers,WR,BAL,NYJ,12,6.9,9.4,11.9
00-0039064,Zay Flowers,WR,BAL,CIN,13,-1.4,-0.4,0.6
00-0039064,Zay Flowers,WR,BAL,PIT,14,12.6,16.6,20.6
00-0039064,Zay Flowers,WR,BAL,CIN,15,12.8,14.3,15.8
00-0039064,Zay Flowers,WR,BAL,NE,16,14.2,17.7,21.2
00-0039064,Zay Flowers,WR,BAL,GB,17,9.0,11.0,13.0
00-0039064,Zay Flowers,WR,BAL,PIT,18,25.8,27.8,29.8
00-0033891,Zay Jones,WR,ARI,NO,1,0.4,0.9,1.4
00-0033891,Zay Jones,WR,ARI,SF,3,2.5,3.5,4.5
00-0033891,Zay Jones,WR,ARI,TEN,5,0.8,1.8,2.8
00-0033891,Zay Jones,WR,ARI,IND,6,7.9,10.4,12.9
00-0033891,Zay Jones,WR,ARI,GB,7,6.7,7.7,8.7
00-0033891,Zay Jones,WR,ARI,SEA,10,0.0,0.0,0.0
