player_id,player,position,team,teams_played_for,games,fantasy_points_std,fantasy_points_half_ppr,fantasy_points_ppr,ppg_std,ppg_half_ppr,ppg_ppr,pos_rank_ppr,pos_rank_std,best_week_ppr,worst_week_ppr,stdev_ppr,boom_weeks,bust_weeks,completions,pass_attempts,passing_yards,passing_tds,interceptions,carries,rushing_yards,rushing_tds,targets,receptions,receiving_yards,receiving_tds,total_tds,fumbles_lost,target_share,air_yards_share,wopr,fg_made,fg_att,fg_made_50_plus,pat_made,age_next_season,years_exp,team_next_season,status_next_season,movement
00-0033280,Christian McCaffrey,RB,SF,SF,17,314.6,365.6,416.6,18.51,21.51,24.51,1,2,39.1,9.8,8.22,12,0,0,1,0,0,0,311,1202,10,129,102,924,7,17,0,0.234,0.078,0.405,0,0,0,0,30.2,9,SF,ACT,same team
00-0039075,Puka Nacua,WR,LA,LA,16,246.0,310.5,375.0,15.37,19.41,23.44,1,1,46.5,4.8,10.21,10,1,0,0,0,0,0,10,105,1,166,129,1715,10,11,1,0.301,0.319,0.675,0,0,0,0,25.3,3,LA,ACT,same team
00-0038542,Bijan Robinson,RB,ATL,ATL,17,291.8,331.3,370.8,17.16,19.49,21.81,2,3,39.9,5.8,10.26,9,0,0,0,0,0,0,287,1478,7,103,79,820,4,11,3,0.198,0.021,0.311,0,0,0,0,24.6,3,ATL,ACT,same team
00-0039139,Jahmyr Gibbs,RB,DET,DET,17,289.9,328.4,366.9,17.05,19.32,21.58,3,4,55.4,5.8,13.53,7,0,0,0,0,0,0,243,1223,13,94,77,616,5,18,1,0.162,0.015,0.253,0,0,0,0,24.5,3,DET,ACT,same team
00-0034857,Josh Allen,QB,BUF,BUF,16,364.6,364.6,364.6,22.79,22.79,22.79,1,1,42.7,6.9,10.4,9,0,319,460,3668,25,10,112,579,14,0,0,0,0,39,3,0.0,0.0,0.0,0,0,0,0,30.3,8,BUF,ACT,same team
00-0036223,Jonathan Taylor,RB,IND,IND,17,316.3,339.3,362.3,18.61,19.96,21.31,4,1,49.6,5.9,12.44,7,0,0,0,0,0,0,323,1585,18,55,46,378,2,20,1,0.11,-0.011,0.157,0,0,0,0,27.6,6,IND,ACT,same team
00-0038543,Jaxon Smith-Njigba,WR,SEA,SEA,17,240.9,300.4,359.9,14.17,17.67,21.17,2,2,37.1,4.3,7.48,10,1,0,0,0,0,0,7,36,0,163,119,1793,10,10,1,0.368,0.503,0.904,0,0,0,0,24.5,3,SEA,ACT,same team
00-0039851,Drake Maye,QB,NE,NE,17,351.0,351.5,352.0,20.64,20.67,20.7,2,2,32.4,12.1,5.39,9,0,354,492,4394,31,8,103,450,4,1,1,2,0,35,3,0.001,-0.001,0.001,0,0,0,0,24.0,2,NE,ACT,same team
00-0026498,Matthew Stafford,QB,LA,LA,17,350.4,350.4,350.4,20.61,20.61,20.61,3,3,30.9,9.3,6.98,10,0,388,597,4707,46,8,29,1,0,0,0,0,0,46,3,0.0,0.0,0.0,0,0,0,0,38.6,17,LA,ACT,same team
00-0036971,Trevor Lawrence,QB,JAX,JAX,17,338.2,338.2,338.2,19.89,19.89,19.89,4,4,44.3,7.8,8.79,7,0,341,560,4007,29,12,82,359,9,0,0,0,0,38,3,0.0,0.0,0.0,0,0,0,0,26.9,5,JAX,ACT,same team
00-0036963,Amon-Ra St. Brown,WR,DET,DET,17,207.0,265.5,324.0,12.18,15.62,19.06,3,3,41.4,0.0,10.93,7,1,0,0,0,0,0,3,9,0,172,117,1401,11,11,0,0.317,0.387,0.746,0,0,0,0,26.9,5,DET,ACT,same team
00-0039040,De'Von Achane,RB,MIA,MIA,16,255.8,289.3,322.8,15.99,18.08,20.17,5,7,40.5,12.8,7.02,5,0,0,0,0,0,0,238,1350,8,85,67,488,4,12,0,0.188,0.011,0.289,0,0,0,0,24.9,3,MIA,ACT,same team
00-0039918,Caleb Williams,QB,CHI,CHI,17,316.7,317.7,318.7,18.63,18.69,18.75,5,5,38.7,4.7,8.23,8,1,330,568,3942,27,7,77,388,3,2,2,22,1,31,1,0.003,-0.001,0.005,0,0,0,0,24.8,2,CHI,ACT,same team
00-0037744,Trey McBride,TE,ARI,ARI,17,189.9,252.9,315.9,11.17,14.88,18.58,1,1,37.4,6.7,8.37,7,0,0,0,0,0,0,0,0,0,169,126,1239,11,11,0,0.279,0.246,0.59,0,0,0,0,26.8,4,ARI,ACT,same team
00-0033077,Dak Prescott,QB,DAL,DAL,17,313.8,313.8,313.8,18.46,18.46,18.46,6,6,31.0,0.7,8.28,9,1,404,600,4552,30,10,53,177,2,0,0,0,0,32,2,0.0,0.0,0.0,0,0,0,0,33.1,10,DAL,ACT,same team
00-0036900,Ja'Marr Chase,WR,CIN,CIN,16,188.6,251.1,313.6,11.79,15.69,19.6,4,5,38.1,4.6,10.26,8,1,0,0,0,0,0,3,14,0,185,125,1412,8,8,1,0.321,0.366,0.737,0,0,0,0,26.5,5,CIN,ACT,same team
00-0039732,Bo Nix,QB,DEN,DEN,17,304.8,304.8,304.8,17.93,17.93,17.93,7,7,40.0,5.8,8.37,5,0,388,612,3931,25,11,83,356,5,1,0,0,0,30,2,0.002,0.0,0.003,0,0,0,0,26.5,2,DEN,ACT,same team
00-0037248,James Cook,RB,BUF,BUF,17,269.2,285.7,302.2,15.84,16.81,17.78,6,5,33.6,1.5,9.2,9,2,0,0,0,0,0,309,1621,12,40,33,291,2,14,3,0.082,0.006,0.127,0,0,0,0,26.9,4,BUF,ACT,same team
00-0036389,Jalen Hurts,QB,PHI,PHI,16,301.1,301.1,301.1,18.82,18.82,18.82,8,8,30.9,2.4,7.58,7,1,294,454,3224,25,6,105,421,8,0,0,0,0,33,4,0.0,0.0,0.0,0,0,0,0,28.1,6,PHI,ACT,same team
00-0033106,Jared Goff,QB,DET,DET,17,297.1,297.1,297.1,17.47,17.47,17.47,9,9,34.0,2.1,7.52,6,1,393,578,4564,34,8,19,45,0,0,0,0,0,34,5,0.0,0.0,0.0,0,0,0,0,31.9,10,DET,ACT,same team
00-0037247,George Pickens,WR,DAL,DAL,17,198.9,245.4,291.9,11.7,14.44,17.17,5,4,33.4,1.9,9.65,5,1,0,0,0,0,0,0,0,0,137,93,1429,9,9,0,0.225,0.322,0.563,0,0,0,0,25.5,4,DAL,ACT,same team
00-0036355,Justin Herbert,QB,LAC,LAC,16,286.9,286.9,286.9,17.93,17.93,17.93,10,10,30.2,3.3,7.74,5,1,340,512,3727,26,13,83,498,2,0,0,0,0,28,2,0.0,0.0,0.0,0,0,0,0,28.5,6,LAC,ACT,same team
00-0033873,Patrick Mahomes,QB,KC,KC,14,284.7,285.2,285.7,20.33,20.37,20.41,11,11,31.5,6.3,8.0,8,0,315,502,3587,22,11,64,422,5,1,1,-10,0,27,0,0.002,-0.002,0.002,0,0,0,0,31.0,9,KC,ACT,same team
00-0038597,Chase Brown,RB,CIN,CIN,17,213.6,248.1,282.6,12.56,14.59,16.62,7,10,32.9,6.0,7.35,3,0,0,0,0,0,0,232,1019,6,88,69,437,5,11,0,0.143,0.014,0.224,0,0,0,0,26.4,3,CIN,ACT,same team
00-0032764,Derrick Henry,RB,BAL,BAL,17,264.5,272.0,279.5,15.56,16.0,16.44,8,6,45.6,2.3,10.0,5,1,0,1,0,0,0,307,1595,16,21,15,150,0,16,3,0.049,0.002,0.075,0,0,0,0,32.7,10,BAL,ACT,same team
00-0034855,Baker Mayfield,QB,TB,TB,17,271.9,271.9,271.9,16.0,16.0,16.0,12,12,26.7,3.5,6.24,3,2,343,543,3693,26,11,55,382,1,0,0,0,0,27,3,0.0,0.0,0.0,0,0,0,0,31.4,8,TB,ACT,same team
00-0037239,Chris Olave,WR,NO,NO,16,168.0,218.0,268.0,10.5,13.62,16.75,6,6,36.8,6.0,7.91,5,0,0,1,0,0,1,1,-3,0,156,100,1163,9,9,0,0.292,0.41,0.725,0,0,0,0,26.2,4,NO,ACT,same team
00-0037840,Kyren Williams,RB,LA,LA,17,227.3,245.3,263.3,13.37,14.43,15.49,9,8,31.1,5.8,6.11,3,0,0,0,0,0,0,259,1252,10,50,36,281,3,13,2,0.081,0.021,0.136,0,0,0,0,26.0,4,LA,ACT,same team
00-0036973,Travis Etienne,RB,JAX,JAX,17,217.9,235.9,253.9,12.82,13.88,14.94,10,9,31.5,4.8,6.94,3,1,0,0,0,0,0,260,1107,7,52,36,292,6,13,0,0.098,-0.017,0.135,0,0,0,0,27.6,5,NO,ACT,new team
00-0040122,Ashton Jeanty,RB,LV,LV,17,190.1,217.6,245.1,11.18,12.8,14.42,11,15,33.5,4.4,8.69,3,1,0,0,0,0,0,266,975,5,73,55,346,5,10,1,0.148,-0.058,0.181,0,0,0,0,22.7,1,LV,ACT,same team
00-0039064,Zay Flowers,WR,BAL,BAL,17,157.3,200.3,243.3,9.25,11.78,14.31,7,8,29.8,0.6,7.48,4,2,0,0,0,0,0,10,62,1,118,86,1211,5,6,3,0.299,0.36,0.701,0,0,0,0,26.0,3,BAL,ACT,same team
00-0036997,Javonte Williams,RB,DAL,DAL,16,207.8,225.3,242.8,12.99,14.08,15.18,12,11,26.9,6.3,6.02,3,0,0,0,0,0,0,252,1201,11,51,35,137,2,13,2,0.086,-0.015,0.119,0,0,0,0,26.4,5,DAL,ACT,same team
00-0040691,Jaxson Dart,QB,NYG,NYG,14,241.6,241.6,241.6,17.26,17.26,17.26,13,13,28.4,-0.3,10.23,7,3,216,339,2272,15,5,86,487,9,0,0,0,0,24,2,0.0,0.0,0.0,0,0,0,0,23.3,1,NYG,ACT,same team
00-0035700,Josh Jacobs,RB,GB,GB,15,201.1,219.1,237.1,13.41,14.61,15.81,13,12,32.0,1.3,9.02,4,3,0,0,0,0,0,234,929,13,44,36,282,1,14,2,0.102,-0.04,0.124,0,0,0,0,28.6,7,GB,ACT,same team
00-0034869,Sam Darnold,QB,SEA,SEA,17,235.4,235.4,235.4,13.85,13.85,13.85,14,14,27.6,3.1,7.98,4,3,323,477,4048,25,14,35,95,0,0,0,0,0,25,6,0.0,0.0,0.0,0,0,0,0,29.2,8,SEA,ACT,same team
00-0036264,Jordan Love,QB,GB,GB,15,235.1,235.1,235.1,15.68,15.68,15.68,15,15,28.3,3.8,7.41,4,1,291,439,3381,23,6,47,199,0,0,0,0,0,23,2,0.0,0.0,0.0,0,0,0,0,27.8,6,GB,ACT,same team
00-0034844,Saquon Barkley,RB,PHI,PHI,16,195.3,213.8,232.3,12.21,13.36,14.52,14,13,33.4,5.2,7.19,2,0,0,0,0,0,0,280,1140,7,50,37,273,2,9,1,0.121,-0.007,0.176,0,0,0,0,29.6,8,PHI,ACT,same team
00-0036275,D'Andre Swift,RB,CHI,CHI,16,194.6,211.6,228.6,12.16,13.22,14.29,15,14,25.5,1.9,6.67,5,1,0,0,0,0,0,223,1087,9,48,34,299,1,10,2,0.094,-0.007,0.135,0,0,0,0,27.6,6,CHI,ACT,same team
00-0033119,Jacoby Brissett,QB,ARI,ARI,14,227.4,227.4,227.4,16.25,16.25,16.25,16,16,24.8,0.0,7.57,4,2,315,485,3366,23,8,38,168,1,0,0,0,0,24,4,0.0,0.0,0.0,0,0,0,0,33.7,10,ARI,ACT,same team
00-0023459,Aaron Rodgers,QB,PIT,PIT,16,226.1,226.6,227.1,14.13,14.16,14.19,17,18,25.7,2.7,6.24,3,1,327,498,3322,24,7,21,61,1,1,1,-9,0,25,1,0.002,-0.003,0.001,0,0,0,0,42.7,21,PIT,ACT,same team
00-0035710,Daniel Jones,QB,IND,IND,13,226.4,226.4,226.4,17.42,17.42,17.42,18,17,29.5,0.8,7.08,5,1,261,384,3101,19,8,45,164,5,0,0,0,0,24,3,0.0,0.0,0.0,0,0,0,0,29.3,7,IND,ACT,same team
00-0036554,Nico Collins,WR,HOU,HOU,15,155.2,190.7,226.2,10.35,12.71,15.08,8,9,24.2,5.5,6.5,5,0,0,0,0,0,0,2,15,1,120,71,1117,6,7,1,0.242,0.351,0.609,0,0,0,0,27.5,5,HOU,ACT,same team
00-0031381,Davante Adams,WR,LA,LA,14,162.9,192.9,222.9,11.64,13.78,15.92,9,7,26.5,6.9,6.84,5,0,0,0,0,0,0,0,0,0,114,60,789,14,14,0,0.251,0.357,0.627,0,0,0,0,33.7,12,LA,ACT,same team
00-0036919,Kenny Gainwell,RB,PIT,PIT,17,148.3,184.8,221.3,8.72,10.87,13.02,16,24,31.4,2.4,9.38,4,3,0,0,0,0,0,114,537,5,85,73,486,3,8,1,0.163,-0.014,0.234,0,0,0,0,27.5,5,TB,ACT,new team
00-0038559,Michael Wilson,WR,ARI,ARI,17,142.6,181.6,220.6,8.39,10.68,12.98,10,14,37.2,1.5,10.6,4,4,0,0,0,0,0,0,0,0,126,78,1006,7,7,0,0.192,0.312,0.507,0,0,0,0,26.5,3,ARI,ACT,same team
00-0035676,A.J. Brown,WR,PHI,PHI,15,142.3,181.3,220.3,9.49,12.09,14.69,11,15,35.2,1.8,9.75,4,3,0,0,0,0,0,0,0,0,121,78,1003,7,7,0,0.287,0.355,0.678,0,0,0,0,29.2,7,NE,ACT,new team
00-0037240,Jameson Williams,WR,DET,DET,17,154.9,187.4,219.9,9.11,11.02,12.94,12,10,26.9,0.0,8.96,3,3,0,0,0,0,0,6,12,0,102,65,1117,7,7,0,0.186,0.319,0.503,0,0,0,0,25.4,4,DET,ACT,same team
00-0034348,Courtland Sutton,WR,DEN,DEN,17,145.7,182.7,219.7,8.57,10.75,12.92,13,12,24.3,1.5,7.48,3,3,0,0,0,0,0,0,0,0,124,74,1017,7,7,0,0.211,0.344,0.557,0,0,0,0,30.9,8,DEN,ACT,same team
00-0039150,Bryce Young,QB,CAR,CAR,16,218.0,218.0,218.0,13.63,13.63,13.63,19,19,31.8,1.6,7.7,3,2,304,478,3011,23,11,54,216,2,0,0,0,0,25,4,0.0,0.0,0.0,0,0,0,0,25.1,3,CAR,ACT,same team
00-0038117,Wan'Dale Robinson,WR,NYG,NYG,16,125.9,171.9,217.9,7.87,10.74,13.62,14,22,30.6,3.6,8.19,4,2,0,0,0,0,0,3,5,0,140,92,1014,4,4,0,0.303,0.285,0.653,0,0,0,0,25.7,4,TEN,ACT,new team
00-0037228,Jaylen Warren,RB,PIT,PIT,16,177.1,197.1,217.1,11.07,12.32,13.57,17,17,29.1,6.4,5.62,1,0,0,0,0,0,0,211,958,6,45,40,333,2,8,0,0.096,-0.045,0.112,0,0,0,0,27.8,4,PIT,ACT,same team
00-0036139,Rico Dowdle,RB,CAR,CAR,17,177.3,196.8,216.3,10.43,11.58,12.72,18,16,33.9,2.9,9.8,3,4,0,0,0,0,0,236,1076,6,50,39,297,1,7,1,0.11,-0.032,0.143,0,0,0,0,28.2,6,PIT,ACT,new team
00-0034796,Lamar Jackson,QB,BAL,BAL,13,214.9,214.9,214.9,16.53,16.53,16.53,20,20,29.4,4.7,9.08,6,2,192,302,2549,21,7,67,349,2,0,0,0,0,23,3,0.0,0.0,0.0,0,0,0,0,29.6,8,BAL,ACT,same team
00-0040124,Tetairoa McMillan,WR,CAR,CAR,17,143.4,178.4,213.4,8.44,10.49,12.55,15,13,33.0,1.5,7.07,1,2,0,0,0,0,0,0,0,0,122,70,1014,7,7,1,0.257,0.459,0.708,0,0,0,0,23.4,1,CAR,ACT,same team
00-0036410,Tee Higgins,WR,CIN,CIN,15,152.6,182.1,211.6,10.17,12.14,14.11,16,11,33.1,2.5,8.23,3,1,0,0,0,0,0,0,0,0,98,59,846,11,11,0,0.183,0.33,0.505,0,0,0,0,27.6,6,CIN,ACT,same team
00-0036970,Kyle Pitts,TE,ATL,ATL,17,122.8,166.8,210.8,7.22,9.81,12.4,2,3,45.6,3.4,9.94,1,4,0,0,0,0,0,0,0,0,118,88,928,5,5,0,0.227,0.216,0.492,0,0,0,0,25.9,5,ATL,ACT,same team
00-0031588,Stefon Diggs,WR,NE,NE,17,125.3,167.8,210.3,7.37,9.87,12.37,17,24,24.6,4.0,6.81,3,1,0,0,0,0,0,0,0,0,102,85,1013,4,4,0,0.219,0.202,0.469,0,0,0,0,32.8,,,,not rostered
00-0039163,C.J. Stroud,QB,HOU,HOU,14,208.5,208.5,208.5,14.9,14.9,14.9,21,21,28.8,4.4,6.52,3,1,273,423,3041,19,8,48,209,1,0,0,0,0,20,0,0.0,0.0,0.0,0,0,0,0,24.9,3,HOU,ACT,same team
00-0038120,Breece Hall,RB,NYJ,NYJ,16,171.7,189.7,207.7,10.73,11.85,12.98,19,18,32.9,4.3,7.62,2,1,1,1,4,1,0,243,1065,4,48,36,350,1,6,2,0.106,-0.007,0.154,0,0,0,0,25.3,4,NYJ,ACT,same team
00-0040730,RJ Harvey,RB,DEN,DEN,17,159.6,183.1,206.6,9.39,10.77,12.15,20,22,24.1,3.4,7.66,4,4,0,1,0,0,0,146,540,7,58,47,356,5,12,1,0.102,-0.01,0.146,0,0,0,0,25.6,1,DEN,ACT,same team
00-0040734,TreVeyon Henderson,RB,NE,NE,17,171.2,188.7,206.2,10.07,11.1,12.13,21,19,32.3,0.5,9.6,3,4,0,0,0,0,0,180,911,9,42,35,221,1,10,1,0.084,-0.0,0.126,0,0,0,0,23.9,1,NE,ACT,same team
00-0036252,Michael Pittman,WR,IND,IND,17,122.4,162.4,202.4,7.2,9.55,11.91,18,26,23.5,2.3,7.49,4,5,0,0,0,0,0,0,0,0,111,80,784,7,7,0,0.206,0.21,0.457,0,0,0,0,28.9,6,PIT,ACT,new team
00-0037238,Drake London,WR,ATL,ATL,12,133.9,167.9,201.9,11.16,13.99,16.82,19,17,38.8,1.4,11.45,4,1,0,0,0,0,0,0,0,0,112,68,919,7,7,1,0.297,0.402,0.727,0,0,0,0,25.1,4,ATL,ACT,same team
00-0036912,DeVonta Smith,WR,PHI,PHI,17,124.8,163.3,201.8,7.34,9.61,11.87,20,25,33.3,1.8,7.8,2,4,0,0,0,0,0,0,0,0,113,77,1008,4,4,0,0.246,0.321,0.594,0,0,0,0,27.8,5,PHI,ACT,same team
00-0036322,Justin Jefferson,WR,MIN,MIN,17,117.5,159.5,201.5,6.91,9.38,11.85,21,30,22.6,2.4,5.79,1,3,0,0,0,0,0,2,7,0,141,84,1048,2,2,0,0.307,0.401,0.741,0,0,0,0,27.2,6,MIN,ACT,same team
00-0036358,CeeDee Lamb,WR,DAL,DAL,13,125.9,163.4,200.9,9.68,12.57,15.45,22,23,24.2,1.4,5.98,3,1,0,0,0,0,0,1,2,0,117,75,1077,3,3,0,0.251,0.335,0.611,0,0,0,0,27.4,6,DAL,ACT,same team
00-0040129,Emeka Egbuka,WR,TB,TB,17,132.7,164.2,195.7,7.81,9.66,11.51,23,18,31.3,1.8,8.42,4,3,0,0,0,0,0,2,9,0,127,63,938,6,6,0,0.236,0.353,0.601,0,0,0,0,23.9,1,TB,ACT,same team
00-0031492,Jason Myers,K,SEA,SEA,17,195.0,195.0,195.0,11.47,11.47,11.47,1,1,24.0,2.0,5.54,1,2,0,0,0,0,0,0,0,0,0,0,0,0,0,0,0.0,0.0,0.0,41,48,9,48,35.3,11,SEA,ACT,same team
00-0036613,Jaylen Waddle,WR,MIA,MIA,16,130.1,162.1,194.1,8.13,10.13,12.13,24,19,23.0,0.7,6.87,2,3,1,1,8,0,0,2,28,0,100,64,910,6,6,0,0.233,0.427,0.648,0,0,0,0,27.8,5,DEN,ACT,new team
00-0030506,Travis Kelce,TE,KC,KC,17,117.2,155.2,193.2,6.89,9.13,11.36,3,5,24.1,1.6,6.41,2,3,0,0,0,0,0,1,1,0,108,76,851,5,5,0,0.2,0.181,0.427,0,0,0,0,36.9,13,KC,ACT,same team
00-0038134,Kenneth Walker III,RB,SEA,SEA,17,160.9,176.4,191.9,9.46,10.38,11.29,22,21,25.4,2.9,6.53,2,3,0,0,0,0,0,221,1027,5,36,31,282,0,5,0,0.083,-0.021,0.109,0,0,0,0,25.9,4,KC,ACT,new team
00-0032726,Ka'imi Fairbairn,K,HOU,HOU,15,190.0,190.0,190.0,12.67,12.67,12.67,2,2,26.0,3.0,5.63,1,1,0,0,0,0,0,0,0,0,0,0,0,0,0,0,0.0,0.0,0.0,44,48,9,28,32.6,10,HOU,ACT,same team
00-0040128,Tyler Warren,TE,IND,IND,17,112.5,150.5,188.5,6.62,8.85,11.09,4,7,18.3,3.7,4.88,0,2,0,1,0,0,0,6,8,1,112,76,817,4,5,0,0.215,0.147,0.425,0,0,0,0,24.3,1,IND,ACT,same team
00-0035719,Deebo Samuel Sr.,WR,WAS,WAS,16,116.2,152.2,188.2,7.26,9.51,11.76,25,31,23.6,4.1,6.94,4,3,0,0,0,0,0,17,75,1,99,72,727,5,6,0,0.254,0.134,0.475,0,0,0,0,30.6,,,,not rostered
00-0038041,Jake Ferguson,TE,DAL,DAL,17,106.1,147.1,188.1,6.24,8.65,11.06,5,10,23.9,0.0,7.09,3,4,0,0,0,0,0,1,1,0,102,82,600,8,8,2,0.165,0.089,0.31,0,0,0,0,27.6,4,DAL,ACT,same team
00-0035640,DK Metcalf,WR,PIT,PIT,15,128.2,157.7,187.2,8.55,10.51,12.48,26,20,23.6,2.6,6.0,2,1,0,0,0,0,0,2,12,1,99,59,850,6,7,0,0.224,0.372,0.596,0,0,0,0,28.7,7,PIT,ACT,same team
00-0040676,Cam Ward,QB,TEN,TEN,17,186.7,186.7,186.7,10.98,10.98,10.98,22,22,23.9,2.5,5.4,1,2,323,540,3169,15,7,39,159,2,0,0,0,0,17,7,0.0,0.0,0.0,0,0,0,0,24.3,1,TEN,ACT,same team
00-0040663,Harold Fannin Jr.,TE,CLE,CLE,16,114.4,150.4,186.4,7.15,9.4,11.65,6,6,25.4,4.5,5.73,1,2,0,0,0,0,0,7,13,1,107,72,731,6,7,1,0.218,0.187,0.458,0,0,0,0,22.1,1,CLE,ACT,same team
00-0035261,Tony Pollard,RB,TEN,TEN,17,152.8,169.3,185.8,8.99,9.96,10.93,23,23,28.1,5.3,5.62,1,0,0,0,0,0,0,242,1082,5,41,33,206,0,5,3,0.076,0.001,0.114,0,0,0,0,29.3,7,TEN,ACT,same team
00-0034351,Dallas Goedert,TE,PHI,PHI,15,125.1,155.1,185.1,8.34,10.34,12.34,7,2,26.0,4.0,7.17,2,4,0,0,0,0,0,0,0,0,82,60,591,11,11,0,0.208,0.152,0.418,0,0,0,0,31.7,8,PHI,ACT,same team
00-0038606,Parker Washington,WR,JAX,JAX,16,126.7,155.7,184.7,7.92,9.73,11.54,27,21,26.5,0.0,7.41,1,4,0,0,0,0,0,7,0,0,95,58,847,5,5,0,0.18,0.242,0.439,0,0,0,0,24.4,3,JAX,ACT,same team
00-0037664,Alec Pierce,WR,IND,IND,15,136.3,159.8,183.3,9.09,10.65,12.22,28,16,29.2,0.0,8.3,2,4,0,0,0,0,0,0,0,0,84,47,1003,6,6,0,0.176,0.406,0.548,0,0,0,0,26.3,4,IND,ACT,same team
00-0030279,Keenan Allen,WR,LAC,LAC,17,101.7,142.2,182.7,5.98,8.36,10.75,29,37,28.9,2.7,6.81,1,2,0,0,0,0,0,0,0,0,122,81,777,4,4,0,0.221,0.228,0.49,0,0,0,0,34.3,,,,not rostered
00-0039165,Zach Charbonnet,RB,SEA,SEA,16,161.4,171.4,181.4,10.09,10.71,11.34,24,20,26.2,1.0,6.7,1,3,0,0,0,0,0,184,730,12,24,20,144,0,12,0,0.052,0.012,0.087,0,0,0,0,25.6,3,SEA,ACT,same team
00-0039915,Ladd McConkey,WR,LAC,LAC,16,114.9,147.9,180.9,7.18,9.24,11.31,30,32,23.0,2.1,6.86,3,5,0,0,0,0,0,0,0,0,106,66,789,6,6,0,0.211,0.26,0.499,0,0,0,0,24.8,2,LAC,ACT,same team
00-0037692,Brandon Aubrey,K,DAL,DAL,17,180.0,180.0,180.0,10.59,10.59,10.59,3,3,23.0,4.0,5.96,2,2,0,0,0,0,0,1,6,0,0,0,0,0,0,0,0.0,0.0,0.0,36,42,11,47,31.5,4,DAL,ACT,same team
00-0036040,Juwan Johnson,TE,NO,NO,17,102.9,141.4,179.9,6.05,8.32,10.58,8,12,19.2,1.5,4.82,0,2,0,0,0,0,0,0,0,0,102,77,889,3,3,2,0.177,0.155,0.374,0,0,0,0,30.0,6,NO,ACT,same team
00-0033090,Hunter Henry,TE,NE,NE,17,118.8,148.8,178.8,6.99,8.75,10.52,9,4,29.0,1.9,7.28,2,3,0,0,0,0,0,0,0,0,87,60,768,7,7,0,0.174,0.154,0.369,0,0,0,0,31.7,10,NE,ACT,same team
00-0036875,Rhamondre Stevenson,RB,NE,NE,14,146.8,162.8,178.8,10.49,11.63,12.77,25,25,35.3,1.8,10.05,3,4,0,0,0,0,0,130,603,7,37,32,345,2,9,3,0.098,0.047,0.181,0,0,0,0,28.5,5,NE,ACT,same team
00-0034383,Dalton Schultz,TE,HOU,HOU,17,95.7,136.7,177.7,5.63,8.04,10.45,10,13,21.6,1.8,5.64,1,3,0,0,0,0,0,0,0,0,106,82,777,3,3,0,0.191,0.152,0.393,0,0,0,0,30.1,8,HOU,ACT,same team
00-0037834,Brock Purdy,QB,SF,SF,9,177.4,177.4,177.4,19.71,19.71,19.71,23,23,36.9,5.2,10.29,3,0,197,284,2167,20,10,33,147,3,0,0,0,0,23,2,0.0,0.0,0.0,0,0,0,0,26.7,4,SF,ACT,same team
00-0039868,Troy Franklin,WR,DEN,DEN,17,112.1,144.6,177.1,6.59,8.51,10.42,31,33,26.9,0.0,7.63,3,5,0,0,0,0,0,5,12,0,104,65,709,6,6,1,0.182,0.28,0.469,0,0,0,0,23.6,2,DEN,ACT,same team
00-0039338,Brock Bowers,TE,LV,LV,12,112.2,144.2,176.2,9.35,12.02,14.68,11,8,43.3,3.7,10.12,2,1,0,0,0,0,0,2,2,0,86,64,680,7,7,0,0.234,0.25,0.526,0,0,0,0,23.7,2,LV,ACT,same team
00-0034960,Jakobi Meyers,WR,JAX,LV/JAX,16,100.8,138.3,175.8,6.3,8.64,10.99,32,38,21.3,6.3,4.35,1,0,0,0,0,0,0,5,13,0,110,75,835,3,3,1,0.229,0.282,0.541,0,0,0,0,29.8,7,JAX,ACT,same team
00-0030565,Geno Smith,QB,LV,LV,15,173.9,173.9,173.9,11.59,11.59,11.59,24,24,26.3,2.8,7.29,2,3,302,448,3025,19,17,41,109,0,0,0,0,0,19,1,0.0,0.0,0.0,0,0,0,0,35.9,13,NYJ,ACT,new team
00-0036259,Jauan Jennings,WR,SF,SF,15,118.3,145.8,173.3,7.89,9.72,11.55,33,29,19.9,1.7,5.71,0,2,0,0,0,0,0,0,0,0,90,55,643,9,9,1,0.199,0.256,0.478,0,0,0,0,29.1,6,MIN,ACT,new team
00-0034827,DJ Moore,WR,CHI,CHI,17,122.2,147.2,172.2,7.19,8.66,10.13,34,27,23.4,0.0,8.19,4,6,1,1,2,1,0,15,79,1,85,50,682,6,8,1,0.161,0.199,0.381,0,0,0,0,29.4,8,BUF,ACT,new team
00-0038544,Quentin Johnston,WR,LAC,LAC,13,120.2,145.7,171.2,9.25,11.21,13.17,35,28,24.9,0.0,7.44,3,2,0,0,0,0,0,2,7,0,84,51,735,8,8,1,0.2,0.28,0.496,0,0,0,0,25.0,3,LAC,ACT,same team
00-0040784,Quinshon Judkins,RB,CLE,CLE,14,143.8,156.8,169.8,10.27,11.2,12.13,26,26,26.4,3.6,6.73,2,3,0,0,0,0,0,230,827,7,36,26,171,0,7,0,0.083,-0.007,0.119,0,0,0,0,22.8,1,CLE,ACT,same team
00-0035685,David Montgomery,RB,DET,DET,17,142.9,154.9,166.9,8.41,9.11,9.82,27,27,29.4,1.2,6.72,1,3,1,2,3,1,0,158,716,8,29,24,192,0,9,1,0.054,0.002,0.083,0,0,0,0,29.2,7,HOU,ACT,new team
00-0037261,Khalil Shakir,WR,BUF,BUF,16,94.4,130.4,166.4,5.9,8.15,10.4,36,42,20.8,0.7,5.8,1,3,0,0,0,0,0,1,5,0,95,72,719,4,4,1,0.211,0.086,0.377,0,0,0,0,26.6,4,BUF,ACT,same team
00-0037224,Cameron Dicker,K,LAC,LAC,17,166.0,166.0,166.0,9.76,9.76,9.76,4,4,20.0,2.0,4.71,1,2,0,0,0,0,0,0,0,0,0,0,0,0,0,0,0.0,0.0,0.0,38,41,5,34,26.3,4,LAC,ACT,same team
00-0037816,Romeo Doubs,WR,GB,GB,16,110.4,137.9,165.4,6.9,8.62,10.34,37,34,29.8,0.0,7.26,1,4,0,0,0,0,0,0,0,0,85,55,724,6,6,0,0.189,0.28,0.479,0,0,0,0,26.4,4,NE,ACT,new team
00-0040126,Colston Loveland,TE,CHI,CHI,16,107.1,136.1,165.1,6.69,8.51,10.32,12,9,29.8,0.0,8.5,3,4,0,0,0,0,0,1,-2,0,82,58,713,6,6,0,0.166,0.163,0.363,0,0,0,0,22.4,1,CHI,ACT,same team
00-0038563,Tre Tucker,WR,LV,LV,17,104.7,133.2,161.7,6.16,7.84,9.51,38,35,40.9,0.0,8.94,1,4,0,0,0,0,0,11,51,0,92,57,696,5,5,0,0.19,0.264,0.469,0,0,0,0,25.5,3,LV,ACT,same team
00-0033288,George Kittle,TE,SF,SF,11,104.5,133.0,161.5,9.5,12.09,14.68,13,11,24.7,0.0,8.26,4,1,0,0,0,0,0,1,-3,0,69,57,628,7,7,0,0.215,0.185,0.451,0,0,0,0,32.9,9,SF,ACT,same team
00-0039384,Tyrone Tracy Jr.,RB,NYG,NYG,15,124.8,142.8,160.8,8.32,9.52,10.72,28,31,27.9,0.6,7.66,2,2,0,0,0,0,0,176,740,2,48,36,288,2,4,1,0.108,0.002,0.163,0,0,0,0,26.8,2,NYG,ACT,same team
00-0036212,Tua Tagovailoa,QB,MIA,MIA,14,160.7,160.7,160.7,11.48,11.48,11.48,25,25,24.2,-1.4,7.3,2,2,260,384,2660,20,15,20,43,0,0,0,0,0,20,1,0.0,0.0,0.0,0,0,0,0,28.5,6,ATL,ACT,new team
00-0039409,Cam Little,K,JAX,JAX,17,159.0,159.0,159.0,9.35,9.35,9.35,5,5,15.0,-2.0,5.21,0,3,0,0,0,0,0,0,0,0,0,0,0,0,0,0,0.0,0.0,0.0,30,34,8,50,23.0,2,JAX,ACT,same team
00-0040743,Tyler Shough,QB,NO,NO,11,158.0,158.0,158.0,14.36,14.36,14.36,26,26,21.9,0.0,7.66,3,2,221,327,2384,10,6,45,186,3,0,0,0,0,13,2,0.0,0.0,0.0,0,0,0,0,26.9,1,NO,ACT,same team
00-0039404,Will Reichard,K,MIN,MIN,17,157.0,157.0,157.0,9.24,9.24,9.24,6,6,18.0,0.0,4.62,0,2,0,0,0,0,0,0,0,0,0,0,0,0,0,0,0.0,0.0,0.0,33,35,11,31,25.6,2,MIN,ACT,same team
00-0037545,Rashid Shaheed,WR,NO,NO/SEA,18,97.6,127.1,156.6,5.42,7.06,8.7,39,39,21.4,0.5,5.84,1,6,0,0,0,0,0,9,69,0,92,59,687,2,2,1,0.162,0.224,0.4,0,0,0,0,28.0,4,SEA,ACT,new team
00-0039067,Rashee Rice,WR,KC,KC,8,97.1,123.6,150.1,12.14,15.45,18.76,40,41,29.4,7.4,8.11,4,0,0,0,0,0,0,5,20,1,78,53,571,5,6,0,0.29,0.137,0.531,0,0,0,0,26.4,3,KC,ACT,same team
00-0035358,Chase McLaughlin,K,TB,TB,17,149.0,149.0,149.0,8.76,8.76,8.76,7,7,20.0,1.0,5.41,1,4,0,0,0,0,0,0,0,0,0,0,0,0,0,0,0.0,0.0,0.0,32,38,11,32,30.4,7,TB,ACT,same team
00-0039793,AJ Barner,TE,SEA,SEA,17,95.3,121.3,147.3,5.61,7.14,8.66,14,14,24.3,0.3,6.49,1,6,0,0,0,0,0,10,14,1,68,52,519,6,7,0,0.138,0.077,0.261,0,0,0,0,24.3,2,SEA,ACT,same team
00-0040236,Kyle Monangai,RB,CHI,CHI,17,128.7,137.7,146.7,7.57,8.1,8.63,29,29,22.8,1.8,6.28,1,6,0,0,0,0,0,169,783,5,30,18,164,0,5,0,0.057,-0.0,0.086,0,0,0,0,24.2,1,CHI,ACT,same team
00-0026158,Joe Flacco,QB,CIN,CLE/CIN,13,146.7,146.7,146.7,11.28,11.28,11.28,27,27,30.7,0.2,10.56,3,5,251,416,2479,15,10,21,35,1,0,0,0,0,16,3,0.0,0.0,0.0,0,0,0,0,41.6,18,CIN,ACT,same team
00-0039919,Rome Odunze,WR,CHI,CHI,12,102.1,124.1,146.1,8.51,10.34,12.17,41,36,31.8,0.0,9.17,2,2,0,0,0,0,0,0,0,0,90,44,661,6,6,0,0.236,0.353,0.602,0,0,0,0,24.2,2,CHI,ACT,same team
00-0031136,Chris Boswell,K,PIT,PIT,17,146.0,146.0,146.0,8.59,8.59,8.59,8,8,20.0,1.0,4.8,1,4,0,0,0,0,0,0,0,0,0,0,0,0,0,0,0.0,0.0,0.0,27,32,9,42,35.5,12,PIT,ACT,same team
00-0033923,Kareem Hunt,RB,KC,KC,17,127.4,136.4,145.4,7.49,8.02,8.55,30,30,20.0,0.2,6.05,1,7,0,0,0,0,0,163,611,8,25,18,143,1,9,1,0.044,-0.0,0.066,0,0,0,0,31.1,,,,not rostered
00-0040583,Woody Marks,RB,HOU,HOU,16,121.1,133.1,145.1,7.57,8.32,9.07,31,32,27.9,0.3,6.93,1,5,0,0,0,0,0,196,703,2,36,24,208,3,5,0,0.068,0.018,0.115,0,0,0,0,25.7,1,HOU,ACT,same team
00-0039172,Jake Bates,K,DET,DET,17,144.0,144.0,144.0,8.47,8.47,8.47,9,9,15.0,4.0,3.52,0,1,0,0,0,0,0,0,0,0,0,0,0,0,0,0,0.0,0.0,0.0,27,34,4,54,27.5,3,DET,ACT,same team
00-0037256,Rachaad White,RB,TB,TB,17,103.0,123.0,143.0,6.06,7.24,8.41,32,40,23.1,2.4,5.5,1,4,0,0,0,0,0,132,572,4,45,40,218,0,4,0,0.083,-0.027,0.105,0,0,0,0,27.6,4,WAS,ACT,new team
00-0036945,Justin Fields,QB,NYJ,NYJ,9,142.7,142.7,142.7,15.85,15.85,15.85,28,28,29.5,4.0,10.8,4,3,128,204,1259,7,1,71,383,4,1,0,0,0,11,3,0.004,0.003,0.009,0,0,0,0,27.5,5,KC,ACT,new team
00-0040200,Andy Borregales,K,NE,NE,17,142.0,142.0,142.0,8.35,8.35,8.35,10,10,18.0,2.0,4.12,0,2,0,0,0,0,0,0,0,0,0,0,0,0,0,0,0.0,0.0,0.0,27,32,4,53,23.7,1,NE,ACT,same team
00-0033303,Harrison Butker,K,KC,KC,17,141.0,141.0,141.0,8.29,8.29,8.29,11,11,16.0,3.0,3.89,0,4,0,0,0,0,0,0,0,0,0,0,0,0,0,0,0.0,0.0,0.0,33,38,5,31,31.1,9,KC,ACT,same team
00-0040242,Jacory Croskey-Merritt,RB,WAS,WAS,17,131.3,135.8,140.3,7.72,7.99,8.25,33,28,27.0,1.7,7.47,2,8,0,0,0,0,0,175,805,8,13,9,68,0,8,2,0.03,-0.005,0.041,0,0,0,0,25.4,1,WAS,ACT,same team
00-0039893,Brian Thomas Jr.,WR,JAX,JAX,14,90.8,114.8,138.8,6.49,8.2,9.91,42,45,23.0,3.8,5.01,1,2,0,0,0,0,0,3,21,1,91,48,707,2,3,0,0.193,0.316,0.511,0,0,0,0,23.9,2,JAX,ACT,same team
00-0039361,Bucky Irving,RB,TB,TB,10,108.5,123.5,138.5,10.85,12.35,13.85,34,36,25.5,7.1,5.61,1,0,0,0,0,0,0,173,588,1,35,30,277,3,4,1,0.107,-0.021,0.146,0,0,0,0,24.0,2,TB,ACT,same team
00-0038997,Josh Downs,WR,IND,IND,16,80.4,109.4,138.4,5.02,6.84,8.65,43,50,17.7,1.3,4.74,0,3,0,0,0,0,0,2,-2,0,88,58,566,4,4,1,0.175,0.168,0.379,0,0,0,0,25.1,3,IND,ACT,same team
00-0040074,Tyler Loop,K,BAL,BAL,17,138.0,138.0,138.0,8.12,8.12,8.12,12,12,13.0,2.0,3.85,0,4,0,0,0,0,0,0,0,0,0,0,0,0,0,0,0.0,0.0,0.0,30,34,1,44,25.1,1,BAL,ACT,same team
00-0035662,Marquise Brown,WR,KC,KC,16,88.7,113.2,137.7,5.54,7.08,8.61,44,46,20.5,0.0,5.69,1,4,0,0,0,0,0,0,0,0,74,49,587,5,5,0,0.142,0.197,0.351,0,0,0,0,29.2,7,PHI,ACT,new team
00-0034173,Eddy Pineiro,K,SF,SF,14,137.0,137.0,137.0,9.79,9.79,9.79,13,13,18.0,1.0,5.22,0,3,0,0,0,0,0,0,0,0,0,0,0,0,0,0,0.0,0.0,0.0,28,29,6,34,31.0,8,SF,ACT,same team
00-0040666,Omarion Hampton,RB,LAC,LAC,9,103.7,119.7,135.7,11.52,13.3,15.08,35,39,27.5,3.5,8.08,3,1,0,0,0,0,0,124,545,4,35,32,192,1,5,0,0.118,-0.03,0.156,0,0,0,0,23.5,1,LAC,ACT,same team
00-0038994,Jordan Addison,WR,MIN,MIN,14,93.1,114.1,135.1,6.65,8.15,9.65,45,43,21.8,0.0,5.66,1,3,0,0,0,0,0,2,81,1,79,42,610,3,4,0,0.182,0.33,0.504,0,0,0,0,24.6,3,MIN,ACT,same team
00-0036442,Joe Burrow,QB,CIN,CIN,8,134.5,134.5,134.5,16.81,16.81,16.81,29,29,29.0,5.5,8.58,4,0,173,259,1809,17,5,14,41,0,0,0,0,0,17,0,0.0,0.0,0.0,0,0,0,0,29.7,6,CIN,ACT,same team
00-0038124,Christian Watson,WR,GB,GB,10,97.4,114.9,132.4,9.74,11.49,13.24,46,40,24.9,3.7,7.67,3,1,0,0,0,0,0,1,3,0,55,35,611,6,6,0,0.203,0.348,0.548,0,0,0,0,27.3,4,GB,ACT,same team
00-0040189,Oronde Gadsden II,TE,LAC,LAC,15,82.4,106.9,131.4,5.49,7.13,8.76,15,20,29.4,1.7,7.54,1,7,0,0,0,0,0,0,0,0,69,49,664,3,3,1,0.144,0.167,0.333,0,0,0,0,23.2,1,LAC,ACT,same team
00-0034753,Mark Andrews,TE,BAL,BAL,17,83.0,107.0,131.0,4.88,6.29,7.71,16,18,27.1,1.4,6.79,1,8,0,0,0,0,0,10,48,1,70,48,422,5,6,0,0.171,0.163,0.37,0,0,0,0,31.0,8,BAL,ACT,same team
00-0036854,Evan McPherson,K,CIN,CIN,17,131.0,131.0,131.0,7.71,7.71,7.71,14,14,24.0,-1.0,6.07,1,5,0,0,0,0,0,0,0,0,0,0,0,0,0,0,0.0,0.0,0.0,25,28,5,41,27.1,5,CIN,ACT,same team
00-0036972,Mac Jones,QB,SF,SF,11,130.0,130.0,130.0,11.82,11.82,11.82,30,30,23.1,-0.3,9.29,3,3,201,289,2151,13,6,36,60,0,0,0,0,0,13,2,0.0,0.0,0.0,0,0,0,0,28.0,5,SF,ACT,same team
00-0032569,Wil Lutz,K,DEN,DEN,17,130.0,130.0,130.0,7.65,7.65,7.65,15,15,18.0,3.0,4.03,0,5,0,0,0,0,0,0,0,0,0,0,0,0,0,0,0.0,0.0,0.0,28,32,4,39,32.2,10,DEN,ACT,same team
00-0036244,Colby Parkinson,TE,LA,LA,14,86.8,108.3,129.8,6.2,7.74,9.27,17,16,24.5,-0.6,7.27,1,5,0,0,0,0,0,0,0,0,56,43,408,8,8,1,0.117,0.045,0.206,0,0,0,0,27.6,6,LA,ACT,same team
00-0040130,Jayden Higgins,WR,HOU,HOU,17,88.5,109.0,129.5,5.21,6.41,7.62,47,47,16.8,0.0,5.37,0,6,0,0,0,0,0,0,0,0,68,41,525,6,6,0,0.124,0.177,0.309,0,0,0,0,23.7,1,HOU,ACT,same team
00-0036816,Riley Patterson,K,MIA,MIA,17,129.0,129.0,129.0,7.59,7.59,7.59,16,16,14.0,0.0,3.73,0,3,0,0,0,0,0,0,0,0,0,0,0,0,0,0,0.0,0.0,0.0,27,29,3,34,27.0,5,MIA,ACT,same team
00-0037525,Jordan Mason,RB,MIN,MIN,16,114.9,121.9,128.9,7.18,7.62,8.06,36,33,23.6,1.6,5.5,1,6,0,0,0,0,0,159,758,6,16,14,51,0,6,1,0.035,-0.015,0.042,0,0,0,0,27.3,4,MIN,ACT,same team
00-0040705,Chimere Dike,WR,TEN,TEN,17,80.1,104.1,128.1,4.71,6.12,7.54,48,51,21.4,-0.4,6.48,1,8,0,0,0,0,0,11,18,0,74,48,423,4,4,1,0.139,0.149,0.313,0,0,0,0,24.7,1,TEN,ACT,same team
00-0040735,Luther Burden III,WR,CHI,CHI,15,80.9,104.4,127.9,5.39,6.96,8.53,49,49,27.8,0.7,7.54,1,5,0,0,0,0,0,6,37,0,60,47,652,2,2,0,0.131,0.107,0.271,0,0,0,0,22.7,1,CHI,ACT,same team
00-0039847,Theo Johnson,TE,NYG,NYG,15,82.8,105.3,127.8,5.52,7.02,8.52,18,19,21.3,0.0,5.82,1,4,0,0,0,0,0,0,0,0,74,45,528,5,5,0,0.172,0.166,0.375,0,0,0,0,25.5,2,NYG,ACT,same team
00-0039849,Marvin Harrison Jr.,WR,ARI,ARI,12,86.8,107.3,127.8,7.23,8.94,10.65,50,48,22.6,0.0,7.1,1,3,0,0,0,0,0,0,0,0,73,41,608,4,4,0,0.181,0.33,0.502,0,0,0,0,24.1,2,ARI,ACT,same team
00-0040715,Cam Skattebo,RB,NYG,NYG,8,103.7,115.7,127.7,12.96,14.46,15.96,37,38,31.0,2.9,8.62,2,1,0,0,0,0,0,101,410,5,32,24,207,2,7,1,0.129,-0.007,0.189,0,0,0,0,24.6,1,NYG,ACT,same team
00-0031203,Cairo Santos,K,CHI,CHI,15,127.0,127.0,127.0,8.47,8.47,8.47,17,17,19.0,0.0,4.73,0,2,0,0,0,0,0,0,0,0,0,0,0,0,0,0,0.0,0.0,0.0,25,30,4,39,34.8,12,CHI,ACT,same team
00-0035192,Joey Slye,K,TEN,TEN,16,127.0,127.0,127.0,7.94,7.94,7.94,18,18,18.0,-2.0,5.84,0,4,0,0,0,0,0,0,0,0,0,0,0,0,0,0,0.0,0.0,0.0,28,35,9,26,30.4,7,TEN,ACT,same team
00-0030061,Zach Ertz,TE,WAS,WAS,13,76.4,101.4,126.4,5.88,7.8,9.72,19,21,20.6,0.0,6.08,1,2,0,0,0,0,0,0,0,0,72,50,504,4,4,0,0.193,0.203,0.431,0,0,0,0,35.8,,,,not rostered
00-0038933,Dalton Kincaid,TE,BUF,BUF,12,87.1,106.6,126.1,7.26,8.88,10.51,20,15,22.1,0.0,6.56,1,2,0,0,0,0,0,0,0,0,49,39,571,5,5,0,0.149,0.207,0.369,0,0,0,0,26.9,3,BUF,ACT,same team
00-0025565,Nick Folk,K,NYJ,NYJ,16,126.0,126.0,126.0,7.88,7.88,7.88,19,19,12.0,2.0,3.16,0,3,0,0,0,0,0,0,0,0,0,0,0,0,0,0,0.0,0.0,0.0,28,29,7,22,41.8,19,ATL,ACT,new team
00-0032268,Marcus Mariota,QB,WAS,WAS,10,125.5,125.5,125.5,12.55,12.55,12.55,31,31,23.3,-2.1,8.22,2,3,139,227,1695,10,7,50,297,1,0,0,0,0,11,3,0.0,0.0,0.0,0,0,0,0,32.8,11,WAS,ACT,same team
00-0036555,Chuba Hubbard,RB,CAR,CAR,15,95.4,110.4,125.4,6.36,7.36,8.36,38,42,20.4,1.7,6.15,1,7,0,0,0,0,0,134,511,1,39,30,223,3,4,1,0.088,-0.035,0.108,0,0,0,0,27.2,5,CAR,ACT,same team
00-0039923,J.J. McCarthy,QB,MIN,MIN,10,125.4,125.4,125.4,12.54,12.54,12.54,32,32,23.5,0.5,8.45,3,2,140,243,1632,11,12,37,181,4,0,0,0,0,15,2,0.0,0.0,0.0,0,0,0,0,23.6,2,MIN,ACT,same team
00-0038608,Kayshon Boutte,WR,NE,NE,14,91.1,107.6,124.1,6.51,7.69,8.86,51,44,26.3,0.0,7.37,1,7,0,0,0,0,0,0,0,0,46,33,551,6,6,0,0.12,0.215,0.33,0,0,0,0,24.3,3,NE,ACT,same team
00-0037809,Chig Okonkwo,TE,TEN,TEN,17,68.0,96.0,124.0,4.0,5.65,7.29,21,24,16.4,0.0,4.48,0,6,0,0,0,0,0,0,0,0,79,56,560,2,2,0,0.15,0.087,0.286,0,0,0,0,27.0,4,WAS,ACT,new team
00-0037263,Tyler Allgeier,RB,ATL,ATL,17,109.0,116.0,123.0,6.41,6.82,7.24,39,35,17.7,0.6,5.35,0,7,0,0,0,0,0,143,514,8,16,14,96,0,8,0,0.032,-0.007,0.043,0,0,0,0,26.4,4,ARI,ACT,new team
00-0039738,Blake Corum,RB,LA,LA,17,114.2,118.2,122.2,6.72,6.95,7.19,40,34,26.1,1.3,6.49,1,7,0,0,0,0,0,145,746,6,14,8,36,0,6,0,0.023,0.001,0.035,0,0,0,0,25.8,2,LA,ACT,same team
00-0038129,Cade Otton,TE,TB,TB,15,63.2,92.7,122.2,4.21,6.18,8.15,22,28,22.4,0.0,5.98,1,6,0,0,0,0,0,0,0,0,81,59,572,1,1,0,0.174,0.116,0.342,0,0,0,0,27.4,4,TB,ACT,same team
00-0038567,Chad Ryland,K,ARI,ARI,17,122.0,122.0,122.0,7.18,7.18,7.18,20,20,15.0,2.0,4.17,0,6,0,0,0,0,0,0,0,0,0,0,0,0,0,0,0.0,0.0,0.0,25,33,6,36,26.9,3,ARI,ACT,same team
00-0038905,Blake Grupe,K,NO,NO/IND,16,121.0,121.0,121.0,7.56,7.56,7.56,21,21,16.0,1.0,4.98,0,5,0,0,0,0,0,0,0,0,0,0,0,0,0,0,0.0,0.0,0.0,29,37,7,25,27.8,3,IND,ACT,new team
00-0036407,Jerry Jeudy,WR,CLE,CLE,17,70.7,95.7,120.7,4.16,5.63,7.1,52,56,19.8,0.0,5.22,0,8,0,0,0,0,0,1,5,0,106,50,602,2,2,1,0.205,0.354,0.555,0,0,0,0,27.4,6,CLE,ACT,same team
00-0039917,Michael Penix Jr.,QB,ATL,ATL,9,120.3,120.3,120.3,13.36,13.36,13.36,33,33,24.0,3.8,7.29,2,1,166,276,1982,9,3,21,70,1,0,0,0,0,10,2,0.0,0.0,0.0,0,0,0,0,26.3,2,ATL,ACT,same team
00-0033293,Aaron Jones,RB,MIN,MIN,12,90.7,104.7,118.7,7.56,8.72,9.89,41,44,15.9,2.3,4.51,0,2,0,0,0,0,0,132,548,2,41,28,199,1,3,1,0.141,-0.013,0.203,0,0,0,0,31.7,9,MIN,ACT,same team
00-0038935,Brenton Strange,TE,JAX,JAX,12,72.0,95.0,118.0,6.0,7.92,9.83,23,23,17.2,3.2,4.74,0,3,0,0,0,0,0,0,0,0,60,46,540,3,3,0,0.156,0.123,0.32,0,0,0,0,25.7,3,JAX,ACT,same team
00-0039391,Kimani Vidal,RB,LAC,LAC,13,101.9,109.9,117.9,7.84,8.45,9.07,42,41,22.8,0.0,8.35,2,6,0,0,0,0,0,155,643,3,22,16,136,1,4,0,0.054,-0.007,0.077,0,0,0,0,25.0,2,LAC,ACT,same team
00-0038996,Tucker Kraft,TE,GB,GB,8,85.2,101.2,117.2,10.65,12.65,14.65,24,17,33.3,4.0,9.87,2,1,0,0,0,0,0,1,3,0,44,32,489,6,6,0,0.19,0.096,0.351,0,0,0,0,25.8,3,GB,ACT,same team
00-0039880,Malik Washington,WR,MIA,MIA,17,70.7,93.7,116.7,4.16,5.51,6.86,53,57,13.6,1.5,3.32,0,6,0,0,0,0,0,17,110,1,65,46,317,3,4,1,0.144,0.105,0.29,0,0,0,0,25.9,2,MIA,ACT,same team
00-0040170,Elic Ayomanor,WR,TEN,TEN,16,75.5,96.0,116.5,4.72,6.0,7.28,54,53,15.6,1.5,4.24,0,6,0,0,0,0,0,0,0,0,89,41,515,4,4,0,0.185,0.325,0.505,0,0,0,0,23.2,1,TEN,ACT,same team
00-0033908,Cooper Kupp,WR,SEA,SEA,16,69.3,92.8,116.3,4.33,5.8,7.27,55,58,16.0,1.6,4.05,0,5,0,1,0,0,1,0,0,0,70,47,593,2,2,1,0.16,0.145,0.341,0,0,0,0,33.2,9,SEA,ACT,same team
00-0036158,J.K. Dobbins,RB,DEN,DEN,10,104.9,110.4,115.9,10.49,11.04,11.59,43,37,15.5,4.0,4.1,0,1,0,0,0,0,0,153,772,4,14,11,37,0,4,0,0.046,-0.011,0.061,0,0,0,0,27.7,6,DEN,ACT,same team
00-0039910,Jayden Daniels,QB,WAS,WAS,7,114.3,114.3,114.3,16.33,16.33,16.33,34,34,21.6,2.7,6.36,2,1,114,188,1262,8,3,58,278,2,0,0,0,0,10,2,0.0,0.0,0.0,0,0,0,0,25.7,2,WAS,ACT,same team
00-0035659,Terry McLaurin,WR,WAS,WAS,10,76.2,95.2,114.2,7.62,9.52,11.42,56,52,22.6,4.7,5.1,1,1,0,0,0,0,0,0,0,0,60,38,582,3,3,0,0.232,0.371,0.608,0,0,0,0,31.0,7,WAS,ACT,same team
00-0039410,Ryan Flournoy,WR,DAL,DAL,15,74.0,94.0,114.0,4.93,6.27,7.6,57,54,26.5,0.0,7.23,1,6,0,0,0,0,0,4,25,0,56,40,475,4,4,0,0.111,0.105,0.24,0,0,0,0,26.8,2,DAL,ACT,same team
00-0036894,Pat Freiermuth,TE,PIT,PIT,15,72.6,93.1,113.6,4.84,6.21,7.57,25,22,28.1,1.6,6.45,1,5,0,0,0,0,0,0,0,0,54,41,486,4,4,0,0.113,0.126,0.257,0,0,0,0,27.9,5,PIT,ACT,same team
00-0033555,Mack Hollins,WR,NE,NE,14,67.4,90.4,113.4,4.81,6.46,8.1,58,60,16.6,1.3,4.61,0,3,0,0,0,0,0,1,4,0,65,46,550,2,2,0,0.162,0.206,0.388,0,0,0,0,33.0,9,NE,ACT,same team
00-0035229,T.J. Hockenson,TE,MIN,MIN,15,61.8,87.3,112.8,4.12,5.82,7.52,26,29,15.9,1.2,4.04,0,5,0,0,0,0,0,1,0,0,66,51,438,3,3,0,0.159,0.102,0.311,0,0,0,0,29.2,7,MIN,ACT,same team
00-0039032,Tyjae Spears,RB,TEN,TEN,13,66.7,89.2,111.7,5.13,6.86,8.59,44,54,21.5,1.1,5.55,1,2,0,0,0,0,0,72,283,2,50,45,264,0,2,0,0.123,-0.049,0.15,0,0,0,0,25.2,3,TEN,ACT,same team
00-0039894,Xavier Worthy,WR,KC,KC,14,67.9,88.9,109.9,4.85,6.35,7.85,59,59,17.1,0.0,4.52,0,2,0,0,0,0,0,11,87,0,73,42,532,1,1,0,0.161,0.268,0.428,0,0,0,0,23.3,2,KC,ACT,same team
00-0035250,Devin Singletary,RB,NYG,NYG,17,90.8,99.8,108.8,5.34,5.87,6.4,45,43,19.2,0.2,6.33,0,10,0,0,0,0,0,119,437,5,19,18,151,0,5,0,0.04,-0.006,0.056,0,0,0,0,29.0,7,NYG,ACT,same team
00-0033787,Jake Elliott,K,PHI,PHI,17,108.0,108.0,108.0,6.35,6.35,6.35,22,22,16.0,1.0,3.98,0,6,0,0,0,0,0,0,0,0,0,0,0,0,0,0,0.0,0.0,0.0,20,27,4,41,31.6,9,PHI,ACT,same team
00-0038428,Andre Szmyt,K,CLE,CLE,17,108.0,108.0,108.0,6.35,6.35,6.35,23,23,11.0,0.0,3.46,0,4,0,0,0,0,0,0,0,0,0,0,0,0,0,0,0.0,0.0,0.0,24,27,5,25,27.9,3,CLE,ACT,same team
00-0029822,Brandon McManus,K,GB,GB,14,107.0,107.0,107.0,7.64,7.64,7.64,24,24,16.0,0.0,4.29,0,4,0,0,0,0,0,0,0,0,0,0,0,0,0,0,0.0,0.0,0.0,24,30,3,32,35.1,,,,not rostered
00-0039065,Sam LaPorta,TE,DET,DET,9,66.9,86.9,106.9,7.43,9.66,11.88,27,26,21.7,4.5,6.45,2,1,0,0,0,0,0,0,0,0,49,40,489,3,3,0,0.185,0.175,0.399,0,0,0,0,25.6,3,DET,ACT,same team
00-0035689,Dawson Knox,TE,BUF,BUF,16,67.7,85.7,103.7,4.23,5.36,6.48,28,25,18.7,0.0,5.22,0,9,0,0,0,0,0,0,0,0,49,36,417,4,4,0,0.11,0.123,0.252,0,0,0,0,29.8,7,BUF,ACT,same team
00-0029604,Kirk Cousins,QB,ATL,ATL,10,103.5,103.5,103.5,10.35,10.35,10.35,35,35,26.9,1.2,8.03,1,3,166,269,1721,10,5,14,7,1,0,0,0,0,11,1,0.0,0.0,0.0,0,0,0,0,38.0,14,LV,ACT,new team
00-0023853,Matt Prater,K,BUF,BUF,15,103.0,103.0,103.0,6.87,6.87,6.87,25,25,14.0,1.0,3.7,0,4,0,0,0,0,0,0,0,0,0,0,0,0,0,0,0.0,0.0,0.0,18,20,1,46,42.1,,,,not rostered
00-0040279,Ryan Fitzgerald,K,CAR,CAR,17,103.0,103.0,103.0,6.06,6.06,6.06,26,26,15.0,-1.0,4.89,0,8,0,0,0,0,0,0,0,0,0,0,0,0,0,0,0.0,0.0,0.0,24,29,2,27,26.1,1,CAR,ACT,same team
00-0033881,Evan Engram,TE,DEN,DEN,16,52.8,77.8,102.8,3.3,4.86,6.42,29,32,13.9,0.0,3.91,0,5,0,0,0,0,0,1,7,0,76,50,461,1,1,0,0.137,0.147,0.308,0,0,0,0,32.0,9,DEN,ACT,same team
00-0039901,Keon Coleman,WR,BUF,BUF,12,64.4,83.4,102.4,5.37,6.95,8.53,60,62,25.2,3.6,6.05,1,3,0,0,0,0,0,0,0,0,59,38,404,4,4,1,0.167,0.228,0.41,0,0,0,0,23.3,2,BUF,ACT,same team
00-0033906,Alvin Kamara,RB,NO,NO,11,67.7,84.2,100.7,6.15,7.65,9.15,46,53,16.0,0.7,4.9,0,2,0,0,0,0,0,131,471,1,39,33,186,0,1,2,0.117,0.008,0.18,0,0,0,0,31.1,9,NO,ACT,same team
00-0037291,Jalen Nailor,WR,MIN,MIN,17,71.7,86.2,100.7,4.22,5.07,5.92,61,55,23.4,0.0,6.66,1,8,0,0,0,0,0,2,13,0,53,29,444,4,4,0,0.117,0.171,0.295,0,0,0,0,27.5,4,LV,ACT,new team
00-0035537,Ty Johnson,RB,BUF,BUF,17,76.3,88.3,100.3,4.49,5.19,5.9,47,49,19.6,0.0,5.29,0,8,0,0,0,0,0,50,200,3,33,24,263,2,5,0,0.068,-0.021,0.088,0,0,0,0,29.0,7,BUF,ACT,same team
00-0037740,Garrett Wilson,WR,NYJ,NYJ,7,63.5,81.5,99.5,9.07,11.64,14.21,62,64,24.4,0.0,9.66,3,2,0,0,0,0,0,0,0,0,59,36,395,4,4,0,0.354,0.563,0.925,0,0,0,0,26.1,4,NYJ,ACT,same team
00-0039376,Spencer Rattler,QB,NO,NO,9,98.1,98.6,99.1,10.9,10.96,11.02,36,36,21.7,0.0,6.52,1,2,174,257,1586,8,5,31,167,0,2,1,0,0,8,2,0.008,0.004,0.015,0,0,0,0,25.9,2,NO,ACT,same team
00-0036924,Michael Carter,RB,ARI,ARI,13,66.0,82.5,99.0,5.08,6.35,7.62,48,55,18.3,0.1,4.89,0,2,0,0,0,0,0,92,333,1,45,33,267,0,1,0,0.092,0.015,0.148,0,0,0,0,27.3,5,TEN,ACT,new team
00-0035535,Darius Slayton,WR,NYG,NYG,14,61.8,80.3,98.8,4.41,5.74,7.06,63,67,14.1,0.0,4.12,0,5,0,0,0,0,0,0,0,0,63,37,538,1,1,1,0.155,0.25,0.407,0,0,0,0,29.6,7,NYG,ACT,same team
00-0038618,Xavier Hutchinson,WR,HOU,HOU,16,63.0,80.5,98.0,3.94,5.03,6.13,64,65,17.9,0.0,5.37,0,9,0,0,0,0,0,3,22,0,57,35,428,3,3,0,0.112,0.132,0.26,0,0,0,0,26.3,3,HOU,ACT,same team
00-0034161,Daniel Carlson,K,LV,LV,17,97.0,97.0,97.0,5.71,5.71,5.71,27,27,16.0,0.0,4.61,0,8,0,0,0,0,0,0,0,0,0,0,0,0,0,0,0.0,0.0,0.0,22,27,5,21,31.6,,,,not rostered
00-0038621,DeMario Douglas,WR,NE,NE,16,64.8,80.3,95.8,4.05,5.02,5.99,65,61,20.0,0.5,5.2,1,8,0,0,0,0,0,7,21,0,46,31,447,3,3,0,0.098,0.101,0.217,0,0,0,0,25.7,3,NE,ACT,same team
00-0038976,Marvin Mims Jr.,WR,DEN,DEN,15,58.0,76.5,95.0,3.87,5.1,6.33,66,70,20.5,0.2,5.54,1,9,0,0,0,0,0,12,78,1,51,37,322,1,2,1,0.099,0.097,0.217,0,0,0,0,24.5,3,DEN,ACT,same team
00-0038797,Emanuel Wilson,RB,GB,GB,17,79.5,87.0,94.5,4.68,5.12,5.56,49,47,26.5,0.0,6.94,1,11,0,0,0,0,0,125,496,3,17,15,99,0,3,0,0.037,-0.019,0.043,0,0,0,0,27.3,3,SEA,ACT,new team
00-0037112,Jake Tonges,TE,SF,SF,10,59.3,76.3,93.3,5.93,7.63,9.33,30,30,19.0,0.0,6.44,0,3,0,0,0,0,0,0,0,0,46,34,293,5,5,0,0.122,0.079,0.238,0,0,0,0,27.2,4,SF,ACT,same team
00-0033862,Zane Gonzalez,K,ATL,ATL,9,93.0,93.0,93.0,10.33,10.33,10.33,28,28,16.0,6.0,3.71,0,0,0,0,0,0,0,0,0,0,0,0,0,0,0,0,0.0,0.0,0.0,19,22,7,17,31.3,9,MIA,ACT,new team
00-0037157,Bam Knight,RB,ARI,ARI,12,70.9,81.9,92.9,5.91,6.83,7.74,50,51,16.8,-0.2,5.9,0,4,0,0,0,0,0,82,269,4,31,22,160,1,5,1,0.063,0.01,0.102,0,0,0,0,25.4,4,ARI,ACT,same team
00-0040237,Tez Johnson,WR,TB,TB,15,64.4,78.4,92.4,4.29,5.23,6.16,67,63,20.2,0.0,6.51,1,9,0,0,0,0,0,7,22,0,44,28,322,5,5,0,0.092,0.138,0.234,0,0,0,0,24.3,1,TB,ACT,same team
00-0033307,Kendrick Bourne,WR,SF,SF,14,55.1,73.6,92.1,3.94,5.26,6.58,68,74,24.2,0.0,6.89,1,7,0,0,0,0,0,0,0,0,53,37,551,0,0,0,0.108,0.148,0.266,0,0,0,0,31.1,9,ARI,ACT,new team
00-0038611,Chris Rodriguez Jr.,RB,WAS,WAS,12,89.0,90.5,92.0,7.42,7.54,7.67,51,45,15.3,0.2,4.84,0,3,0,0,0,0,0,112,500,6,4,3,30,0,6,0,0.013,0.003,0.022,0,0,0,0,26.9,3,JAX,ACT,new team
00-0040584,Gunnar Helm,TE,TEN,TEN,16,47.7,69.7,91.7,2.98,4.36,5.73,31,34,14.9,1.1,3.99,0,8,0,0,0,0,0,0,0,0,55,44,357,2,2,0,0.107,0.08,0.216,0,0,0,0,24.0,1,TEN,ACT,same team
00-0038951,Sean Tucker,RB,TB,TB,17,83.4,87.4,91.4,4.91,5.14,5.38,52,46,34.0,-0.4,8.24,1,9,0,0,0,0,0,86,320,7,11,8,34,1,8,0,0.019,-0.001,0.028,0,0,0,0,24.9,3,TB,ACT,same team
00-0039491,Jalen Coker,WR,CAR,CAR,11,57.4,73.9,90.4,5.22,6.72,8.22,69,71,17.4,0.0,5.87,0,3,0,0,0,0,0,0,0,0,43,33,394,3,3,1,0.154,0.2,0.371,0,0,0,0,24.8,2,CAR,ACT,same team
00-0038619,Andrei Iosivas,WR,CIN,CIN,15,56.9,73.4,89.9,3.79,4.89,5.99,70,72,18.0,0.0,5.18,0,8,0,0,0,0,0,3,14,0,58,33,435,2,2,0,0.102,0.131,0.245,0,0,0,0,26.9,3,CIN,ACT,same team
00-0039342,Xavier Legette,WR,CAR,CAR,15,54.3,71.8,89.3,3.62,4.79,5.95,71,77,24.2,0.0,6.86,1,9,0,0,0,0,0,1,0,0,64,35,363,3,3,0,0.143,0.197,0.352,0,0,0,0,25.6,2,CAR,ACT,same team
00-0040736,Mason Taylor,TE,NYJ,NYJ,13,44.9,66.9,88.9,3.45,5.15,6.84,32,37,17.7,1.2,5.2,0,5,0,0,0,0,0,0,0,0,65,44,369,1,1,0,0.172,0.138,0.355,0,0,0,0,22.3,1,NYJ,ACT,same team
00-0031610,Darren Waller,TE,MIA,MIA,9,64.7,76.7,88.7,7.19,8.52,9.86,33,27,25.6,0.0,8.91,1,3,0,0,0,0,0,1,4,0,34,24,283,6,6,0,0.146,0.221,0.374,0,0,0,0,34.0,,,,not rostered
00-0040719,Bhayshul Tuten,RB,JAX,JAX,15,78.6,83.6,88.6,5.24,5.57,5.91,53,48,15.4,-1.5,4.92,0,8,0,0,0,0,0,83,307,5,14,10,79,2,7,1,0.03,0.002,0.046,0,0,0,0,24.5,1,JAX,ACT,same team
00-0039916,Ricky Pearsall,WR,SF,SF,9,52.6,70.6,88.6,5.84,7.84,9.84,72,78,19.7,1.0,6.51,0,3,0,0,0,0,0,2,-2,0,53,36,528,0,0,0,0.18,0.318,0.492,0,0,0,0,26.0,2,SF,ACT,same team
00-0034791,Nick Chubb,RB,HOU,HOU,15,75.3,81.8,88.3,5.02,5.45,5.89,54,50,15.2,0.1,4.38,0,6,0,0,0,0,0,122,506,3,20,13,67,0,3,0,0.04,0.004,0.062,0,0,0,0,30.7,,,,not rostered
00-0039890,Adonai Mitchell,WR,IND,IND/NYJ,16,54.9,71.4,87.9,3.43,4.46,5.49,73,75,24.2,0.0,6.79,1,10,0,0,0,0,0,1,-4,0,74,33,453,2,2,1,0.153,0.303,0.442,0,0,0,0,23.9,2,NYJ,ACT,new team
00-0040162,Dylan Sampson,RB,CLE,CLE,15,54.6,71.1,87.6,3.64,4.74,5.84,55,57,17.3,-0.2,5.6,0,8,0,0,0,0,0,65,175,0,40,33,271,2,2,1,0.087,-0.021,0.115,0,0,0,0,22.0,1,CLE,ACT,same team
00-0037197,Isiah Pacheco,RB,KC,KC,13,68.3,77.8,87.3,5.25,5.98,6.72,56,52,13.5,2.1,3.89,0,5,0,0,0,0,0,118,462,1,26,19,101,1,2,0,0.068,-0.006,0.098,0,0,0,0,27.5,4,DET,ACT,new team
00-0033885,David Njoku,TE,CLE,CLE,11,53.3,69.8,86.3,4.85,6.35,7.85,34,31,18.7,1.7,5.05,0,3,0,0,0,0,0,0,0,0,48,33,293,4,4,0,0.125,0.091,0.251,0,0,0,0,30.1,9,LAC,ACT,new team
00-0037837,Calvin Austin III,WR,PIT,PIT,14,55.2,70.7,86.2,3.94,5.05,6.16,74,73,17.0,0.0,5.5,0,8,0,0,0,0,0,0,0,0,55,31,372,3,3,0,0.131,0.255,0.375,0,0,0,0,27.4,4,NYG,ACT,new team
00-0033858,Jonnu Smith,TE,PIT,PIT,17,47.2,66.2,85.2,2.78,3.89,5.01,35,35,12.5,0.0,3.92,0,8,0,0,0,0,0,9,70,1,54,38,222,2,3,0,0.106,0.066,0.206,0,0,0,0,31.0,,,,not rostered
00-0035269,Matt Gay,K,WAS,WAS/SF,12,85.0,85.0,85.0,7.08,7.08,7.08,29,29,18.0,2.0,4.76,0,4,0,0,0,0,0,0,0,0,0,0,0,0,0,0,0.0,0.0,0.0,17,23,4,26,32.5,7,LV,ACT,new team
00-0040668,Shedeur Sanders,QB,CLE,CLE,8,84.9,84.9,84.9,10.61,10.61,10.61,37,37,33.5,1.5,9.92,1,2,120,212,1400,7,10,21,169,1,0,0,0,0,8,1,0.0,0.0,0.0,0,0,0,0,24.6,1,CLE,ACT,same team
00-0031408,Mike Evans,WR,TB,TB,8,54.8,69.8,84.8,6.85,8.73,10.6,75,76,19.2,0.0,5.8,0,1,0,0,0,0,0,0,0,0,62,30,368,3,3,0,0.243,0.348,0.609,0,0,0,0,33.0,12,SF,ACT,new team
00-0035208,Olamide Zaccheaus,WR,CHI,CHI,14,45.8,65.3,84.8,3.27,4.66,6.06,76,84,17.8,0.0,4.6,0,7,0,0,0,0,0,4,25,0,65,39,313,2,2,0,0.147,0.115,0.301,0,0,0,0,29.1,7,ATL,ACT,new team
00-0037801,KaVontae Turpin,WR,DAL,DAL,15,58.5,71.5,84.5,3.9,4.77,5.63,77,69,15.6,0.7,4.65,0,9,0,0,0,0,0,17,89,0,38,26,396,2,2,1,0.069,0.076,0.157,0,0,0,0,30.1,7,DAL,ACT,same team
00-0033921,Chris Godwin Jr.,WR,TB,TB,9,50.0,66.5,83.0,5.56,7.39,9.22,78,81,23.8,1.8,6.73,1,2,0,0,0,0,0,0,0,0,51,33,360,2,2,0,0.179,0.157,0.379,0,0,0,0,30.5,9,TB,ACT,same team
00-0036309,Darnell Mooney,WR,ATL,ATL,15,50.3,66.3,82.3,3.35,4.42,5.49,79,80,16.4,1.6,3.83,0,8,0,0,0,0,0,0,0,0,72,32,443,1,1,0,0.162,0.28,0.439,0,0,0,0,28.8,6,NYG,ACT,new team
00-0032385,Sterling Shepard,WR,TB,TB,13,43.0,62.5,82.0,3.31,4.81,6.31,80,87,12.0,1.5,3.63,0,5,0,0,0,0,0,4,19,0,53,39,371,1,1,1,0.127,0.134,0.284,0,0,0,0,33.6,,,,not rostered
00-0039498,Harrison Mevis,K,LA,LA,9,81.0,81.0,81.0,9.0,9.0,9.0,30,30,15.0,3.0,4.42,0,2,0,0,0,0,0,0,0,0,0,0,0,0,0,0,0.0,0.0,0.0,12,13,1,39,24.4,2,LA,ACT,same team
00-0038104,Tyquan Thornton,WR,KC,KC,12,61.8,71.3,80.8,5.15,5.94,6.73,81,66,18.1,0.0,5.71,0,5,0,0,0,0,0,0,0,0,37,19,438,3,3,0,0.09,0.275,0.328,0,0,0,0,26.1,4,KC,ACT,same team
00-0036290,Cole Kmet,TE,CHI,CHI,16,48.7,63.7,78.7,3.04,3.98,4.92,36,33,12.6,1.0,3.24,0,10,0,1,0,0,0,0,0,0,48,30,347,2,2,0,0.096,0.096,0.211,0,0,0,0,27.5,6,CHI,ACT,same team
00-0033526,Samaje Perine,RB,CIN,CIN,15,60.9,69.4,77.9,4.06,4.63,5.19,57,56,17.0,0.0,4.74,0,8,0,0,0,0,0,84,382,3,21,17,87,0,3,2,0.041,-0.009,0.056,0,0,0,0,31.0,9,CIN,ACT,same team
00-0035228,Kyler Murray,QB,ARI,ARI,5,77.8,77.8,77.8,15.56,15.56,15.56,38,38,18.3,14.0,1.78,0,0,110,161,962,6,3,29,173,1,0,0,0,0,7,1,0.0,0.0,0.0,0,0,0,0,29.1,7,MIN,ACT,new team
00-0038562,Jake Moody,K,WAS,SF/CHI/WAS,9,76.0,76.0,76.0,8.44,8.44,8.44,31,31,15.0,0.0,5.36,0,3,0,0,0,0,0,0,0,0,0,0,0,0,0,0,0.0,0.0,0.0,19,23,2,15,26.8,3,WAS,ACT,same team
00-0040669,Isaac TeSlaa,WR,DET,DET,14,59.9,67.9,75.9,4.28,4.85,5.42,82,68,15.2,0.0,5.61,0,8,0,0,0,0,0,0,0,0,27,16,239,6,6,0,0.057,0.12,0.17,0,0,0,0,24.5,1,DET,ACT,same team
00-0038393,Dontayvion Wicks,WR,GB,GB,13,45.8,60.8,75.8,3.52,4.68,5.83,83,83,28.0,1.5,7.02,1,8,0,0,0,0,0,1,6,0,46,30,332,2,2,0,0.128,0.169,0.31,0,0,0,0,25.2,3,PHI,ACT,new team
00-0035500,Greg Dortch,WR,ARI,ARI,12,46.1,60.6,75.1,3.84,5.05,6.26,84,82,18.6,0.8,6.02,0,7,0,0,0,0,0,7,15,1,33,29,206,3,4,0,0.068,0.012,0.11,0,0,0,0,28.3,7,DET,ACT,new team
00-0035644,Noah Fant,TE,CIN,CIN,13,40.8,57.8,74.8,3.14,4.45,5.75,37,41,14.4,-0.5,4.73,0,5,0,0,0,0,0,0,0,0,41,34,288,3,3,3,0.092,0.037,0.163,0,0,0,0,28.8,7,NO,ACT,new team
00-0040134,Pat Bryant,WR,DEN,DEN,13,43.8,59.3,74.8,3.37,4.56,5.75,85,86,13.2,0.0,4.14,0,6,0,0,0,0,0,0,0,0,49,31,378,1,1,0,0.11,0.162,0.278,0,0,0,0,23.7,1,DEN,ACT,same team
00-0039066,Michael Mayer,TE,LV,LV,13,38.8,56.3,73.8,2.98,4.33,5.68,38,44,17.9,0.0,5.6,0,7,0,0,0,0,0,0,0,0,50,35,328,1,1,0,0.137,0.131,0.297,0,0,0,0,25.2,3,LV,ACT,same team
00-0033857,JuJu Smith-Schuster,WR,KC,KC,17,40.5,57.0,73.5,2.38,3.35,4.32,86,93,13.6,0.0,4.1,0,12,0,0,0,0,0,0,0,0,45,33,345,1,1,0,0.086,0.06,0.171,0,0,0,0,29.8,9,NYG,ACT,new team
00-0038558,Darnell Washington,TE,PIT,PIT,13,42.4,57.9,73.4,3.26,4.45,5.65,39,39,10.7,2.0,2.91,0,6,0,0,0,0,0,0,0,0,43,31,364,1,1,1,0.112,0.119,0.251,0,0,0,0,25.0,3,PIT,ACT,same team
00-0033955,Jeremy McNichols,RB,WAS,WAS,16,47.7,60.2,72.7,2.98,3.76,4.54,58,62,13.8,0.0,3.78,0,10,0,0,0,0,0,44,221,1,31,25,196,0,1,1,0.078,-0.006,0.113,0,0,0,0,30.7,9,WAS,ACT,same team
00-0037614,John Metchie III,WR,NYJ,PHI/NYJ,13,38.9,55.4,71.9,2.99,4.26,5.53,87,99,18.5,0.0,5.42,0,6,0,0,0,0,0,3,-5,0,48,33,274,2,2,0,0.132,0.105,0.271,0,0,0,0,26.1,4,CAR,ACT,new team
00-0039798,Isaiah Davis,RB,NYJ,NYJ,16,50.2,60.7,71.2,3.14,3.79,4.45,59,61,17.9,0.0,5.17,0,11,0,0,0,0,0,43,236,1,28,21,186,0,1,0,0.063,-0.003,0.092,0,0,0,0,24.5,2,NYJ,ACT,same team
00-0033110,Tyler Higbee,TE,LA,LA,10,46.1,58.6,71.1,4.61,5.86,7.11,40,36,20.1,0.0,6.28,1,5,0,0,0,0,0,0,0,0,36,25,281,3,3,0,0.11,0.066,0.211,0,0,0,0,33.7,10,LA,ACT,same team
00-0034829,Mike Gesicki,TE,CIN,CIN,12,42.7,56.7,70.7,3.56,4.72,5.89,41,38,20.6,1.6,5.58,1,8,0,0,0,0,0,0,0,0,42,28,307,2,2,0,0.103,0.131,0.247,0,0,0,0,30.9,8,CIN,ACT,same team
00-0032950,Carson Wentz,QB,MIN,MIN,5,70.3,70.3,70.3,14.07,14.07,14.07,39,39,21.2,7.8,5.01,1,0,110,169,1216,6,5,11,57,0,0,0,0,0,6,0,0.0,0.0,0.0,0,0,0,0,33.7,10,MIN,ACT,same team
00-0040704,Dillon Gabriel,QB,CLE,CLE,10,70.1,70.1,70.1,7.01,7.01,7.01,40,40,20.1,0.0,7.05,1,5,110,185,937,7,2,14,86,0,0,0,0,0,7,0,0.0,0.0,0.0,0,0,0,0,25.7,1,CLE,ACT,same team
00-0040667,Matthew Golden,WR,GB,GB,14,41.0,55.5,70.0,2.93,3.96,5.0,88,92,13.2,0.0,4.3,0,9,0,0,0,0,0,10,49,0,44,29,361,0,0,0,0.124,0.194,0.322,0,0,0,0,23.1,1,GB,ACT,same team
00-0036415,Van Jefferson,WR,TEN,TEN,14,41.0,55.5,70.0,2.93,3.96,5.0,89,91,11.5,1.6,3.38,0,8,0,0,0,0,0,0,0,0,52,29,350,1,1,0,0.12,0.2,0.321,0,0,0,0,30.1,6,WAS,ACT,new team
00-0040727,Tre Harris,WR,LAC,LAC,16,39.4,54.4,69.4,2.46,3.4,4.34,90,95,9.4,0.0,2.88,0,10,0,0,0,0,0,2,10,0,43,30,324,1,1,0,0.091,0.089,0.199,0,0,0,0,24.5,1,LAC,ACT,same team
00-0036898,Davis Mills,QB,HOU,HOU,6,68.6,68.6,68.6,11.43,11.43,11.43,41,41,27.7,1.2,10.07,1,2,91,159,915,5,1,13,60,1,0,0,0,0,6,0,0.0,0.0,0.0,0,0,0,0,27.9,5,HOU,ACT,same team
00-0040138,Jaylin Noel,WR,HOU,HOU,17,42.4,55.4,68.4,2.49,3.26,4.02,91,89,14.6,-0.3,4.91,0,12,0,0,0,0,0,6,12,0,35,26,292,2,2,0,0.06,0.056,0.13,0,0,0,0,24.0,1,HOU,ACT,same team
00-0032211,Tyler Lockett,WR,LV,TEN/LV,17,35.1,51.1,67.1,2.06,3.01,3.95,92,105,10.2,0.0,3.54,0,11,0,0,0,0,0,0,0,0,55,32,291,1,1,0,0.111,0.133,0.26,0,0,0,0,33.9,,,,not rostered
00-0030564,DeAndre Hopkins,WR,BAL,BAL,17,45.0,56.0,67.0,2.65,3.29,3.94,93,85,14.4,0.0,4.17,0,13,0,0,0,0,0,0,0,0,39,22,330,2,2,0,0.099,0.153,0.255,0,0,0,0,34.2,,,,not rostered
00-0032464,Kalif Raymond,WR,DET,DET,15,42.8,54.8,66.8,2.85,3.65,4.45,94,88,16.2,0.0,4.69,0,10,0,0,0,0,0,2,19,0,30,24,289,1,1,0,0.06,0.05,0.125,0,0,0,0,32.1,10,CHI,ACT,new team
00-0039424,Devaughn Vele,WR,NO,NO,9,41.3,53.8,66.3,4.59,5.98,7.37,95,90,23.3,2.0,6.8,1,4,0,0,0,0,0,0,0,0,39,25,293,2,2,0,0.133,0.18,0.326,0,0,0,0,28.7,2,NO,ACT,same team
00-0034975,Justice Hill,RB,BAL,BAL,10,44.2,54.7,65.2,4.42,5.47,6.52,60,66,28.7,-0.1,8.56,1,5,0,0,0,0,0,18,93,2,27,21,169,1,3,0,0.1,-0.006,0.146,0,0,0,0,28.8,7,BAL,ACT,same team
00-0040648,Tory Horton,WR,SEA,SEA,8,52.1,58.6,65.1,6.51,7.32,8.14,96,79,20.8,0.0,8.7,1,4,0,0,0,0,0,0,0,0,22,13,161,5,5,0,0.106,0.168,0.276,0,0,0,0,23.8,1,SEA,ACT,same team
00-0039875,Ray Davis,RB,BUF,BUF,17,54.1,59.1,64.1,3.18,3.48,3.77,61,59,25.4,0.0,6.26,1,12,0,0,0,0,0,58,275,0,13,10,86,2,2,0,0.028,0.004,0.045,0,0,0,0,26.8,2,BUF,ACT,same team
00-0037005,Tommy Tremble,TE,CAR,CAR,15,36.9,50.4,63.9,2.46,3.36,4.26,42,47,15.2,0.0,4.54,0,10,0,0,0,0,0,0,0,0,37,27,249,2,2,0,0.091,0.058,0.178,0,0,0,0,26.2,5,CAR,ACT,same team
00-0040078,Brashard Smith,RB,KC,KC,17,38.3,50.8,63.3,2.25,2.99,3.72,62,70,13.1,0.0,4.01,0,10,0,0,0,0,0,44,151,0,35,25,172,1,1,0,0.066,-0.021,0.084,0,0,0,0,23.4,1,KC,ACT,same team
00-0037252,Greg Dulcich,TE,MIA,MIA,9,36.8,49.8,62.8,4.09,5.53,6.98,43,48,16.1,3.2,3.96,0,3,0,0,0,0,0,1,-7,0,33,26,335,1,1,1,0.154,0.092,0.296,0,0,0,0,26.4,4,MIA,ACT,same team
00-0039074,Davis Allen,TE,LA,LA,15,38.8,50.8,62.8,2.59,3.39,4.19,44,45,8.8,0.0,2.93,0,9,0,0,0,0,0,0,0,0,33,24,208,3,3,0,0.063,0.027,0.114,0,0,0,0,25.6,3,LA,ACT,same team
00-0037746,Brian Robinson,RB,SF,SF,17,54.5,58.5,62.5,3.21,3.44,3.68,63,58,11.5,0.0,3.2,0,14,0,0,0,0,0,92,400,2,12,8,25,0,2,0,0.021,-0.0,0.031,0,0,0,0,27.4,4,ATL,ACT,new team
00-0037838,Isaiah Likely,TE,BAL,BAL,12,34.7,48.2,61.7,2.89,4.02,5.14,45,50,12.5,0.0,4.1,0,7,0,0,0,0,0,0,0,0,36,27,307,1,1,1,0.12,0.12,0.264,0,0,0,0,26.4,4,NYG,ACT,new team
00-0039451,Isaiah Williams,WR,NYJ,NYJ,15,34.7,47.7,60.7,2.31,3.18,4.05,97,106,11.3,0.0,4.43,0,8,0,1,0,0,0,3,34,0,36,26,193,0,0,1,0.088,0.05,0.166,0,0,0,0,25.6,2,NYJ,ACT,same team
00-0038979,Cedric Tillman,WR,CLE,CLE,12,39.0,49.5,60.0,3.25,4.12,5.0,98,98,16.2,0.0,4.59,0,7,0,0,0,0,0,0,0,0,39,21,270,2,2,0,0.105,0.167,0.274,0,0,0,0,26.4,3,CLE,ACT,same team
00-0040202,Devin Neal,RB,NO,NO,9,43.0,51.5,60.0,4.78,5.72,6.67,64,68,15.4,0.1,5.27,0,4,0,0,0,0,0,57,206,2,19,17,104,0,2,0,0.061,-0.015,0.081,0,0,0,0,23.1,1,NO,ACT,same team
00-0038115,Daniel Bellinger,TE,NYG,NYG,13,40.6,50.1,59.6,3.12,3.85,4.58,46,42,17.8,0.0,5.37,0,9,0,0,0,0,0,0,0,0,26,19,286,2,2,0,0.063,0.066,0.141,0,0,0,0,25.9,4,TEN,ACT,new team
00-0028118,Tyrod Taylor,QB,NYJ,NYJ,6,59.5,59.5,59.5,9.91,9.91,9.91,42,42,21.3,-1.8,8.74,1,2,80,134,779,5,5,27,143,1,0,0,0,0,6,1,0.0,0.0,0.0,0,0,0,0,37.1,15,GB,ACT,new team
00-0032392,Austin Hooper,TE,NE,NE,13,38.3,48.8,59.3,2.95,3.75,4.56,47,46,9.1,0.0,2.94,0,7,0,0,0,0,0,0,0,0,26,21,263,2,2,0,0.071,0.069,0.155,0,0,0,0,31.8,10,ATL,ACT,new team
00-0038705,Emari Demercado,RB,ARI,ARI,12,45.3,51.8,58.3,3.78,4.32,4.86,65,65,13.4,0.0,4.3,0,7,0,0,0,0,0,44,312,0,20,13,101,1,1,1,0.043,0.005,0.068,0,0,0,0,27.6,3,KC,ACT,new team
00-0032775,Demarcus Robinson,WR,SF,SF,14,36.2,47.2,58.2,2.59,3.37,4.16,99,103,10.3,0.0,3.0,0,7,0,0,0,0,0,1,6,0,35,22,276,1,1,0,0.076,0.143,0.213,0,0,0,0,31.9,10,SF,ACT,same team
00-0039041,Elijah Higgins,TE,ARI,ARI,17,28.1,43.1,58.1,1.65,2.54,3.42,48,54,16.1,0.0,3.95,0,12,0,0,0,0,0,0,0,0,37,30,301,0,0,1,0.067,0.035,0.124,0,0,0,0,25.8,3,ARI,ACT,same team
00-0034775,Christian Kirk,WR,HOU,HOU,11,29.9,43.9,57.9,2.72,3.99,5.26,100,115,16.4,0.7,4.77,0,5,0,0,0,0,0,0,0,0,52,28,239,1,1,0,0.146,0.115,0.299,0,0,0,0,29.8,8,SF,ACT,new team
00-0039337,Malik Nabers,WR,NYG,NYG,4,39.1,48.1,57.1,9.77,12.03,14.28,101,97,37.7,3.3,16.12,1,2,0,0,0,0,0,0,0,0,35,18,271,2,2,0,0.271,0.439,0.713,0,0,0,0,23.1,2,NYG,ACT,same team
00-0029892,Kyle Juszczyk,FB,SF,SF,16,33.0,45.0,57.0,2.06,2.81,3.56,1,1,9.4,0.0,2.56,0,11,0,0,0,0,0,2,-3,0,28,24,213,2,2,0,0.055,0.03,0.104,0,0,0,0,35.4,13,SF,ACT,same team
00-0034084,Mike Badgley,K,IND,IND/BUF,9,57.0,57.0,57.0,6.33,6.33,6.33,32,32,12.0,0.0,3.43,0,2,0,0,0,0,0,0,0,0,0,0,0,0,0,0,0.0,0.0,0.0,11,12,2,20,31.1,,,,not rostered
00-0039576,Spencer Shrader,K,IND,IND,5,56.0,56.0,56.0,11.2,11.2,11.2,33,33,18.0,2.0,6.26,0,1,0,0,0,0,0,0,0,0,0,0,0,0,0,0,0.0,0.0,0.0,13,14,1,14,27.3,2,IND,ACT,same team
00-0039229,Charlie Smyth,K,NO,NO,6,56.0,56.0,56.0,9.33,9.33,9.33,34,34,19.0,4.0,5.89,0,1,0,0,0,0,0,0,0,0,0,0,0,0,0,0,0.0,0.0,0.0,12,16,4,13,25.2,2,NO,E14,same team
00-0036550,Rashod Bateman,WR,BAL,BAL,13,36.4,45.9,55.4,2.8,3.53,4.26,102,102,17.3,0.0,4.77,0,10,0,0,0,0,0,0,0,0,38,19,224,2,2,0,0.119,0.175,0.301,0,0,0,0,26.8,5,BAL,ACT,same team
00-0038454,Keaton Mitchell,RB,BAL,BAL,13,46.4,50.9,55.4,3.57,3.92,4.26,66,64,11.1,0.0,3.27,0,8,0,0,0,0,0,59,341,1,12,9,63,0,1,0,0.042,-0.015,0.053,0,0,0,0,24.6,3,LAC,ACT,new team
00-0035249,Josh Oliver,TE,MIN,MIN,12,40.0,47.5,55.0,3.33,3.96,4.58,49,43,16.4,0.0,5.0,0,9,0,0,0,0,0,0,0,0,19,15,160,4,4,0,0.065,0.037,0.124,0,0,0,0,29.4,7,MIN,ACT,same team
00-0040782,Isaiah Bond,WR,CLE,CLE,15,36.7,45.7,54.7,2.45,3.05,3.65,103,100,10.9,0.0,3.21,0,12,0,0,0,0,0,5,29,0,44,18,338,0,0,0,0.093,0.214,0.289,0,0,0,0,22.5,1,CLE,ACT,same team
00-0040198,Ollie Gordon II,RB,MIA,MIA,17,47.1,50.6,54.1,2.77,2.98,3.18,67,63,13.6,-0.3,4.35,0,13,0,0,0,0,0,70,199,3,9,7,32,1,4,0,0.018,-0.008,0.022,0,0,0,0,22.6,1,MIA,ACT,same team
00-0039356,Ja'Tavion Sanders,TE,CAR,CAR,12,25.0,39.5,54.0,2.08,3.29,4.5,50,58,12.4,0.0,3.84,0,8,0,0,0,0,0,0,0,0,34,29,190,1,1,0,0.092,0.053,0.175,0,0,0,0,23.4,2,CAR,ACT,same team
00-0038555,Tank Bigsby,RB,PHI,JAX/PHI,15,50.8,52.3,53.8,3.39,3.49,3.59,68,60,17.6,0.0,5.16,0,11,0,0,0,0,0,63,356,2,4,3,32,0,2,0,0.012,-0.001,0.017,0,0,0,0,24.0,3,PHI,ACT,same team
00-0033040,Tyreek Hill,WR,MIA,MIA,4,32.5,43.0,53.5,8.12,10.75,13.38,104,107,16.9,8.0,4.01,0,0,0,0,0,0,0,0,0,0,29,21,265,1,1,0,0.239,0.471,0.688,0,0,0,0,32.5,,,,not rostered
00-0040194,Jackson Hawes,TE,BUF,BUF,13,36.7,44.7,52.7,2.82,3.44,4.05,51,49,9.6,1.0,2.63,0,10,0,0,0,0,0,0,0,0,19,16,187,3,3,0,0.057,0.049,0.119,0,0,0,0,25.7,1,BUF,ACT,same team
00-0036988,Josh Palmer,WR,BUF,BUF,12,30.3,41.3,52.3,2.53,3.44,4.36,105,112,11.1,1.1,3.06,0,8,0,0,0,0,0,0,0,0,37,22,303,0,0,0,0.102,0.142,0.253,0,0,0,0,26.9,5,BUF,ACT,same team
00-0040737,Terrance Ferguson,TE,LA,LA,11,41.1,46.6,52.1,3.74,4.24,4.74,52,40,13.4,0.0,5.2,0,7,0,0,0,0,0,1,0,0,25,11,231,3,3,0,0.065,0.117,0.179,0,0,0,0,23.5,1,LA,ACT,same team
00-0039750,Joshua Karty,K,LA,LA,8,52.0,52.0,52.0,6.5,6.5,6.5,35,35,15.0,2.0,4.5,0,3,0,1,0,0,0,0,0,0,0,0,0,0,0,0,0.0,0.0,0.0,10,15,1,23,24.5,,,,not rostered
00-0031236,Brandin Cooks,WR,NO,NO/BUF,13,27.9,39.9,51.9,2.15,3.07,3.99,106,119,14.1,0.0,3.64,0,8,0,0,0,0,0,0,0,0,36,24,279,0,0,0,0.088,0.188,0.264,0,0,0,0,32.9,,,,not rostered
00-0033375,Tim Patrick,WR,JAX,JAX,13,36.7,44.2,51.7,2.82,3.4,3.98,107,101,18.8,0.0,5.7,0,10,0,0,0,0,0,0,0,0,24,15,187,3,3,0,0.062,0.069,0.141,0,0,0,0,32.8,9,NYJ,ACT,new team
00-0039355,Luke McCaffrey,WR,WAS,WAS,9,40.3,45.8,51.3,4.48,5.09,5.7,108,94,14.6,0.0,5.22,0,4,0,0,0,0,0,0,0,0,15,11,203,3,3,0,0.068,0.1,0.171,0,0,0,0,25.4,2,WAS,ACT,same team
00-0040164,Jaylin Lane,WR,WAS,WAS,15,35.2,43.2,51.2,2.35,2.88,3.41,109,104,9.0,0.0,2.83,0,9,0,0,0,0,0,1,7,0,32,16,225,0,0,1,0.083,0.116,0.205,0,0,0,0,24.3,1,WAS,ACT,same team
00-0038128,Malik Willis,QB,GB,GB,4,51.2,51.2,51.2,12.79,12.79,12.79,43,43,31.5,0.6,13.52,1,1,30,35,422,3,0,22,123,2,0,0,0,0,5,1,0.0,0.0,0.0,0,0,0,0,27.3,4,MIA,ACT,new team
00-0037741,Jahan Dotson,WR,PHI,PHI,15,32.2,41.2,50.2,2.15,2.75,3.35,110,108,11.0,0.0,3.48,0,11,0,0,0,0,0,0,0,0,36,18,262,1,1,0,0.083,0.138,0.222,0,0,0,0,26.4,4,ATL,ACT,new team
00-0029263,Russell Wilson,QB,NYG,NYG,6,49.8,49.8,49.8,8.31,8.31,8.31,44,44,30.3,0.0,11.51,1,3,69,119,831,3,3,18,106,0,0,0,0,0,3,0,0.0,0.0,0.0,0,0,0,0,37.8,,,,not rostered
00-0036626,Dyami Brown,WR,JAX,JAX,11,29.7,39.7,49.7,2.7,3.61,4.52,111,116,17.6,-1.6,5.36,0,7,0,0,0,0,0,6,30,0,37,20,227,1,1,1,0.099,0.174,0.27,0,0,0,0,26.8,5,WAS,ACT,new team
00-0040131,Kyle Williams,WR,NE,NE,14,39.2,44.2,49.2,2.8,3.16,3.51,112,96,14.2,-0.2,5.07,0,10,0,0,0,0,0,2,3,0,21,10,209,3,3,0,0.05,0.093,0.141,0,0,0,0,23.8,1,NE,ACT,same team
00-0039144,Luke Musgrave,TE,GB,GB,13,25.2,37.2,49.2,1.94,2.86,3.78,53,57,9.2,0.9,2.62,0,8,0,0,0,0,0,0,0,0,31,24,252,0,0,0,0.085,0.07,0.177,0,0,0,0,26.0,3,GB,ACT,same team
00-0035359,David Sills,WR,ATL,ATL,12,31.1,40.1,49.1,2.59,3.34,4.09,113,110,13.8,0.0,4.68,0,8,0,0,0,0,0,0,0,0,36,18,191,2,2,0,0.101,0.141,0.251,0,0,0,0,31.3,7,TB,ACT,new team
00-0035100,Jake Browning,QB,CIN,CIN,5,48.7,48.7,48.7,9.75,9.75,9.75,45,45,19.1,0.6,8.22,0,1,81,125,771,6,8,9,39,1,0,0,0,0,7,0,0.0,0.0,0.0,0,0,0,0,30.4,7,TB,ACT,new team
00-0039146,Jayden Reed,WR,GB,GB,5,29.5,39.0,48.5,5.9,7.8,9.7,114,117,13.5,7.1,2.48,0,0,0,0,0,0,0,3,28,0,22,19,207,1,1,0,0.171,0.126,0.344,0,0,0,0,26.3,3,GB,ACT,same team
00-0038359,Xavier Smith,WR,LA,LA,16,30.3,39.3,48.3,1.89,2.46,3.02,115,114,11.2,0.0,3.75,0,13,0,0,0,0,0,0,0,0,24,18,303,0,0,0,0.046,0.077,0.122,0,0,0,0,28.9,3,LA,ACT,same team
00-0039874,Jaylen Wright,RB,MIA,MIA,9,43.2,45.7,48.2,4.8,5.08,5.36,69,67,16.7,0.4,5.52,0,6,0,0,0,0,0,70,288,2,9,5,44,0,2,1,0.041,-0.031,0.04,0,0,0,0,23.4,2,MIA,ACT,same team
00-0040187,Mitchell Evans,TE,CAR,CAR,14,29.2,38.7,48.2,2.09,2.76,3.44,54,52,11.3,0.0,3.21,0,10,0,0,0,0,0,1,1,0,25,19,171,2,2,0,0.064,0.034,0.121,0,0,0,0,23.3,1,CAR,ACT,same team
00-0039373,Audric Estimé,RB,NO,NO,5,36.1,42.1,48.1,7.22,8.42,9.62,70,71,16.8,1.1,6.55,0,1,0,0,0,0,0,46,198,1,13,12,103,0,1,0,0.073,-0.001,0.109,0,0,0,0,23.0,2,NO,ACT,same team
00-0034613,Tanner Hudson,TE,CIN,CIN,10,28.8,38.3,47.8,2.88,3.83,4.78,55,53,11.0,1.4,3.15,0,5,0,0,0,0,0,0,0,0,24,19,168,2,2,0,0.064,0.038,0.123,0,0,0,0,31.8,8,CIN,ACT,same team
00-0034837,Calvin Ridley,WR,TEN,TEN,7,30.3,38.8,47.3,4.33,5.54,6.76,116,113,18.1,2.3,5.48,0,3,0,0,0,0,0,0,0,0,36,17,303,0,0,0,0.168,0.244,0.423,0,0,0,0,31.7,8,TEN,ACT,same team
00-0037805,Jeremy Ruckert,TE,NYJ,NYJ,14,23.9,35.4,46.9,1.71,2.53,3.35,56,59,7.5,0.0,2.33,0,11,0,0,0,0,0,0,0,0,29,23,179,1,1,0,0.073,0.029,0.13,0,0,0,0,26.1,4,NYJ,ACT,same team
00-0037666,Jalen Tolbert,WR,DAL,DAL,12,28.3,37.3,46.3,2.36,3.11,3.86,117,118,12.7,0.0,4.41,0,8,0,0,0,0,0,0,0,0,34,18,203,1,1,0,0.076,0.119,0.198,0,0,0,0,27.5,4,MIA,ACT,new team
00-0038679,Tyrell Shavers,WR,BUF,BUF,11,30.5,38.0,45.5,2.77,3.45,4.14,118,111,19.0,0.0,5.36,0,8,0,0,0,0,0,0,0,0,23,15,245,1,1,0,0.077,0.123,0.202,0,0,0,0,27.0,3,BUF,ACT,same team
00-0036422,Adam Trautman,TE,DEN,DEN,13,25.5,35.5,45.5,1.96,2.73,3.5,57,56,10.0,0.0,2.93,0,10,0,0,0,0,0,0,0,0,23,20,195,1,1,0,0.048,0.034,0.095,0,0,0,0,29.6,6,DEN,ACT,same team
00-0037542,John Parker Romo,K,ATL,ATL,7,44.0,44.0,44.0,6.29,6.29,6.29,36,36,18.0,-2.0,6.24,0,3,0,0,0,0,0,0,0,0,0,0,0,0,0,0,0.0,0.0,0.0,11,14,1,12,29.0,,,,not rostered
00-0037267,Jerome Ford,RB,CLE,CLE,13,17.6,30.6,43.6,1.35,2.35,3.35,71,86,10.4,-0.3,3.29,0,9,0,0,0,0,0,24,73,0,32,26,103,0,0,0,0.073,-0.014,0.099,0,0,0,0,27.0,4,WAS,ACT,new team
00-0031503,Jameis Winston,QB,NYG,NYG,3,42.3,42.8,43.3,14.09,14.26,14.43,46,46,32.2,0.0,16.38,1,1,37,66,567,2,2,7,23,1,1,1,33,1,4,1,0.01,0.011,0.022,0,0,0,0,32.7,11,NYG,ACT,same team
00-0040729,Jack Bech,WR,LV,LV,14,22.4,32.4,42.4,1.6,2.31,3.03,119,126,11.0,0.0,3.17,0,11,0,0,0,0,0,0,0,0,29,20,224,0,0,0,0.08,0.108,0.195,0,0,0,0,23.7,1,LV,ACT,same team
00-0033357,Taysom Hill,TE,NO,NO,13,30.8,36.3,41.8,2.37,2.79,3.21,58,51,15.3,-0.1,4.16,0,10,2,6,57,1,0,52,114,1,16,11,91,0,2,1,0.036,0.012,0.062,0,0,0,0,36.0,,,,not rostered
00-0037563,Malik Davis,RB,DAL,DAL,10,38.6,39.6,40.6,3.86,3.96,4.06,72,69,11.7,0.0,4.81,0,7,0,0,0,0,0,52,250,2,5,2,16,0,2,0,0.014,0.006,0.025,0,0,0,0,27.8,4,DAL,ACT,same team
00-0035993,Tyler Huntley,QB,BAL,BAL,5,40.1,40.1,40.1,8.03,8.03,8.03,47,47,16.7,-0.3,7.31,0,2,52,67,426,2,0,24,151,0,0,0,0,0,2,0,0.0,0.0,0.0,0,0,0,0,28.6,6,BAL,ACT,same team
00-0030035,Adam Thielen,WR,MIN,MIN/PIT,14,20.6,30.1,39.6,1.47,2.15,2.83,120,130,8.9,0.0,2.65,0,12,0,0,0,0,0,0,0,0,35,19,186,0,0,0,0.077,0.085,0.175,0,0,0,0,36.0,13,MIN,RET,same team
00-0038440,Zavier Scott,RB,MIN,MIN,11,25.2,32.2,39.2,2.29,2.93,3.56,73,75,16.4,-0.2,4.67,0,9,0,0,0,0,0,32,114,0,16,14,98,1,1,1,0.044,-0.007,0.06,0,0,0,0,27.1,3,MIN,ACT,same team
00-0036637,Noah Gray,TE,KC,KC,14,17.8,28.3,38.8,1.27,2.02,2.77,59,64,6.0,0.0,2.03,0,12,0,0,0,0,0,0,0,0,37,21,178,0,0,0,0.082,0.06,0.165,0,0,0,0,27.3,5,KC,ACT,same team
00-0039739,Roman Wilson,WR,PIT,PIT,9,26.6,32.6,38.6,2.96,3.62,4.29,121,121,17.4,-0.6,6.11,0,7,0,0,0,0,0,0,0,0,21,12,166,2,2,1,0.077,0.155,0.224,0,0,0,0,25.2,2,PIT,ACT,same team
00-0032398,Chris Moore,WR,WAS,WAS,10,27.6,33.1,38.6,2.76,3.31,3.86,122,120,13.6,0.0,4.32,0,8,0,0,0,0,0,1,9,0,23,11,207,1,1,0,0.09,0.137,0.232,0,0,0,0,33.2,,,,not rostered
00-0026858,Graham Gano,K,NYG,NYG,5,38.0,38.0,38.0,7.6,7.6,7.6,37,37,13.0,3.0,3.85,0,1,0,0,0,0,0,0,0,0,0,0,0,0,0,0,0.0,0.0,0.0,9,10,1,9,39.4,,,,not rostered
00-0032104,Ameer Abdullah,RB,IND,IND,13,21.9,29.9,37.9,1.68,2.3,2.92,74,80,9.7,0.0,2.72,0,11,0,0,0,0,0,14,60,1,17,16,99,0,1,1,0.043,-0.002,0.064,0,0,0,0,33.2,11,JAX,ACT,new team
00-0036427,Tyler Johnson,WR,NYJ,NYJ,9,25.7,31.7,37.7,2.86,3.52,4.19,123,123,15.4,0.0,5.22,0,5,0,0,0,0,0,0,0,0,18,12,197,1,1,0,0.078,0.108,0.193,0,0,0,0,28.0,6,DAL,ACT,new team
00-0039792,Devontez Walker,WR,BAL,BAL,8,31.6,34.6,37.6,3.95,4.33,4.7,124,109,16.6,0.0,6.47,0,6,0,0,0,0,0,0,0,0,8,6,136,3,3,0,0.043,0.088,0.125,0,0,0,0,25.2,2,BAL,ACT,same team
00-0038738,Hunter Luepke,RB,DAL,DAL,14,24.0,30.5,37.0,1.71,2.18,2.64,75,76,8.7,0.0,2.83,0,10,0,0,0,0,0,16,71,0,15,13,109,1,1,0,0.033,-0.003,0.048,0,0,0,0,26.5,3,DAL,ACT,same team
00-0040739,Elijah Arroyo,TE,SEA,SEA,13,21.9,29.4,36.9,1.68,2.26,2.84,60,61,10.9,0.0,3.33,0,9,0,0,0,0,0,0,0,0,26,15,179,1,1,1,0.079,0.084,0.177,0,0,0,0,23.4,1,SEA,ACT,same team
00-0036754,Brock Wright,TE,DET,DET,8,22.8,29.8,36.8,2.85,3.73,4.6,61,60,11.8,0.0,4.21,0,4,0,0,0,0,0,0,0,0,22,14,108,2,2,0,0.088,0.013,0.141,0,0,0,0,27.8,5,DET,ACT,same team
00-0039751,Jordan Whittington,WR,LA,LA,15,18.3,27.3,36.3,1.22,1.82,2.42,125,139,6.2,0.0,2.18,0,12,0,0,0,0,0,3,12,0,25,18,171,0,0,0,0.051,0.038,0.102,0,0,0,0,25.9,2,LA,ACT,same team
00-0038046,Charlie Kolar,TE,BAL,BAL,13,26.2,31.2,36.2,2.02,2.4,2.78,62,55,10.3,0.0,3.23,0,11,0,0,0,0,0,0,0,0,15,10,142,2,2,0,0.046,0.037,0.095,0,0,0,0,27.6,4,LAC,ACT,new team
00-0034983,Hunter Renfrow,WR,CAR,CAR,6,20.9,28.4,35.9,3.48,4.73,5.98,126,128,23.8,1.7,8.75,1,5,0,0,0,0,0,0,0,0,26,15,89,2,2,0,0.13,0.132,0.288,0,0,0,0,30.7,,,,not rostered
00-0035645,Gunner Olszewski,WR,NYG,NYG,16,25.8,30.8,35.8,1.61,1.93,2.24,127,122,18.2,0.0,5.01,0,13,1,2,33,1,0,0,0,0,13,10,145,1,2,1,0.026,0.04,0.066,0,0,0,0,29.8,7,NYG,RES,same team
00-0037085,Tyler Badie,RB,DEN,DEN,16,16.4,25.9,35.4,1.02,1.62,2.21,76,89,4.8,0.0,1.7,0,16,0,0,0,0,0,8,23,0,31,19,141,0,0,0,0.053,-0.039,0.053,0,0,0,0,27.6,4,DEN,ACT,same team
00-0039921,Trey Benson,RB,ARI,ARI,4,22.4,28.9,35.4,5.6,7.22,8.85,77,79,10.4,8.1,1.05,0,0,0,0,0,0,0,29,160,0,16,13,64,0,0,0,0.129,-0.027,0.175,0,0,0,0,24.1,2,ARI,ACT,same team
00-0035406,Lil'Jordan Humphrey,WR,DEN,NYG/DEN,7,21.6,28.1,34.6,3.09,4.01,4.94,128,127,13.2,0.0,4.97,0,4,0,0,0,0,0,0,0,0,25,13,156,1,1,0,0.111,0.15,0.272,0,0,0,0,28.4,7,DEN,ACT,same team
00-0033553,James Conner,RB,ARI,ARI,3,25.3,29.3,33.3,8.43,9.77,11.1,78,74,14.4,6.7,3.97,0,0,0,0,0,0,0,32,95,1,9,8,38,1,2,0,0.099,-0.019,0.135,0,0,0,0,31.3,9,ARI,ACT,same team
00-0038551,Kendre Miller,RB,NO,NO,7,28.3,30.8,33.3,4.04,4.4,4.76,79,72,12.5,0.7,3.91,0,4,0,0,0,0,0,47,193,1,5,5,30,0,1,0,0.021,-0.001,0.031,0,0,0,0,24.2,3,NO,ACT,same team
00-0040234,Quinn Ewers,QB,MIA,MIA,4,32.2,32.7,33.2,8.04,8.17,8.29,48,48,15.8,2.1,5.66,0,1,55,83,622,3,3,8,19,0,1,1,-6,0,3,0,0.011,-0.008,0.012,0,0,0,0,23.5,1,MIA,ACT,same team
00-0037231,Kevin Austin Jr.,WR,NO,NO,5,20.0,26.5,33.0,4.0,5.3,6.6,129,133,15.2,0.0,5.63,0,2,0,0,0,0,0,0,0,0,23,13,140,1,1,0,0.14,0.13,0.301,0,0,0,0,26.4,4,NO,ACT,same team
00-0038685,Chris Brooks,RB,GB,GB,17,19.7,26.2,32.7,1.16,1.54,1.92,80,82,6.1,0.0,2.02,0,15,0,0,0,0,0,27,106,0,17,13,91,0,0,0,0.036,0.002,0.055,0,0,0,0,26.6,3,GB,ACT,same team
00-0037004,Hunter Long,TE,JAX,JAX,7,20.5,26.5,32.5,2.93,3.79,4.64,63,62,11.3,1.3,3.59,0,5,0,0,0,0,0,0,0,0,17,12,85,2,2,0,0.069,0.036,0.128,0,0,0,0,28.0,5,JAX,ACT,same team
00-0034272,Marquez Valdes-Scantling,WR,PIT,SF/PIT,9,18.0,25.0,32.0,2.0,2.78,3.56,130,140,8.9,0.0,3.34,0,6,0,0,0,0,0,0,0,0,29,14,120,1,1,0,0.083,0.151,0.23,0,0,0,0,31.9,8,DAL,ACT,new team
00-0040530,Ben Sauls,K,NYG,NYG,3,32.0,32.0,32.0,10.67,10.67,10.67,38,38,15.0,7.0,4.04,0,0,0,0,0,0,0,0,0,0,0,0,0,0,0,0,0.0,0.0,0.0,8,8,0,7,25.1,1,NYG,ACT,same team
00-0035631,Drew Sample,TE,CIN,CIN,12,16.9,24.4,31.9,1.41,2.03,2.66,64,67,10.0,0.0,2.85,0,10,0,0,0,0,0,1,3,0,20,15,106,1,1,0,0.049,0.001,0.074,0,0,0,0,30.4,7,CIN,ACT,same team
00-0022942,Philip Rivers,QB,IND,IND,3,31.7,31.7,31.7,10.55,10.55,10.55,49,49,17.1,6.8,5.67,0,0,58,92,544,4,3,2,-1,0,0,0,0,0,4,0,0.0,0.0,0.0,0,0,0,0,44.7,,,,not rostered
00-0038839,Mitchell Tinsley,WR,CIN,CIN,8,23.6,27.6,31.6,2.95,3.45,3.95,131,125,10.9,0.0,3.87,0,6,0,0,0,0,0,0,0,0,24,8,116,2,2,0,0.083,0.138,0.221,0,0,0,0,27.0,3,CIN,ACT,same team
00-0039920,Malachi Corley,WR,CLE,CLE,12,20.6,26.1,31.6,1.72,2.17,2.63,132,131,6.1,0.2,1.88,0,10,0,0,0,0,0,13,127,0,14,11,79,0,0,0,0.05,-0.007,0.07,0,0,0,0,24.4,2,CLE,ACT,same team
00-0038794,Jaleel McLaughlin,RB,DEN,DEN,8,27.4,29.4,31.4,3.43,3.68,3.92,81,73,8.4,0.0,2.83,0,6,0,0,0,0,0,37,187,1,6,4,27,0,1,0,0.026,-0.06,-0.004,0,0,0,0,26.0,3,DEN,ACT,same team
00-0036849,Tutu Atwell,WR,LA,LA,8,25.2,28.2,31.2,3.15,3.52,3.9,133,124,15.8,0.0,5.69,0,6,0,0,0,0,0,0,0,0,15,6,192,1,1,0,0.049,0.089,0.136,0,0,0,0,26.9,5,MIA,ACT,new team
00-0033869,Mitchell Trubisky,QB,BUF,BUF,4,31.1,31.1,31.1,7.78,7.78,7.78,50,50,28.9,0.4,14.06,1,3,25,35,313,4,0,9,6,0,0,0,0,0,4,0,0.0,0.0,0.0,0,0,0,0,32.0,9,TEN,ACT,new team
00-0038720,Julian Hill,TE,MIA,MIA,11,16.0,23.5,31.0,1.45,2.14,2.82,65,69,6.2,0.0,2.0,0,9,0,0,0,0,0,0,0,0,20,15,140,0,0,0,0.067,0.026,0.118,0,0,0,0,26.1,3,NE,RES,new team
00-0040206,Riley Leonard,QB,IND,IND,5,31.0,31.0,31.0,6.2,6.2,6.2,51,51,22.6,-2.0,10.35,1,3,39,67,415,2,3,6,27,2,0,0,-3,0,4,2,0.0,0.0,0.0,0,0,0,0,24.0,1,IND,ACT,same team
00-0036196,Gabe Davis,WR,BUF,BUF,6,18.9,24.9,30.9,3.15,4.15,5.15,134,137,15.1,0.0,5.43,0,4,0,0,0,0,0,0,0,0,18,12,129,1,1,0,0.106,0.174,0.281,0,0,0,0,27.5,,,,not rostered
00-0033217,Mo Alie-Cox,TE,IND,IND,11,17.7,24.2,30.7,1.61,2.2,2.79,66,65,11.0,0.0,3.17,0,9,0,0,0,0,0,0,0,0,20,13,117,1,1,0,0.056,0.034,0.109,0,0,0,0,33.0,9,IND,ACT,same team
00-0033891,Zay Jones,WR,ARI,ARI,6,18.3,24.3,30.3,3.05,4.05,5.05,135,138,12.9,0.0,4.88,0,4,0,0,0,0,0,0,0,0,18,12,183,0,0,0,0.085,0.142,0.227,0,0,0,0,31.4,,,,not rostered
00-0038840,Brycen Tremayne,WR,CAR,CAR,15,16.0,23.0,30.0,1.07,1.53,2.0,136,144,7.8,0.0,2.66,0,13,0,0,0,0,0,0,0,0,18,14,160,0,0,0,0.037,0.059,0.097,0,0,0,0,26.8,3,CAR,ACT,same team
00-0039855,Jalen McMillan,WR,TB,TB,4,17.9,23.9,29.9,4.48,5.97,7.47,137,141,18.4,2.1,7.44,0,2,0,0,0,0,0,1,1,0,15,12,178,0,0,0,0.108,0.142,0.262,0,0,0,0,24.7,2,TB,ACT,same team
00-0039405,Jawhar Jordan,RB,HOU,HOU,4,22.7,26.2,29.7,5.68,6.55,7.43,82,77,13.8,0.3,6.51,0,2,0,0,0,0,0,43,193,0,7,7,34,0,0,0,0.056,-0.017,0.072,0,0,0,0,27.0,2,HOU,ACT,same team
00-0036887,Luke Farrell,TE,SF,SF,13,18.5,24.0,29.5,1.42,1.85,2.27,67,63,9.5,0.0,3.32,0,11,0,0,0,0,0,0,0,0,14,11,85,2,2,1,0.032,0.014,0.058,0,0,0,0,28.9,5,SF,ACT,same team
00-0031687,Raheem Mostert,RB,LV,LV,12,17.4,23.4,29.4,1.45,1.95,2.45,83,87,8.3,-0.4,2.3,0,10,0,0,0,0,0,22,104,0,12,12,70,0,0,0,0.035,-0.008,0.047,0,0,0,0,34.4,,,,not rostered
00-0037742,Treylon Burks,WR,WAS,WAS,8,19.0,24.0,29.0,2.38,3.0,3.63,138,136,8.8,0.0,3.25,0,5,0,0,0,0,0,0,0,0,22,10,130,1,1,0,0.125,0.174,0.31,0,0,0,0,26.4,4,WAS,ACT,same team
00-0033702,Younghoe Koo,K,NYG,ATL/NYG,6,29.0,29.0,29.0,4.83,4.83,4.83,39,39,10.0,1.0,4.26,0,3,0,0,0,0,0,0,0,0,0,0,0,0,0,0,0.0,0.0,0.0,6,9,0,13,32.1,,,,not rostered
00-0040218,Jimmy Horn Jr.,WR,CAR,CAR,10,17.7,23.2,28.7,1.77,2.32,2.87,139,142,6.7,0.9,1.73,0,8,0,0,0,0,0,8,69,0,15,11,108,0,0,0,0.064,0.027,0.114,0,0,0,0,24.0,1,CAR,ACT,same team
00-0036980,Elijah Moore,WR,BUF,BUF,9,19.6,24.1,28.6,2.18,2.68,3.18,140,135,10.7,0.0,3.42,0,7,0,0,0,0,0,6,24,1,17,9,112,0,1,0,0.068,0.096,0.169,0,0,0,0,26.4,5,PHI,ACT,new team
00-0040398,Brady Cook,QB,NYJ,NYJ,5,28.5,28.5,28.5,5.69,5.69,5.69,52,52,9.1,2.5,3.1,0,3,88,153,739,2,7,13,49,0,0,0,0,0,2,1,0.0,0.0,0.0,0,0,0,0,24.9,1,NYJ,ACT,same team
00-0039912,Ben Sinnott,TE,WAS,WAS,9,17.4,22.9,28.4,1.93,2.54,3.16,68,66,7.4,0.0,2.37,0,7,0,0,0,0,0,0,0,0,13,11,114,1,1,0,0.068,0.063,0.146,0,0,0,0,24.2,2,WAS,ACT,same team
00-0036165,Isaiah Hodgins,WR,NYG,NYG,6,17.5,22.5,27.5,2.92,3.75,4.58,141,143,12.2,0.0,5.37,0,4,0,0,0,0,0,0,0,0,19,10,115,1,1,0,0.102,0.13,0.244,0,0,0,0,27.9,6,NYG,ACT,same team
00-0037304,Connor Heyward,FB,PIT,PIT,14,24.4,25.9,27.4,1.74,1.85,1.96,2,2,8.2,0.0,3.04,0,11,0,0,0,0,0,15,43,2,4,3,21,1,3,0,0.009,0.008,0.018,0,0,0,0,27.6,4,LV,ACT,new team
00-0036628,John Bates,TE,WAS,WAS,10,16.3,21.8,27.3,1.63,2.18,2.73,69,68,9.3,0.0,2.65,0,9,0,0,0,0,0,0,0,0,16,11,103,1,1,0,0.068,0.029,0.123,0,0,0,0,28.8,5,WAS,ACT,same team
00-0038547,Luke Schoonmaker,TE,DAL,DAL,14,13.2,20.2,27.2,0.94,1.44,1.94,70,73,4.5,0.0,1.43,0,14,0,0,0,0,0,0,0,0,23,14,132,0,0,0,0.046,0.04,0.097,0,0,0,0,27.9,3,DAL,ACT,same team
00-0035243,Miles Sanders,RB,DAL,DAL,4,18.7,22.7,26.7,4.67,5.68,6.68,84,85,9.9,4.0,2.88,0,2,0,0,0,0,0,20,117,1,8,8,30,0,1,1,0.047,-0.008,0.065,0,0,0,0,29.3,,,,not rostered
00-0040277,Jahdae Walker,WR,CHI,CHI,6,20.7,23.7,26.7,3.45,3.95,4.45,142,129,11.6,0.0,5.34,0,3,0,0,0,0,0,0,0,0,10,6,87,2,2,0,0.052,0.074,0.129,0,0,0,0,24.2,1,CHI,ACT,same team
00-0040311,Theo Wease Jr.,WR,MIA,MIA,3,19.9,22.9,25.9,6.63,7.63,8.63,143,134,13.3,5.2,4.19,0,0,0,0,0,0,0,0,0,0,10,6,139,1,1,0,0.131,0.231,0.358,0,0,0,0,25.2,1,MIA,ACT,same team
00-0036755,Jaret Patterson,RB,LAC,LAC,6,22.7,24.2,25.7,3.78,4.03,4.28,85,78,11.4,0.1,4.32,0,4,0,0,0,0,0,41,159,1,4,3,8,0,1,0,0.018,-0.0,0.026,0,0,0,0,26.7,5,LAC,ACT,same team
00-0040009,Savion Williams,WR,GB,GB,12,15.5,20.5,25.5,1.29,1.71,2.12,144,145,7.9,-0.1,2.5,0,10,0,0,0,0,0,11,37,0,10,10,78,1,1,1,0.026,0.004,0.042,0,0,0,0,24.8,1,GB,ACT,same team
00-0037306,John FitzPatrick,TE,GB,GB,11,13.2,19.2,25.2,1.2,1.75,2.29,71,72,9.2,0.0,2.72,0,10,0,0,0,0,0,0,0,0,15,12,72,1,1,0,0.05,0.015,0.086,0,0,0,0,26.5,,,,not rostered
00-0040590,Konata Mumpfield,WR,LA,LA,10,15.2,20.2,25.2,1.52,2.02,2.52,145,146,7.5,0.0,2.91,0,8,0,0,0,0,0,0,0,0,23,10,92,1,1,0,0.062,0.072,0.143,0,0,0,0,23.9,1,LA,ACT,same team
00-0040238,LeQuint Allen Jr.,RB,JAX,JAX,16,14.8,19.8,24.8,0.93,1.24,1.55,86,91,3.6,0.0,1.05,0,16,0,0,0,0,0,23,94,0,11,10,54,0,0,0,0.021,-0.004,0.029,0,0,0,0,22.1,1,JAX,ACT,same team
00-0034365,Ian Thomas,TE,LV,LV,9,11.4,17.9,24.4,1.27,1.99,2.71,72,75,7.6,0.0,2.45,0,7,0,0,0,0,0,0,0,0,13,13,114,0,0,0,0.043,0.024,0.082,0,0,0,0,30.2,8,LV,ACT,same team
00-0026300,Josh Johnson,QB,WAS,WAS,3,24.4,24.4,24.4,8.13,8.13,8.13,53,53,15.7,-0.3,8.04,0,1,34,54,372,1,2,12,55,1,0,0,0,0,2,1,0.0,0.0,0.0,0,0,0,0,40.3,18,CIN,ACT,new team
00-0037091,Bo Melton,WR,GB,GB,13,20.2,22.2,24.2,1.55,1.71,1.86,146,132,11.5,0.0,3.35,0,12,0,0,0,0,0,5,35,0,13,4,107,1,1,0,0.04,0.049,0.095,0,0,0,0,27.3,4,GB,ACT,same team
00-0039796,Rasheen Ali,RB,BAL,BAL,15,15.2,19.7,24.2,1.01,1.31,1.61,87,90,11.2,0.0,2.92,0,14,0,0,0,0,0,7,24,0,11,9,68,1,1,0,0.037,0.0,0.055,0,0,0,0,25.5,2,BAL,ACT,same team
00-0033854,Dare Ogunbowale,RB,HOU,HOU,14,14.1,19.1,24.1,1.01,1.36,1.72,88,93,6.5,0.0,2.24,0,12,0,0,0,0,0,11,25,1,13,10,76,0,1,1,0.031,0.012,0.054,0,0,0,0,32.3,,,,not rostered
00-0039530,Brevyn Spann-Ford,TE,DAL,DAL,16,15.0,19.5,24.0,0.94,1.22,1.5,73,70,7.4,0.0,2.19,0,14,0,0,0,0,0,0,0,0,13,9,90,1,1,0,0.025,0.026,0.056,0,0,0,0,26.7,2,DAL,ACT,same team
00-0040581,Dont'e Thornton Jr.,WR,LV,LV,11,13.5,18.5,23.5,1.23,1.68,2.14,147,151,6.5,0.0,2.18,0,10,0,0,0,0,0,0,0,0,30,10,135,0,0,0,0.099,0.249,0.323,0,0,0,0,23.8,1,LV,ACT,same team
00-0036328,Antonio Gibson,RB,NE,NE,5,21.2,22.2,23.2,4.24,4.44,4.64,89,81,9.8,0.3,4.41,0,3,0,0,0,0,0,25,106,1,3,2,6,0,1,1,0.02,-0.009,0.024,0,0,0,0,28.2,,,,not rostered
00-0033943,Josh Reynolds,WR,NYJ,NYJ,5,12.1,17.6,23.1,2.42,3.52,4.62,148,155,7.9,0.0,2.97,0,2,0,0,0,0,0,0,0,0,21,11,101,0,0,0,0.157,0.215,0.386,0,0,0,0,31.5,,,,not rostered
00-0034521,Allen Lazard,WR,NYJ,NYJ,9,13.0,18.0,23.0,1.44,2.0,2.56,149,153,9.3,0.0,2.69,0,8,0,0,0,0,0,0,0,0,18,10,70,1,1,0,0.063,0.057,0.135,0,0,0,0,30.7,,,,not rostered
00-0034959,Andrew Beck,FB,NYJ,NYJ,11,17.0,20.0,23.0,1.55,1.82,2.09,3,3,7.2,0.0,2.68,0,9,0,0,0,0,0,1,5,0,9,6,45,2,2,0,0.03,0.016,0.056,0,0,0,0,30.3,7,NYJ,ACT,same team
00-0037086,Grant Calcaterra,TE,PHI,PHI,9,13.6,18.1,22.6,1.51,2.01,2.51,74,71,10.1,0.0,3.08,0,8,0,0,0,0,0,0,0,0,13,9,76,1,1,0,0.055,0.039,0.109,0,0,0,0,27.7,4,PHI,ACT,same team
00-0035189,Matthew Wright,K,HOU,TEN/WAS/HOU,4,22.0,22.0,22.0,5.5,5.5,5.5,40,40,12.0,1.0,4.65,0,2,0,0,0,0,0,0,0,0,0,0,0,0,0,0,0.0,0.0,0.0,5,5,0,4,30.4,,,,not rostered
00-0033282,Curtis Samuel,WR,BUF,BUF,6,14.1,17.6,21.1,2.35,2.93,3.52,150,149,10.6,0.0,3.72,0,5,0,0,0,0,0,0,0,0,9,7,81,1,1,0,0.054,0.086,0.141,0,0,0,0,30.1,,,,not rostered
00-0039299,George Holani,RB,SEA,SEA,10,18.8,19.8,20.8,1.88,1.98,2.08,90,84,9.1,0.0,3.24,0,8,0,0,0,0,0,22,73,1,2,2,15,0,1,1,0.01,-0.001,0.015,0,0,0,0,26.7,2,SEA,ACT,same team
00-0039379,Jamari Thrash,WR,CLE,CLE,8,10.7,15.7,20.7,1.34,1.96,2.59,151,159,5.1,0.0,1.54,0,7,0,0,0,0,0,0,0,0,15,10,107,0,0,0,0.058,0.077,0.14,0,0,0,0,25.7,2,CLE,ACT,same team
00-0034159,Will Dissly,TE,LAC,LAC,8,9.7,15.2,20.7,1.21,1.9,2.59,75,80,5.8,0.0,1.86,0,7,0,0,0,0,0,0,0,0,16,11,97,0,0,0,0.061,0.026,0.109,0,0,0,0,30.1,,,,not rostered
00-0040586,Jaydon Blue,RB,DAL,DAL,5,19.4,19.9,20.4,3.88,3.98,4.08,91,83,12.4,0.0,4.97,0,4,0,0,0,0,0,38,129,1,1,1,5,0,1,0,0.007,-0.005,0.007,0,0,0,0,22.6,1,DAL,ACT,same team
00-0039623,Mason Tipton,WR,NO,NO,8,9.4,14.9,20.4,1.17,1.86,2.55,152,164,8.1,0.0,3.35,0,6,0,0,0,0,0,4,18,0,17,11,76,0,0,0,0.054,0.057,0.121,0,0,0,0,25.9,2,NO,ACT,same team
00-0040466,Raheim Sanders,RB,CLE,CLE,4,17.3,18.8,20.3,4.32,4.7,5.07,92,88,6.3,4.1,1.05,0,2,0,0,0,0,0,27,92,1,4,3,21,0,1,0,0.043,0.026,0.082,0,0,0,0,24.2,1,CLE,ACT,same team
00-0033246,Johnny Mundt,TE,JAX,JAX,12,11.1,15.6,20.1,0.92,1.3,1.68,76,76,4.5,0.0,1.44,0,12,0,0,0,0,0,0,0,0,19,9,111,0,0,0,0.051,0.031,0.098,0,0,0,0,31.8,9,PHI,ACT,new team
00-0035021,Ashton Dulin,WR,IND,IND,12,15.0,17.5,20.0,1.25,1.46,1.67,153,147,7.5,0.0,2.55,0,10,0,0,0,0,0,3,44,0,10,5,106,0,0,0,0.027,0.048,0.074,0,0,0,0,29.3,7,IND,ACT,same team
00-0038152,Lucas Havrisik,K,GB,GB,3,20.0,20.0,20.0,6.67,6.67,6.67,41,41,11.0,-1.0,6.66,0,1,0,0,0,0,0,0,0,0,0,0,0,0,0,0,0.0,0.0,0.0,4,4,1,7,26.9,4,GB,ACT,same team
00-0036182,Nick Westbrook-Ikhine,WR,MIA,MIA,13,8.9,14.4,19.9,0.68,1.11,1.53,154,167,4.6,0.0,1.77,0,13,0,0,0,0,0,0,0,0,20,11,89,0,0,0,0.052,0.046,0.109,0,0,0,0,29.4,6,IND,ACT,new team
00-0039359,Cade Stover,TE,HOU,HOU,6,7.9,13.9,19.9,1.32,2.32,3.32,77,86,6.2,0.0,2.26,0,4,0,0,0,0,0,4,3,0,16,12,76,0,0,0,0.093,0.022,0.155,0,0,0,0,26.2,2,HOU,ACT,same team
00-0034860,Dante Pettis,WR,NO,NO,8,10.7,15.2,19.7,1.34,1.9,2.46,155,160,11.0,0.0,4.1,0,6,0,0,0,0,0,0,0,0,11,9,127,0,0,1,0.042,0.042,0.093,0,0,0,0,30.9,,,,not rostered
00-0039746,Will Shipley,RB,PHI,PHI,14,10.5,15.0,19.5,0.75,1.07,1.39,93,97,5.4,0.0,1.58,0,13,0,0,0,0,0,14,49,0,12,9,56,0,0,1,0.029,-0.002,0.042,0,0,0,0,24.0,2,PHI,ACT,same team
00-0040024,Darius Cooper,WR,PHI,PHI,6,9.2,13.7,18.2,1.53,2.28,3.03,156,166,6.3,0.0,2.29,0,5,0,0,0,0,0,0,0,0,11,9,92,0,0,0,0.064,0.068,0.144,0,0,0,0,24.8,1,PHI,ACT,same team
00-0037348,Tanner Conner,TE,MIA,MIA,8,9.1,13.6,18.1,1.14,1.7,2.26,78,82,4.0,0.0,1.59,0,8,0,0,0,0,0,0,0,0,15,9,91,0,0,0,0.06,0.061,0.133,0,0,0,0,28.5,4,NYG,ACT,new team
00-0035891,Cody White,WR,SEA,SEA,8,15.0,16.5,18.0,1.88,2.06,2.25,157,148,13.0,0.0,4.5,0,7,0,0,0,0,0,0,0,0,4,3,90,1,1,0,0.02,0.029,0.05,0,0,0,0,27.8,6,SEA,ACT,same team
00-0039589,Kameron Johnson,WR,TB,TB,17,13.7,15.7,17.7,0.81,0.92,1.04,158,150,16.4,0.0,3.97,0,16,0,0,0,0,0,2,13,0,7,4,64,1,1,0,0.015,0.019,0.036,0,0,0,0,24.5,2,TB,ACT,same team
00-0036590,Quintin Morris,TE,JAX,JAX,11,11.5,14.5,17.5,1.05,1.32,1.59,79,74,7.5,0.0,2.38,0,10,0,0,0,0,0,0,0,0,9,6,55,1,1,0,0.032,0.018,0.06,0,0,0,0,27.6,5,JAX,ACT,same team
00-0034270,Tyler Conklin,TE,LAC,LAC,6,10.3,13.8,17.3,1.72,2.3,2.88,80,79,7.2,0.0,2.69,0,4,0,0,0,0,0,1,2,0,10,7,101,0,0,0,0.047,0.035,0.094,0,0,0,0,31.1,8,DET,ACT,new team
00-0035291,Trayveon Williams,RB,CLE,LAC/CLE,6,9.1,13.1,17.1,1.52,2.18,2.85,94,100,9.5,0.0,3.45,0,5,0,0,0,0,0,10,36,0,9,8,55,0,0,0,0.058,-0.055,0.049,0,0,0,0,28.9,,,,not rostered
00-0036862,Ben Skowronek,WR,PIT,PIT,16,12.9,14.9,16.9,0.81,0.93,1.06,159,154,9.2,0.0,2.41,0,15,0,0,0,0,0,0,0,0,6,4,69,1,1,0,0.014,0.027,0.039,0,0,0,0,29.2,5,PIT,ACT,same team
00-0038783,Nate Adkins,TE,DEN,DEN,6,10.8,13.8,16.8,1.8,2.3,2.8,81,77,10.3,0.0,4.03,0,5,0,0,0,0,0,0,0,0,11,6,48,1,1,0,0.049,0.026,0.092,0,0,0,0,27.1,3,DEN,ACT,same team
00-0036741,Jack Stoll,TE,NO,NO,9,10.6,13.6,16.6,1.18,1.51,1.84,82,78,10.1,0.0,3.2,0,8,0,0,0,0,0,0,0,0,11,6,46,1,1,0,0.035,0.008,0.058,0,0,0,0,28.6,5,CLE,ACT,new team
00-0040563,Efton Chism III,WR,NE,NE,8,13.5,15.0,16.5,1.69,1.88,2.06,160,152,12.0,0.0,4.31,0,7,0,0,0,0,0,0,0,0,3,3,75,1,1,0,0.016,0.018,0.037,0,0,0,0,24.8,1,NE,ACT,same team
00-0040184,KeAndre Lambert-Smith,WR,LAC,LAC,10,11.1,13.6,16.1,1.11,1.36,1.61,161,157,8.6,0.0,2.84,0,9,0,0,0,0,0,0,0,0,12,5,51,1,1,0,0.036,0.067,0.1,0,0,0,0,24.9,1,LAC,ACT,same team
00-0038891,Shedrick Jackson,WR,LV,LV,3,11.9,13.9,15.9,3.97,4.63,5.3,162,156,9.5,2.4,3.72,0,2,0,0,0,0,0,1,3,0,5,4,56,1,1,0,0.06,0.14,0.189,0,0,0,0,26.9,3,LV,ACT,same team
00-0036727,Adam Prentice,FB,DEN,DEN,13,9.7,12.7,15.7,0.75,0.98,1.21,4,5,5.3,-0.1,1.55,0,12,0,0,0,0,0,10,44,0,8,6,53,0,0,0,0.017,0.003,0.027,0,0,0,0,29.6,5,DEN,ACT,same team
00-0032918,C.J. Ham,FB,MIN,MIN,8,13.6,14.6,15.6,1.7,1.82,1.95,5,4,7.7,0.0,3.13,0,6,0,0,0,0,0,3,5,2,2,2,11,0,2,0,0.007,-0.0,0.011,0,0,0,0,33.1,10,MIN,RET,same team
00-0039394,Casey Washington,WR,ATL,ATL,5,9.4,12.4,15.4,1.88,2.48,3.08,163,165,6.3,0.0,2.25,0,4,0,0,0,0,0,0,0,0,14,6,94,0,0,0,0.082,0.186,0.254,0,0,0,0,25.5,2,ATL,ACT,same team
00-0039794,Braelon Allen,RB,NYJ,NYJ,4,13.3,14.3,15.3,3.32,3.57,3.82,95,94,6.9,0.6,3.44,0,2,0,0,0,0,0,18,76,1,3,2,17,0,1,1,0.026,0.012,0.048,0,0,0,0,22.6,2,NYJ,ACT,same team
00-0035298,Scott Miller,WR,PIT,PIT,5,6.2,10.7,15.2,1.24,2.14,3.04,164,176,5.5,0.0,2.24,0,4,0,0,0,0,0,0,0,0,14,9,62,0,0,0,0.078,0.076,0.17,0,0,0,0,29.1,7,CHI,ACT,new team
00-0039757,Terrell Jennings,RB,NE,NE,6,14.2,14.7,15.2,2.37,2.45,2.53,96,92,11.4,0.0,4.41,0,5,0,0,0,0,0,23,73,1,1,1,9,0,1,0,0.006,0.001,0.01,0,0,0,0,25.7,2,NE,ACT,same team
00-0034771,Mason Rudolph,QB,PIT,PIT,5,15.0,15.0,15.0,3.0,3.0,3.0,54,54,9.0,-2.0,4.92,0,3,38,52,310,2,2,7,6,0,0,0,0,0,2,1,0.0,0.0,0.0,0,0,0,0,31.1,8,PIT,ACT,same team
00-0036959,Michael Bandy,WR,DEN,DEN,4,11.0,13.0,15.0,2.75,3.25,3.75,165,158,9.0,0.0,3.79,0,3,0,0,0,0,0,0,0,0,4,4,50,1,1,1,0.029,0.022,0.059,0,0,0,0,28.7,5,DEN,ACT,same team
00-0038090,Skyy Moore,WR,SF,SF,17,9.8,12.3,14.8,0.58,0.72,0.87,166,162,3.3,0.0,1.29,0,17,0,0,0,0,0,2,11,0,7,5,87,0,0,0,0.013,0.022,0.036,0,0,0,0,26.0,4,GB,ACT,new team
00-0038589,Josh Whyle,TE,GB,GB,6,9.6,12.1,14.6,1.6,2.02,2.43,83,81,7.2,0.0,2.54,0,5,0,0,0,0,0,0,0,0,6,5,36,1,1,0,0.051,0.005,0.08,0,0,0,0,27.0,3,GB,ACT,same team
00-0038465,Malik Heath,WR,GB,GB,7,8.6,11.6,14.6,1.23,1.66,2.09,167,168,5.9,0.0,2.4,0,6,0,0,0,0,0,0,0,0,7,6,86,0,0,0,0.031,0.028,0.065,0,0,0,0,26.4,,,,not rostered
00-0036630,Tylan Wallace,WR,BAL,BAL,11,10.5,12.5,14.5,0.95,1.14,1.32,168,161,10.5,0.0,3.15,0,10,0,0,0,0,0,0,0,0,8,4,45,1,1,0,0.028,0.046,0.074,0,0,0,0,27.3,5,CLE,ACT,new team
00-0040259,Gage Larvadain,WR,CLE,CLE,13,7.4,10.9,14.4,0.57,0.84,1.11,169,171,4.3,0.0,1.78,0,13,0,0,0,0,0,1,3,0,14,7,71,0,0,1,0.034,0.043,0.082,0,0,0,0,23.7,1,CLE,ACT,same team
00-0035125,Alec Ingold,FB,MIA,MIA,9,6.1,10.1,14.1,0.68,1.12,1.57,6,6,3.5,0.0,1.17,0,9,0,0,0,0,0,2,9,0,11,8,52,0,0,0,0.043,0.02,0.078,0,0,0,0,30.1,7,LAC,ACT,new team
00-0034407,Ray-Ray McCloud,WR,ATL,ATL/NYG,6,6.9,10.4,13.9,1.15,1.73,2.32,170,172,8.1,0.0,3.22,0,5,0,0,0,0,0,0,0,0,15,7,69,0,0,0,0.074,0.062,0.154,0,0,0,0,29.9,,,,not rostered
00-0038400,Tanner McKee,QB,PHI,PHI,4,13.8,13.8,13.8,3.44,3.44,3.44,55,55,11.9,-0.2,5.78,0,3,24,43,274,1,1,8,8,0,0,0,0,0,1,0,0.0,0.0,0.0,0,0,0,0,26.3,3,PHI,ACT,same team
00-0039521,Xavier Weaver,WR,ARI,ARI,7,6.7,10.2,13.7,0.96,1.46,1.96,171,173,4.4,0.0,1.98,0,7,0,0,0,0,0,0,0,0,13,7,67,0,0,0,0.046,0.088,0.131,0,0,0,0,25.9,2,ARI,ACT,same team
00-0040644,Trevor Etienne,RB,CAR,CAR,17,10.7,12.2,13.7,0.63,0.72,0.81,97,96,3.9,0.0,1.23,0,17,0,0,0,0,0,20,94,0,3,3,13,0,0,1,0.006,0.001,0.01,0,0,0,0,22.1,1,CAR,ACT,same team
00-0037012,Trey Lance,QB,LAC,LAC,4,13.5,13.5,13.5,3.38,3.38,3.38,56,56,8.3,0.8,3.41,0,3,27,57,226,0,1,17,85,0,0,0,0,0,0,1,0.0,0.0,0.0,0,0,0,0,26.3,5,LAC,ACT,same team
00-0040582,Arian Smith,WR,NYJ,NYJ,13,6.5,10.0,13.5,0.5,0.77,1.04,172,174,3.3,0.0,1.07,0,13,0,0,0,0,0,4,13,0,16,7,52,0,0,0,0.045,0.091,0.131,0,0,0,0,24.9,1,NYJ,ACT,same team
00-0033591,Noah Brown,WR,WAS,WAS,4,8.3,10.8,13.3,2.08,2.7,3.33,173,169,4.7,1.9,1.2,0,4,0,0,0,0,0,0,0,0,10,5,83,0,0,0,0.091,0.161,0.25,0,0,0,0,30.7,,,,not rostered
00-0033455,Anthony Firkser,TE,DET,DET,5,5.3,9.3,13.3,1.06,1.86,2.66,84,89,8.0,0.0,3.09,0,4,0,0,0,0,0,0,0,0,10,8,53,0,0,0,0.053,0.024,0.096,0,0,0,0,31.5,9,WAS,ACT,new team
00-0033699,Austin Ekeler,RB,WAS,WAS,2,8.1,10.6,13.1,4.05,5.3,6.55,98,103,8.7,4.4,3.04,0,1,0,0,0,0,0,14,43,0,7,5,38,0,0,0,0.102,0.022,0.168,0,0,0,0,31.3,,,,not rostered
00-0039648,David Martin-Robinson,TE,TEN,TEN,11,9.0,11.0,13.0,0.82,1.0,1.18,85,83,7.1,0.0,2.17,0,10,0,0,0,0,0,0,0,0,6,4,30,1,1,0,0.017,0.012,0.034,0,0,0,0,26.7,2,TEN,ACT,same team
00-0034981,Foster Moreau,TE,NO,NO,7,5.9,9.4,12.9,0.84,1.34,1.84,86,88,3.6,0.0,1.45,0,7,0,0,0,0,0,0,0,0,10,7,59,0,0,0,0.047,0.01,0.077,0,0,0,0,29.3,7,HOU,ACT,new team
00-0036429,Charlie Woerner,TE,ATL,ATL,7,4.8,8.8,12.8,0.69,1.26,1.83,87,92,5.4,0.0,1.99,0,6,0,0,0,0,0,0,0,0,9,8,48,0,0,0,0.046,0.006,0.073,0,0,0,0,28.9,6,ATL,ACT,same team
00-0037292,Andrew Ogletree,TE,IND,IND,11,8.7,10.7,12.7,0.79,0.97,1.15,88,84,8.8,0.0,2.65,0,10,0,0,0,0,0,0,0,0,6,4,27,1,1,0,0.018,0.016,0.038,0,0,0,0,28.1,4,IND,ACT,same team
00-0036133,James Proche,WR,TEN,TEN,6,6.5,9.5,12.5,1.08,1.58,2.08,174,175,7.2,0.0,2.67,0,5,0,0,0,0,0,0,0,0,12,6,65,0,0,0,0.06,0.107,0.165,0,0,0,0,29.9,,,,not rostered
00-0037475,Stone Smartt,TE,NYJ,NYJ,6,5.2,8.7,12.2,0.87,1.45,2.03,89,90,8.4,0.0,3.47,0,5,0,0,0,0,0,0,0,0,9,7,52,0,0,0,0.045,0.037,0.094,0,0,0,0,27.9,4,PHI,ACT,new team
00-0039934,Jude McAtamney,K,NYG,NYG,4,12.0,12.0,12.0,3.0,3.0,3.0,42,42,7.0,0.0,2.94,0,3,0,0,0,0,0,0,0,0,0,0,0,0,0,0,0.0,0.0,0.0,2,2,0,9,26.3,,,,not rostered
00-0036893,Najee Harris,RB,LAC,LAC,3,8.6,10.1,11.6,2.87,3.37,3.87,99,102,6.8,2.0,2.57,0,2,0,0,0,0,0,15,61,0,3,3,25,0,0,0,0.034,0.012,0.06,0,0,0,0,28.5,,,,not rostered
00-0038824,Ryan Miller,WR,TB,TB,9,9.4,10.4,11.4,1.04,1.16,1.27,175,163,9.0,0.0,3.01,0,8,0,0,0,0,0,0,0,0,4,2,34,1,1,0,0.013,0.026,0.037,0,0,0,0,26.5,3,NYG,ACT,new team
00-0038953,Dylan Drummond,WR,ATL,ATL,6,4.2,7.7,11.2,0.7,1.28,1.87,176,185,5.1,0.0,2.44,0,5,0,0,0,0,0,0,0,0,11,7,42,0,0,0,0.071,0.084,0.165,0,0,0,0,26.6,3,ATL,ACT,same team
00-0037324,Chris Oladokun,QB,KC,KC,3,11.2,11.2,11.2,3.73,3.73,3.73,57,57,7.7,-1.7,4.86,0,1,35,55,235,1,0,5,18,0,0,0,0,0,1,2,0.0,0.0,0.0,0,0,0,0,29.0,4,KC,ACT,same team
00-0036332,Josiah Deguara,TE,ARI,ARI,7,8.1,9.6,11.1,1.16,1.37,1.59,90,85,9.5,0.0,3.54,0,6,0,0,0,0,0,0,0,0,5,3,21,1,1,0,0.021,0.011,0.04,0,0,0,0,29.5,,,,not rostered
00-0036876,Kylen Granson,TE,PHI,PHI,12,4.0,7.5,11.0,0.33,0.62,0.92,91,94,7.0,0.0,2.01,0,11,0,0,0,0,0,0,0,0,9,7,40,0,0,0,0.027,0.016,0.051,0,0,0,0,28.4,5,TEN,ACT,new team
00-0036842,Kene Nwangwu,RB,NYJ,NYJ,10,10.9,10.9,10.9,1.09,1.09,1.09,100,95,6.0,0.0,2.03,0,9,0,0,0,0,0,13,49,0,1,0,0,0,0,0,0.005,-0.008,0.001,0,0,0,0,28.6,5,NYJ,ACT,same team
00-0040021,Phil Mafah,RB,DAL,DAL,1,8.9,9.9,10.9,8.9,9.9,10.9,101,101,10.9,10.9,0.0,0,0,0,0,0,0,0,5,18,1,2,2,11,0,1,0,0.087,-0.062,0.087,0,0,0,0,23.9,1,DAL,ACT,same team
00-0039398,Joe Milton III,QB,DAL,DAL,4,10.3,10.3,10.3,2.58,2.58,2.58,58,58,6.3,-0.9,3.72,0,2,15,24,183,1,2,5,50,0,0,0,0,0,1,1,0.0,0.0,0.0,0,0,0,0,26.5,2,DAL,ACT,same team
00-0032688,Robbie Chosen,WR,WAS,WAS,3,5.3,7.8,10.3,1.77,2.6,3.43,177,179,7.6,0.0,3.85,0,2,0,0,0,0,0,0,0,0,9,5,53,0,0,0,0.115,0.152,0.279,0,0,0,0,33.3,,,,not rostered
00-0038647,Ronnie Bell,WR,NO,NO,2,8.3,9.3,10.3,4.15,4.65,5.15,178,170,10.3,0.0,7.28,0,1,0,0,0,0,0,0,0,0,4,2,23,1,1,0,0.059,0.139,0.185,0,0,0,0,26.6,3,NO,ACT,same team
00-0036620,Dee Eskridge,WR,MIA,MIA,11,6.2,8.2,10.2,0.56,0.75,0.93,179,177,6.5,0.0,1.99,0,10,0,0,0,0,0,0,0,0,7,4,62,0,0,1,0.02,0.039,0.057,0,0,0,0,29.4,,,,not rostered
00-0037617,Hassan Haskins,RB,LAC,LAC,11,6.0,8.0,10.0,0.55,0.73,0.91,102,109,3.3,0.0,1.28,0,11,0,0,0,0,0,17,47,0,4,4,13,0,0,0,0.009,0.001,0.013,0,0,0,0,26.8,,,,not rostered
00-0034419,Braxton Berrios,WR,HOU,HOU,4,3.7,6.7,9.7,0.92,1.68,2.43,180,187,8.8,0.0,4.27,0,3,0,0,0,0,0,0,0,0,8,6,37,0,0,0,0.049,0.018,0.086,0,0,0,0,30.9,8,NYG,ACT,new team
00-0037329,Brittain Brown,RB,CHI,CHI,2,9.7,9.7,9.7,4.85,4.85,4.85,103,98,9.7,0.0,6.86,0,1,0,0,0,0,0,5,37,1,1,0,0,0,1,0,0.015,0.007,0.027,0,0,0,0,28.9,4,CHI,ACT,same team
00-0038040,Zamir White,RB,LV,LV,5,5.6,7.6,9.6,1.12,1.52,1.92,104,111,3.3,0.2,1.42,0,5,0,0,0,0,0,12,32,0,6,4,24,0,0,0,0.036,-0.003,0.053,0,0,0,0,27.0,,,,not rostered
00-0040179,DJ Giddens,RB,IND,IND,5,9.6,9.6,9.6,1.92,1.92,1.92,105,99,4.1,0.0,1.75,0,5,0,0,0,0,0,26,96,0,2,0,0,0,0,0,0.013,-0.004,0.016,0,0,0,0,23.0,1,IND,ACT,same team
00-0027973,Andy Dalton,QB,CAR,CAR,4,9.5,9.5,9.5,2.38,2.38,2.38,59,59,6.3,-0.1,2.79,0,3,25,37,293,1,1,5,-2,0,0,0,0,0,1,2,0.0,0.0,0.0,0,0,0,0,38.8,15,PHI,ACT,new team
00-0034418,Cedrick Wilson Jr.,WR,MIA,MIA,6,4.4,6.9,9.4,0.73,1.15,1.57,181,184,2.6,0.0,0.9,0,6,0,0,0,0,0,0,0,0,9,5,44,0,0,0,0.062,0.063,0.137,0,0,0,0,30.8,8,DET,ACT,new team
00-0040556,Corey Kiner,RB,ARI,ARI,4,7.3,8.3,9.3,1.83,2.08,2.33,106,106,4.8,0.2,2.07,0,4,0,0,0,0,0,12,58,0,3,2,15,0,0,0,0.027,0.011,0.048,0,0,0,0,24.6,1,ARI,ACT,same team
00-0033576,Eric Saubert,TE,SEA,SEA,9,5.1,7.1,9.1,0.57,0.79,1.01,92,91,3.0,0.0,1.24,0,9,0,0,0,0,0,0,0,0,7,4,31,0,0,0,0.03,0.02,0.059,0,0,0,0,32.3,9,SEA,ACT,same team
00-0036265,AJ Dillon,RB,PHI,PHI,6,6.1,7.6,9.1,1.02,1.27,1.52,107,108,2.0,1.0,0.41,0,6,0,0,0,0,0,12,60,0,3,3,21,0,0,1,0.015,0.006,0.027,0,0,0,0,28.3,6,CAR,ACT,new team
00-0037276,Ty Chandler,RB,MIN,MIN,3,5.8,7.3,8.8,1.93,2.43,2.93,108,110,6.4,0.0,3.23,0,2,0,0,0,0,0,17,47,0,4,3,11,0,0,0,0.044,-0.034,0.043,0,0,0,0,28.3,4,NO,ACT,new team
00-0040142,Kaleb Johnson,RB,PIT,PIT,10,7.8,8.3,8.8,0.78,0.83,0.88,109,104,2.3,-0.2,0.91,0,10,0,0,0,0,0,28,69,0,2,1,9,0,0,0,0.007,-0.009,0.005,0,0,0,0,23.0,1,PIT,ACT,same team
00-0039458,Brenden Bates,TE,CLE,HOU/CLE,5,4.8,6.8,8.8,0.96,1.36,1.76,93,93,4.3,0.0,1.87,0,5,0,0,0,0,0,0,0,0,5,4,48,0,0,0,0.039,0.036,0.083,0,0,0,0,26.9,2,CLE,ACT,same team
00-0036423,Albert Okwuegbunam,TE,LV,LV,1,3.6,6.1,8.6,3.6,6.1,8.6,94,95,8.6,8.6,0.0,0,0,0,0,0,0,0,0,0,0,6,5,36,0,0,0,0.167,0.074,0.302,0,0,0,0,28.4,6,LV,ACT,same team
00-0038938,Jalin Hyatt,WR,NYG,NYG,6,3.5,6.0,8.5,0.58,1.0,1.42,182,189,4.7,0.0,2.21,0,6,0,0,0,0,0,0,0,0,14,5,35,0,0,0,0.078,0.164,0.231,0,0,0,0,24.9,3,NYG,ACT,same team
00-0038640,Jalen Brooks,WR,ARI,DAL/ARI,5,5.1,6.6,8.1,1.02,1.32,1.62,183,180,5.2,0.0,2.36,0,4,0,0,0,0,0,0,0,0,6,3,51,0,0,1,0.029,0.045,0.075,0,0,0,0,26.3,3,ARI,ACT,same team
00-0039603,British Brooks,RB,HOU,HOU,8,7.8,7.8,7.8,0.97,0.97,0.97,110,105,6.3,0.0,2.21,0,7,0,0,0,0,0,17,78,0,0,0,0,0,0,0,0.0,0.0,0.0,0,0,0,0,26.8,2,HOU,ACT,same team
00-0038102,Kenny Pickett,QB,LV,LV,6,7.7,7.7,7.7,1.29,1.29,1.29,60,60,8.5,-1.7,3.68,0,5,28,45,188,1,2,5,22,0,0,0,0,0,1,1,0.0,0.0,0.0,0,0,0,0,28.2,4,CAR,ACT,new team
00-0039754,Devin Culp,TE,TB,TB,4,6.6,7.1,7.6,1.65,1.77,1.9,95,87,7.6,0.0,3.8,0,3,0,0,0,0,0,0,0,0,1,1,6,1,1,0,0.008,0.004,0.015,0,0,0,0,26.6,2,TB,ACT,same team
00-0036841,Austin Trammell,WR,JAX,JAX,6,4.6,6.1,7.6,0.77,1.02,1.27,184,183,5.3,0.0,2.18,0,5,0,0,0,0,0,0,0,0,10,3,46,0,0,0,0.067,0.101,0.17,0,0,0,0,28.2,5,JAX,ACT,same team
00-0035544,Tom Kennedy,WR,DET,DET,6,3.6,5.6,7.6,0.6,0.93,1.27,185,188,7.6,0.0,3.1,0,5,0,0,0,0,0,0,0,0,4,4,36,0,0,0,0.025,0.031,0.059,0,0,0,0,30.1,7,DET,ACT,same team
00-0040363,Keleki Latu,TE,BUF,BUF,3,3.5,5.5,7.5,1.17,1.83,2.5,96,96,6.1,0.0,3.2,0,2,0,0,0,0,0,0,0,0,4,4,35,0,0,0,0.047,0.017,0.082,0,0,0,0,24.1,1,BUF,ACT,same team
00-0036414,Cam Akers,RB,MIN,MIN/SEA,4,7.2,7.2,7.2,1.79,1.79,1.79,111,107,5.3,0.0,2.49,0,3,1,1,32,1,0,5,19,0,1,0,0,0,1,0,0.01,-0.008,0.01,0,0,0,0,27.2,,,,not rostered
00-0040522,Xavier Restrepo,WR,TEN,TEN,2,4.1,5.6,7.1,2.05,2.8,3.55,186,186,4.6,2.5,1.48,0,2,0,0,0,0,0,0,0,0,7,3,41,0,0,0,0.093,0.193,0.275,0,0,0,0,24.4,1,TEN,ACT,same team
00-0036176,Mason Kinsey,WR,TEN,TEN,6,4.8,5.8,6.8,0.8,0.97,1.13,187,181,4.4,0.0,1.87,0,6,0,0,0,0,0,0,0,0,4,2,48,0,0,0,0.019,0.051,0.064,0,0,0,0,28.0,6,TEN,ACT,same team
00-0037093,Dareke Young,WR,SEA,SEA,8,4.8,5.8,6.8,0.6,0.72,0.85,188,182,4.6,0.0,1.7,0,8,0,0,0,0,0,0,0,0,3,2,48,0,0,0,0.015,0.033,0.045,0,0,0,0,27.2,4,LV,ACT,new team
00-0036906,Khalil Herbert,RB,NYJ,NYJ,5,5.6,6.1,6.6,1.12,1.22,1.32,112,112,5.6,0.0,2.41,0,4,0,0,0,0,0,16,52,0,4,1,4,0,0,0,0.031,-0.024,0.029,0,0,0,0,28.4,,,,not rostered
00-0034798,Durham Smythe,TE,CHI,CHI,7,2.5,4.5,6.5,0.36,0.64,0.93,97,99,2.1,0.0,0.91,0,7,0,0,0,0,0,0,0,0,6,4,25,0,0,0,0.029,0.009,0.05,0,0,0,0,31.1,8,BAL,ACT,new team
00-0040208,Tahj Brooks,RB,CIN,CIN,12,5.4,5.9,6.4,0.45,0.49,0.53,113,113,2.9,0.0,0.9,0,12,0,0,0,0,0,16,45,0,2,1,9,0,0,0,0.005,-0.001,0.007,0,0,0,0,24.3,1,CIN,ACT,same team
00-0038397,Evan Hull,RB,NO,NO,6,5.4,5.9,6.4,0.9,0.98,1.07,114,114,2.0,0.3,0.67,0,6,0,0,0,0,0,19,48,0,1,1,6,0,0,0,0.008,-0.004,0.01,0,0,0,0,25.8,3,HOU,ACT,new team
00-0037487,Deven Thompkins,WR,ATL,ATL,7,3.2,4.7,6.2,0.46,0.67,0.89,189,192,4.8,0.0,1.8,0,7,0,0,0,0,0,1,5,0,3,3,27,0,0,0,0.014,0.007,0.027,0,0,0,0,26.7,,,,not rostered
00-0034854,KhaDarel Hodge,WR,ATL,ATL,8,3.1,4.6,6.1,0.39,0.57,0.76,190,193,6.1,0.0,2.16,0,7,0,0,0,0,0,0,0,0,10,3,31,0,0,0,0.041,0.067,0.108,0,0,0,0,32.7,,,,not rostered
00-0034386,Justin Watson,WR,HOU,HOU,3,3.0,4.5,6.0,1.0,1.5,2.0,191,194,4.7,0.0,2.43,0,3,0,0,0,0,0,0,0,0,4,3,30,0,0,0,0.054,0.06,0.122,0,0,0,0,30.4,8,HOU,ACT,same team
00-0038576,Charlie Jones,WR,CIN,CIN,14,6.0,6.0,6.0,0.43,0.43,0.43,192,178,6.0,0.0,1.6,0,13,0,0,0,0,0,0,0,0,1,0,0,0,0,0,0.002,0.009,0.009,0,0,0,0,27.8,3,CIN,ACT,same team
00-0038809,Ben Sims,TE,MIN,MIN,3,3.0,4.5,6.0,1.0,1.5,2.0,98,97,2.8,1.3,0.75,0,3,0,0,0,0,0,0,0,0,6,3,30,0,0,0,0.083,0.135,0.218,0,0,0,0,26.3,3,MIA,ACT,new team
00-0037282,James Mitchell,TE,CAR,CAR,2,2.8,4.3,5.8,1.4,2.15,2.9,99,98,3.7,2.1,1.13,0,2,0,0,0,0,0,0,0,0,3,3,28,0,0,0,0.05,0.017,0.087,0,0,0,0,27.1,4,CAR,ACT,same team
00-0039407,Dylan Laube,RB,LV,LV,17,2.7,4.2,5.7,0.16,0.25,0.34,115,121,3.7,0.0,0.93,0,17,0,0,0,0,0,7,9,0,4,3,18,0,0,1,0.008,-0.004,0.01,0,0,0,0,26.7,2,LV,ACT,same team
00-0040154,Tai Felton,WR,MIN,MIN,12,2.5,4.0,5.5,0.21,0.33,0.46,193,198,2.0,0.0,0.83,0,12,0,0,0,0,0,0,0,0,3,3,25,0,0,0,0.011,0.006,0.02,0,0,0,0,23.5,1,MIN,ACT,same team
00-0037120,Tyler Goodson,RB,IND,IND,10,3.2,4.2,5.2,0.32,0.42,0.52,116,119,1.8,0.0,0.58,0,10,0,0,0,0,0,9,24,0,3,2,8,0,0,0,0.007,-0.001,0.01,0,0,0,0,25.8,4,ATL,ACT,new team
00-0034487,Trent Sherfield,WR,DEN,DEN/ARI,4,2.1,3.6,5.1,0.53,0.9,1.27,194,203,2.5,0.0,1.02,0,4,0,0,0,0,0,0,0,0,5,3,21,0,0,0,0.035,0.037,0.078,0,0,0,0,30.5,8,BUF,ACT,new team
00-0036534,Shane Zylstra,TE,DET,DET,1,2.0,3.5,5.0,2.0,3.5,5.0,100,100,5.0,5.0,0.0,0,0,0,0,0,0,0,0,0,0,5,3,20,0,0,0,0.096,0.117,0.226,0,0,0,0,29.8,5,BUF,ACT,new team
00-0039737,Tip Reiman,TE,ARI,ARI,3,1.8,3.3,4.8,0.6,1.1,1.6,101,102,2.8,0.0,1.44,0,3,0,0,0,0,0,0,0,0,5,3,18,0,0,0,0.052,0.047,0.111,0,0,0,0,25.0,2,ARI,ACT,same team
00-0036187,Reggie Gilliam,RB,BUF,BUF,11,2.8,3.8,4.8,0.25,0.35,0.44,117,120,3.6,0.0,1.11,0,11,0,0,0,0,0,2,4,0,2,2,24,0,0,0,0.006,0.01,0.016,0,0,0,0,29.0,6,NE,ACT,new team
00-0038579,Aidan O'Connell,QB,LV,LV,1,4.8,4.8,4.8,4.78,4.78,4.78,61,61,4.8,4.8,0.0,0,1,10,22,102,0,0,1,7,0,0,0,0,0,0,0,0.0,0.0,0.0,0,0,0,0,28.0,3,LV,ACT,same team
00-0039884,Tahj Washington,WR,MIA,MIA,2,1.7,3.2,4.7,0.85,1.6,2.35,195,207,4.6,0.1,3.18,0,2,0,0,0,0,0,0,0,0,5,3,37,0,0,1,0.09,0.316,0.355,0,0,0,0,25.3,2,MIA,ACT,same team
00-0036331,Devin Duvernay,WR,CHI,CHI,17,2.6,3.6,4.6,0.15,0.21,0.27,196,196,3.4,0.0,0.86,0,17,0,0,0,0,0,0,0,0,5,2,26,0,0,0,0.009,0.014,0.023,0,0,0,0,29.0,6,ARI,ACT,new team
00-0040172,Jordan Watkins,WR,SF,SF,2,2.6,3.6,4.6,1.3,1.8,2.3,197,197,2.9,1.7,0.85,0,2,0,0,0,0,0,0,0,0,3,2,26,0,0,0,0.054,0.097,0.149,0,0,0,0,24.5,1,SF,ACT,same team
00-0037557,Ronnie Rivers,RB,LA,LA,6,4.6,4.6,4.6,0.77,0.77,0.77,118,115,4.1,0.0,1.65,0,6,0,0,0,0,0,9,46,0,0,0,0,0,0,0,0.0,0.0,0.0,0,0,0,0,27.6,4,LA,ACT,same team
00-0040432,Beaux Collins,WR,NYG,NYG,4,2.5,3.5,4.5,0.62,0.88,1.12,198,199,2.8,0.0,1.37,0,4,0,0,0,0,0,0,0,0,6,2,25,0,0,0,0.05,0.061,0.117,0,0,0,0,23.7,1,NYG,ACT,same team
00-0037524,Tay Martin,WR,WAS,WAS,2,2.3,3.3,4.3,1.15,1.65,2.15,199,202,2.4,1.9,0.35,0,2,0,0,0,0,0,0,0,0,2,2,23,0,0,0,0.043,0.033,0.087,0,0,0,0,28.7,,,,not rostered
00-0040494,Max Brosmer,QB,MIN,MIN,7,4.2,4.2,4.2,0.6,0.6,0.6,62,62,3.6,-3.1,2.04,0,7,47,71,328,0,4,7,11,0,0,0,0,0,0,1,0.0,0.0,0.0,0,0,0,0,25.4,1,MIN,ACT,same team
00-0038519,Nikko Remigio,WR,KC,KC,14,3.2,3.7,4.2,0.23,0.26,0.3,200,190,3.1,0.0,0.86,0,14,0,0,0,0,0,1,11,0,1,1,21,0,0,0,0.002,0.004,0.007,0,0,0,0,26.8,3,KC,ACT,same team
00-0036360,Clyde Edwards-Helaire,RB,KC,KC,2,2.2,3.2,4.2,1.1,1.6,2.1,119,123,3.7,0.5,2.26,0,2,0,0,0,0,0,7,13,0,2,2,9,0,0,0,0.023,-0.006,0.031,0,0,0,0,27.4,,,,not rostered
00-0037594,Julius Chestnut,RB,TEN,TEN,16,4.0,4.0,4.0,0.25,0.25,0.25,120,116,2.6,0.0,0.64,0,16,0,0,0,0,0,11,40,0,2,0,0,0,0,0,0.004,0.005,0.01,0,0,0,0,25.8,4,TEN,ACT,same team
00-0040547,Nate Carter,RB,ATL,ATL,2,4.0,4.0,4.0,2.0,2.0,2.0,121,117,2.6,1.4,0.85,0,2,0,0,0,0,0,9,60,0,0,0,0,0,0,1,0.0,0.0,0.0,0,0,0,0,24.3,1,ATL,ACT,same team
00-0038752,Jake Bobo,WR,SEA,SEA,5,2.0,3.0,4.0,0.4,0.6,0.8,201,204,2.7,0.0,1.2,0,5,0,0,0,0,0,0,0,0,2,2,20,0,0,0,0.015,0.012,0.031,0,0,0,0,28.1,3,SEA,ACT,same team
00-0038728,Jared Wayne,WR,HOU,HOU,1,2.0,3.0,4.0,2.0,3.0,4.0,202,205,4.0,4.0,0.0,0,1,0,0,0,0,0,0,0,0,2,2,20,0,0,0,0.053,0.05,0.114,0,0,0,0,25.9,3,HOU,ACT,same team
00-0037132,Britain Covey,WR,PHI,PHI,6,2.0,3.0,4.0,0.33,0.5,0.67,203,206,4.0,0.0,1.63,0,6,0,0,0,0,0,0,0,0,4,2,20,0,0,0,0.02,0.003,0.032,0,0,0,0,29.5,4,PHI,ACT,same team
00-0040406,Quentin Skinner,WR,NYJ,NYJ,1,3.0,3.5,4.0,3.0,3.5,4.0,204,195,4.0,4.0,0.0,0,1,0,0,0,0,0,0,0,0,1,1,10,0,0,0,0.045,0.055,0.107,0,0,0,0,24.7,1,NYJ,RES,same team
00-0036679,Shane Buechele,QB,KC,KC,1,3.9,3.9,3.9,3.92,3.92,3.92,63,63,3.9,3.9,0.0,0,1,7,14,88,0,0,1,4,0,0,0,0,0,0,0,0.0,0.0,0.0,0,0,0,0,28.6,5,BUF,ACT,new team
00-0037654,Tucker Fisk,TE,LAC,LAC,4,1.9,2.9,3.9,0.47,0.73,0.98,102,101,2.2,0.0,1.14,0,4,0,0,0,0,0,0,0,0,4,2,19,0,0,0,0.029,0.012,0.052,0,0,0,0,27.6,,,,not rostered
00-0039686,Colson Yankoff,TE,WAS,WAS,10,1.8,2.8,3.8,0.18,0.28,0.38,103,103,2.4,0.0,0.84,0,10,0,0,0,0,0,0,0,0,3,2,18,0,0,0,0.011,0.006,0.02,0,0,0,0,26.5,2,WAS,ACT,same team
00-0037340,Zaire Mitchell-Paden,TE,BAL,BAL/NO,3,1.7,2.7,3.7,0.57,0.9,1.23,104,104,2.4,0.0,1.2,0,3,0,0,0,0,0,0,0,0,3,2,17,0,0,0,0.041,0.019,0.075,0,0,0,0,27.0,4,NO,ACT,new team
00-0037258,Dameon Pierce,RB,HOU,HOU/KC,5,3.6,3.6,3.6,0.72,0.72,0.72,122,118,2.1,0.0,0.88,0,5,0,0,0,0,0,14,36,0,1,0,0,0,0,0,0.007,-0.005,0.008,0,0,0,0,26.5,4,PHI,ACT,new team
00-0037539,Lucas Krull,TE,DEN,DEN,2,1.5,2.5,3.5,0.75,1.25,1.75,105,106,1.9,1.6,0.21,0,2,0,0,0,0,0,0,0,0,4,2,15,0,0,0,0.071,0.042,0.135,0,0,0,0,28.1,4,DEN,ACT,same team
00-0038573,Derius Davis,WR,LAC,LAC,11,1.5,2.5,3.5,0.14,0.23,0.32,205,209,1.7,0.0,0.6,0,11,0,0,0,0,0,2,5,0,3,2,10,0,0,1,0.009,0.014,0.023,0,0,0,0,26.0,3,LAC,ACT,same team
00-0040317,Jacoby Jones,WR,WAS,WAS,1,2.5,3.0,3.5,2.5,3.0,3.5,206,200,3.5,3.5,0.0,0,1,0,0,0,0,0,0,0,0,1,1,25,0,0,0,0.034,0.014,0.061,0,0,0,0,25.1,1,WAS,ACT,same team
00-0039062,Jonathan Mingo,WR,DAL,DAL,5,2.5,3.0,3.5,0.5,0.6,0.7,207,201,3.5,0.0,1.57,0,5,0,0,0,0,0,0,0,0,5,1,25,0,0,0,0.03,0.063,0.09,0,0,0,0,25.4,3,DAL,ACT,same team
00-0040388,Jakobie Keeney-James,WR,GB,GB,1,1.5,2.5,3.5,1.5,2.5,3.5,208,210,3.5,3.5,0.0,0,1,0,0,0,0,0,0,0,0,2,2,15,0,0,0,0.2,0.556,0.689,0,0,0,0,25.9,1,GB,ACT,same team
00-0040509,Ben Yurosek,TE,MIN,MIN,6,1.4,2.4,3.4,0.23,0.4,0.57,106,107,1.9,0.0,0.89,0,6,0,0,0,0,0,0,0,0,3,2,14,0,0,0,0.017,0.013,0.034,0,0,0,0,24.5,1,MIN,ACT,same team
00-0035602,Alex Bachman,WR,LV,LV,11,1.2,2.2,3.2,0.11,0.2,0.29,209,213,1.9,0.0,0.66,0,11,0,0,0,0,0,0,0,0,3,2,12,0,0,0,0.009,0.005,0.018,0,0,0,0,30.3,,,,not rostered
00-0037745,Velus Jones Jr.,WR,NO,NO/SEA,5,3.2,3.2,3.2,0.64,0.64,0.64,210,191,3.2,0.0,1.43,0,5,0,0,0,0,0,4,32,0,0,0,0,0,0,0,0.0,0.0,0.0,0,0,0,0,29.3,4,SEA,ACT,new team
00-0037015,Sal Cannella,TE,CLE,CLE,2,1.1,2.1,3.1,0.55,1.05,1.55,107,108,3.1,0.0,2.19,0,2,0,0,0,0,0,0,0,0,5,2,11,0,0,0,0.111,0.142,0.266,0,0,0,0,29.7,,,,not rostered
00-0040244,Moliki Matavao,TE,NO,NO,1,1.0,2.0,3.0,1.0,2.0,3.0,108,110,3.0,3.0,0.0,0,1,0,0,0,0,0,0,0,0,2,2,10,0,0,0,0.074,0.018,0.124,0,0,0,0,23.5,1,NO,ACT,same team
00-0031237,Teddy Bridgewater,QB,TB,TB,3,2.9,2.9,2.9,0.96,0.96,0.96,64,64,3.1,-0.1,1.84,0,3,8,15,62,0,0,3,4,0,0,0,0,0,0,0,0.0,0.0,0.0,0,0,0,0,33.8,12,DET,ACT,new team
00-0035876,Andre Baccellia,WR,ARI,ARI,4,0.8,1.8,2.8,0.2,0.45,0.7,211,214,1.5,0.0,0.81,0,4,0,0,0,0,0,0,0,0,4,2,8,0,0,0,0.022,0.005,0.036,0,0,0,0,29.6,,,,not rostered
00-0033589,David Moore,WR,CAR,CAR,3,1.7,2.2,2.7,0.57,0.73,0.9,212,208,1.5,0.0,0.79,0,3,0,0,0,0,0,1,12,0,1,1,5,0,0,0,0.014,0.013,0.03,0,0,0,0,31.6,9,CAR,ACT,same team
00-0036232,Harrison Bryant,TE,HOU,HOU,5,0.7,1.7,2.7,0.14,0.34,0.54,109,111,1.5,0.0,0.75,0,5,0,0,0,0,0,0,0,0,6,2,7,0,0,0,0.037,0.044,0.086,0,0,0,0,28.4,6,SEA,ACT,new team
00-0039631,Cam Grandy,TE,CIN,CIN,2,0.7,1.7,2.7,0.35,0.85,1.35,110,112,1.6,1.1,0.35,0,2,0,0,0,0,0,0,0,0,2,2,7,0,0,0,0.035,-0.019,0.04,0,0,0,0,26.8,2,CIN,ACT,same team
00-0034073,Ross Dwelley,TE,DET,DET,4,0.7,1.7,2.7,0.17,0.42,0.68,111,113,1.4,0.0,0.78,0,4,0,0,0,0,0,0,0,0,5,2,7,0,0,0,0.044,0.001,0.067,0,0,0,0,31.6,,,,not rostered
00-0038496,Xavier Gipson,WR,PHI,NYJ/PHI,6,0.6,1.6,2.6,0.1,0.27,0.43,213,216,1.3,0.0,0.67,0,6,0,0,0,0,0,0,0,0,2,2,6,0,0,2,0.013,-0.008,0.014,0,0,0,0,25.5,3,NYG,ACT,new team
00-0039816,Anthony Gould,WR,IND,IND,11,0.6,1.6,2.6,0.05,0.15,0.24,214,217,1.3,0.0,0.53,0,11,0,0,0,0,0,0,0,0,2,2,6,0,0,0,0.005,-0.001,0.007,0,0,0,0,25.4,2,IND,ACT,same team
00-0038394,Will Mallory,TE,IND,IND,1,1.6,2.1,2.6,1.6,2.1,2.6,112,105,2.6,2.6,0.0,0,1,0,0,0,0,0,0,0,0,1,1,16,0,0,0,0.034,0.056,0.091,0,0,0,0,27.2,3,IND,ACT,same team
00-0038416,Tyson Bagent,QB,CHI,CHI,2,2.6,2.6,2.6,1.29,1.29,1.29,65,65,1.8,0.8,0.69,0,2,3,4,47,0,0,2,7,0,0,0,0,0,0,0,0.0,0.0,0.0,0,0,0,0,26.2,3,CHI,ACT,same team
00-0040534,Ke'Shawn Williams,WR,PIT,PIT/CIN,11,1.5,2.0,2.5,0.14,0.18,0.23,215,211,1.5,0.0,0.5,0,11,0,0,0,0,0,2,10,0,1,1,5,0,0,1,0.003,0.002,0.005,0,0,0,0,24.7,1,CIN,ACT,new team
00-0035628,D'Ernest Johnson,RB,NE,ARI/NE,5,2.5,2.5,2.5,0.5,0.5,0.5,123,122,1.3,0.0,0.51,0,5,0,0,0,0,0,14,25,0,0,0,0,0,0,0,0.0,0.0,0.0,0,0,0,0,30.5,,,,not rostered
00-0036497,Tim Jones,WR,JAX,JAX,2,1.5,2.0,2.5,0.75,1.0,1.25,216,212,2.5,0.0,1.77,0,2,0,0,0,0,0,0,0,0,1,1,15,0,0,0,0.015,0.007,0.028,0,0,0,0,28.3,5,JAX,ACT,same team
00-0038710,Blake Whiteheart,TE,CLE,CLE,9,0.4,1.4,2.4,0.04,0.16,0.27,113,115,1.4,0.0,0.54,0,9,0,0,0,0,0,0,0,0,6,2,4,0,0,0,0.025,0.019,0.051,0,0,0,0,26.4,3,CLE,ACT,same team
00-0040646,Jalen Royals,WR,KC,KC,2,0.4,1.4,2.4,0.2,0.7,1.2,217,218,2.4,0.0,1.7,0,2,0,0,0,0,0,0,0,0,3,2,4,0,0,0,0.05,0.049,0.11,0,0,0,0,23.5,1,KC,ACT,same team
00-0039164,Anthony Richardson,QB,IND,IND,2,1.2,1.7,2.2,0.58,0.83,1.08,66,70,2.3,-0.1,1.67,0,2,1,2,9,0,0,4,-1,0,1,1,9,0,0,0,0.016,0.004,0.027,0,0,0,0,24.3,3,IND,ACT,same team
00-0039050,Payne Durham,TE,TB,TB,8,1.1,1.6,2.1,0.14,0.2,0.26,114,109,2.1,0.0,0.74,0,8,0,0,0,0,0,0,0,0,4,1,11,0,0,0,0.017,0.013,0.034,0,0,0,0,26.2,3,TB,ACT,same team
00-0033949,Joshua Dobbs,QB,NE,NE,4,2.1,2.1,2.1,0.53,0.53,0.53,67,66,1.1,-0.2,0.6,0,4,7,10,65,0,0,10,-5,0,0,0,0,0,0,0,0.0,0.0,0.0,0,0,0,0,31.6,,,,not rostered
00-0036425,DeeJay Dallas,RB,JAX,CAR/JAX,5,2.1,2.1,2.1,0.42,0.42,0.42,124,124,2.1,0.0,0.94,0,5,0,0,0,0,0,3,21,0,1,0,0,0,0,0,0.005,-0.001,0.008,0,0,0,0,28.0,6,JAX,ACT,same team
00-0033376,Patrick Ricard,RB,BAL,BAL,5,1.1,1.6,2.1,0.22,0.32,0.42,125,127,1.8,0.0,0.78,0,5,0,0,0,0,0,1,3,0,2,1,8,0,0,0,0.018,0.007,0.031,0,0,0,0,32.3,9,NYG,ACT,new team
00-0033439,Pharaoh Brown,TE,ARI,ARI,5,0.1,1.1,2.1,0.02,0.22,0.42,115,121,2.1,0.0,0.94,0,5,0,0,0,0,0,0,0,0,2,2,1,0,0,0,0.011,0.001,0.016,0,0,0,0,32.3,,,,not rostered
00-0040067,Jacardia Wright,RB,SEA,SEA,1,2.0,2.0,2.0,2.0,2.0,2.0,126,125,2.0,2.0,0.0,0,1,0,0,0,0,0,5,20,0,0,0,0,0,0,0,0.0,0.0,0.0,0,0,0,0,25.9,1,SEA,ACT,same team
00-0038582,Clayton Tune,QB,GB,GB,2,2.0,2.0,2.0,0.99,0.99,0.99,68,67,3.7,-1.7,3.78,0,2,7,15,42,0,1,5,23,0,0,0,0,0,0,0,0.0,0.0,0.0,0,0,0,0,27.4,,,,not rostered
00-0039650,Bryce Oliver,WR,TEN,TEN,2,0.8,1.3,1.8,0.4,0.65,0.9,218,215,1.8,0.0,1.27,0,2,0,0,0,0,0,0,0,0,1,1,8,0,0,0,0.02,0.01,0.037,0,0,0,0,26.3,2,TEN,ACT,same team
00-0033662,Cooper Rush,QB,BAL,BAL,4,1.7,1.7,1.7,0.43,0.43,0.43,69,68,2.1,-1.1,1.45,0,4,34,52,303,0,4,4,-4,0,0,0,0,0,0,1,0.0,0.0,0.0,0,0,0,0,32.8,,,,not rostered
00-0039021,Roschon Johnson,RB,CHI,CHI,6,1.7,1.7,1.7,0.28,0.28,0.28,127,126,1.1,0.0,0.47,0,6,0,0,0,0,0,2,17,0,0,0,0,0,0,0,0.0,0.0,0.0,0,0,0,0,25.6,3,CHI,ACT,same team
00-0031484,Chris Manhertz,TE,NYG,NYG,4,0.7,1.2,1.7,0.17,0.3,0.42,116,114,1.7,0.0,0.85,0,4,0,0,0,0,0,0,0,0,2,1,7,0,0,0,0.016,0.014,0.034,0,0,0,0,34.4,11,NYG,ACT,same team
00-0039824,Jared Wiley,TE,KC,KC,2,0.4,0.9,1.4,0.2,0.45,0.7,117,116,1.4,0.0,0.99,0,2,0,0,0,0,0,0,0,0,1,1,4,0,0,0,0.016,-0.008,0.018,0,0,0,0,25.8,2,KC,ACT,same team
00-0037755,Jelani Woods,TE,NYJ,NYJ,2,0.4,0.9,1.4,0.2,0.45,0.7,118,117,1.4,0.0,0.99,0,2,0,0,0,0,0,0,0,0,3,1,4,0,0,0,0.045,0.019,0.081,0,0,0,0,27.9,4,NYJ,ACT,same team
00-0037013,Zach Wilson,QB,MIA,MIA,4,1.4,1.4,1.4,0.35,0.35,0.35,70,69,1.6,-0.2,0.83,0,4,6,11,32,0,0,3,1,0,0,0,0,0,0,0,0.0,0.0,0.0,0,0,0,0,27.1,5,NO,ACT,new team
00-0040488,Carter Runyon,TE,LV,LV,3,0.3,0.8,1.3,0.1,0.27,0.43,119,119,1.3,0.0,0.75,0,3,0,0,0,0,0,0,0,0,1,1,3,0,0,0,0.02,-0.02,0.016,0,0,0,0,25.1,1,LV,ACT,same team
00-0037098,Samori Toure,WR,NO,NO,1,0.3,0.8,1.3,0.3,0.8,1.3,219,219,1.3,1.3,0.0,0,1,0,0,0,0,0,0,0,0,3,1,3,0,0,0,0.088,0.107,0.207,0,0,0,0,28.4,4,PHI,ACT,new team
00-0040628,Drake Dabney,TE,GB,GB,1,0.3,0.8,1.3,0.3,0.8,1.3,120,120,1.3,1.3,0.0,0,1,0,0,0,0,0,0,0,0,2,1,3,0,0,0,0.2,0.37,0.559,0,0,0,0,24.3,1,GB,ACT,same team
00-0038896,Jacob Saylors,RB,DET,DET,11,1.1,1.1,1.1,0.1,0.1,0.1,128,128,1.1,0.0,0.33,0,11,0,0,0,0,0,2,11,0,0,0,0,0,0,0,0.0,0.0,0.0,0,0,0,0,26.5,3,DET,ACT,same team
00-0033757,Robert Tonyan,TE,KC,KC,2,0.1,0.6,1.1,0.05,0.3,0.55,121,122,1.1,0.0,0.78,0,2,0,0,0,0,0,0,0,0,1,1,1,0,0,0,0.012,0.002,0.019,0,0,0,0,32.3,9,PIT,ACT,new team
00-0040429,Josh Williams,RB,TB,TB,2,1.1,1.1,1.1,0.55,0.55,0.55,129,129,1.1,0.0,0.78,0,2,0,0,0,0,0,4,11,0,0,0,0,0,0,0,0.0,0.0,0.0,0,0,0,0,26.2,1,TB,ACT,same team
00-0039305,Jack Westover,TE,NE,NE,4,0.0,0.5,1.0,0.0,0.12,0.25,122,123,1.0,0.0,0.5,0,4,0,0,0,0,0,0,0,0,2,1,0,0,0,0,0.021,0.001,0.033,0,0,0,0,27.2,2,NE,ACT,same team
00-0032434,Brandon Allen,QB,TEN,TEN,1,0.9,0.9,0.9,0.88,0.88,0.88,71,71,0.9,0.9,0.0,0,1,17,30,72,0,1,0,0,0,0,0,0,0,0,0,0.0,0.0,0.0,0,0,0,0,34.0,10,NYG,ACT,new team
00-0040039,Amar Johnson,RB,LAC,LAC,1,0.8,0.8,0.8,0.8,0.8,0.8,130,130,0.8,0.8,0.0,0,1,0,0,0,0,0,2,8,0,1,0,0,0,0,0,0.042,-0.011,0.055,0,0,0,0,23.6,1,LAC,ACT,same team
00-0040205,Kalel Mullings,RB,TEN,TEN,4,0.7,0.7,0.7,0.17,0.17,0.17,131,131,0.4,0.0,0.21,0,4,0,0,0,0,0,3,7,0,0,0,0,0,0,0,0.0,0.0,0.0,0,0,0,0,23.9,1,TEN,ACT,same team
00-0038458,Owen Wright,RB,TB,TB,2,0.6,0.6,0.6,0.3,0.3,0.3,132,132,0.6,0.0,0.42,0,2,0,0,0,0,0,3,6,0,0,0,0,0,0,0,0.0,0.0,0.0,0,0,0,0,27.5,,,,not rostered
00-0035311,Myles Gaskin,RB,SEA,SEA,1,0.6,0.6,0.6,0.6,0.6,0.6,133,133,0.6,0.6,0.0,0,1,0,0,0,0,0,3,6,0,0,0,0,0,0,0,0.0,0.0,0.0,0,0,0,0,29.5,,,,not rostered
00-0035567,Craig Reynolds,RB,DET,DET,5,0.4,0.4,0.4,0.08,0.08,0.08,134,134,0.4,0.0,0.18,0,5,0,0,0,0,0,3,4,0,0,0,0,0,0,0,0.0,0.0,0.0,0,0,0,0,30.2,,,,not rostered
00-0036825,Feleipe Franks,TE,ATL,ATL,10,0.4,0.4,0.4,0.04,0.04,0.04,123,118,0.2,0.0,0.08,0,10,0,0,0,0,0,2,4,0,0,0,0,0,0,0,0.0,0.0,0.0,0,0,0,0,28.7,5,CAR,ACT,new team
00-0039364,Sione Vaki,RB,DET,DET,8,0.4,0.4,0.4,0.05,0.05,0.05,135,135,0.4,0.0,0.14,0,8,0,0,0,0,0,1,4,0,0,0,0,0,0,0,0.0,0.0,0.0,0,0,0,0,25.1,2,DET,ACT,same team
00-0039266,Kendall Milton,RB,CIN,CIN,1,0.2,0.2,0.2,0.2,0.2,0.2,136,136,0.2,0.2,0.0,0,1,0,0,0,0,0,2,2,0,0,0,0,0,0,0,0.0,0.0,0.0,0,0,0,0,24.6,2,CIN,ACT,same team
00-0038911,Malik Cunningham,WR,DET,DET,1,0.1,0.1,0.1,0.1,0.1,0.1,220,220,0.1,0.1,0.0,0,1,0,0,0,0,0,1,1,0,0,0,0,0,0,0,0.0,0.0,0.0,0,0,0,0,27.9,3,DET,ACT,same team
00-0035704,Drew Lock,QB,SEA,SEA,3,0.1,0.1,0.1,0.03,0.03,0.03,72,72,0.5,-0.4,0.45,0,3,2,3,15,0,0,6,-5,0,0,0,0,0,0,0,0.0,0.0,0.0,0,0,0,0,29.8,7,SEA,ACT,same team
00-0031763,DeAndre Carter,WR,CLE,CLE,4,0.0,0.0,0.0,0.0,0.0,0.0,221,221,0.0,0.0,0.0,0,4,0,0,0,0,0,0,0,0,0,0,0,0,0,0,0.0,0.0,0.0,0,0,0,0,33.4,,,,not rostered
00-0033572,Jamal Agnew,WR,ATL,ATL,11,0.0,0.0,0.0,0.0,0.0,0.0,222,222,0.0,0.0,0.0,0,11,0,0,0,0,0,0,0,0,0,0,0,0,0,1,0.0,0.0,0.0,0,0,0,0,31.4,,,,not rostered
00-0037311,Ko Kieft,TE,TB,TB,2,0.0,0.0,0.0,0.0,0.0,0.0,124,124,0.0,0.0,0.0,0,2,0,0,0,0,0,0,0,0,0,0,0,0,0,0,0.0,0.0,0.0,0,0,0,0,28.6,4,TB,ACT,same team
00-0038488,Brady Russell,RB,SEA,SEA,10,0.0,0.0,0.0,0.0,0.0,0.0,137,137,0.0,0.0,0.0,0,10,0,0,0,0,0,0,0,0,1,0,0,0,0,0,0.003,0.0,0.005,0,0,0,0,28.0,3,SEA,ACT,same team
00-0038492,Jason Brownlee,WR,KC,KC,3,0.0,0.0,0.0,0.0,0.0,0.0,223,223,0.0,0.0,0.0,0,3,0,0,0,0,0,0,0,0,1,0,0,0,0,0,0.009,0.011,0.021,0,0,0,0,27.6,3,KC,ACT,same team
00-0038590,Justin Shorter,TE,LV,LV,3,0.0,0.0,0.0,0.0,0.0,0.0,125,125,0.0,0.0,0.0,0,3,0,0,0,0,0,0,0,0,0,0,0,0,0,0,0.0,0.0,0.0,0,0,0,0,26.4,3,LV,RES,same team
00-0039363,Isaac Guerendo,RB,SF,SF,7,0.0,0.0,0.0,0.0,0.0,0.0,138,138,0.0,0.0,0.0,0,7,0,0,0,0,0,0,0,0,0,0,0,0,0,0,0.0,0.0,0.0,0,0,0,0,26.2,2,SF,ACT,same team
00-0040075,LaJohntay Wester,WR,BAL,BAL,14,0.0,0.0,0.0,0.0,0.0,0.0,224,224,0.0,0.0,0.0,0,14,0,0,0,0,0,0,0,0,0,0,0,0,0,1,0.0,0.0,0.0,0,0,0,0,24.4,1,BAL,ACT,same team
00-0040476,Ulysses Bentley IV,RB,IND,IND,1,0.0,0.0,0.0,0.0,0.0,0.0,139,139,0.0,0.0,0.0,0,1,0,0,0,0,0,1,0,0,0,0,0,0,0,0,0.0,0.0,0.0,0,0,0,0,25.7,1,IND,ACT,same team
00-0040506,Myles Price,WR,MIN,MIN,16,0.0,0.0,0.0,0.0,0.0,0.0,225,225,0.0,0.0,0.0,0,16,0,0,0,0,0,0,0,0,0,0,0,0,0,3,0.0,0.0,0.0,0,0,0,0,24.7,1,MIN,ACT,same team
00-0035726,Jakob Johnson,RB,HOU,HOU,2,0.0,0.0,0.0,0.0,0.0,0.0,140,140,0.0,0.0,0.0,0,2,0,0,0,0,0,0,0,0,0,0,0,0,0,0,0.0,0.0,0.0,0,0,0,0,31.7,,,,not rostered
00-0038643,Brayden Willis,TE,SF,SF,6,0.0,0.0,0.0,0.0,0.0,0.0,126,126,0.0,0.0,0.0,0,6,0,0,0,0,0,0,0,0,1,0,0,0,0,0,0.004,0.001,0.007,0,0,0,0,26.8,3,SF,ACT,same team
00-0038678,Jordan Mims,RB,TEN,TEN,1,0.0,0.0,0.0,0.0,0.0,0.0,141,141,0.0,0.0,0.0,0,1,0,0,0,0,0,0,0,0,0,0,0,0,0,0,0.0,0.0,0.0,0,0,0,0,27.2,3,SF,CUT,new team
00-0040649,Robbie Ouzts,RB,SEA,SEA,4,0.0,0.0,0.0,0.0,0.0,0.0,142,142,0.0,0.0,0.0,0,4,0,0,0,0,0,0,0,0,0,0,0,0,0,0,0.0,0.0,0.0,0,0,0,0,24.0,1,SEA,ACT,same team
00-0034955,Brett Rypien,QB,CIN,CIN,1,0.0,0.0,0.0,0.0,0.0,0.0,73,73,0.0,0.0,0.0,0,1,0,0,0,0,0,0,0,0,0,0,0,0,0,0,0.0,0.0,0.0,0,0,0,0,30.1,,,,not rostered
00-0036646,Simi Fehoko,WR,ARI,ARI,7,0.0,0.0,0.0,0.0,0.0,0.0,226,226,0.0,0.0,0.0,0,7,0,0,0,0,0,0,0,0,0,0,0,0,0,0,0.0,0.0,0.0,0,0,0,0,28.8,5,ARI,ACT,same team
00-0037380,Kaden Davis,WR,CLE,CLE,1,0.0,0.0,0.0,0.0,0.0,0.0,227,227,0.0,0.0,0.0,0,1,0,0,0,0,0,0,0,0,0,0,0,0,0,0,0.0,0.0,0.0,0,0,0,0,27.9,,,,not rostered
00-0040629,Dalevon Campbell,WR,CAR,CAR,1,0.0,0.0,0.0,0.0,0.0,0.0,228,228,0.0,0.0,0.0,0,1,0,0,0,0,0,0,0,0,0,0,0,0,0,0,0.0,0.0,0.0,0,0,0,0,24.7,1,LAC,ACT,new team
00-0036984,Trey Sermon,RB,PIT,PIT,3,0.0,0.0,0.0,0.0,0.0,0.0,143,143,0.0,0.0,0.0,0,3,0,0,0,0,0,0,0,0,0,0,0,0,0,0,0.0,0.0,0.0,0,0,0,0,27.6,,,,not rostered
00-0038564,Cameron Latu,TE,PHI,PHI,10,0.0,0.0,0.0,0.0,0.0,0.0,127,127,0.0,0.0,0.0,0,10,0,0,0,0,0,0,0,0,0,0,0,0,0,0,0.0,0.0,0.0,0,0,0,0,26.5,3,PHI,ACT,same team
00-0034867,Malik Turner,WR,SF,SF,2,0.0,0.0,0.0,0.0,0.0,0.0,229,229,0.0,0.0,0.0,0,2,0,0,0,0,0,0,0,0,1,0,0,0,0,0,0.01,-0.009,0.01,0,0,0,0,30.6,8,SF,ACT,same team
00-0036950,Avery Williams,RB,NYJ,NYJ,1,0.0,0.0,0.0,0.0,0.0,0.0,144,144,0.0,0.0,0.0,0,1,0,0,0,0,0,0,0,0,0,0,0,0,0,0,0.0,0.0,0.0,0,0,0,0,28.1,,,,not rostered
00-0038456,Travis Vokolek,TE,ARI,ARI,1,0.0,0.0,0.0,0.0,0.0,0.0,128,128,0.0,0.0,0.0,0,1,0,0,0,0,0,0,0,0,0,0,0,0,0,0,0.0,0.0,0.0,0,0,0,0,28.2,,,,not rostered
00-0038740,Jalen Moreno-Cropper,WR,DAL,DAL,2,0.0,0.0,0.0,0.0,0.0,0.0,230,230,0.0,0.0,0.0,0,2,0,0,0,0,0,0,0,0,0,0,0,0,0,0,0.0,0.0,0.0,0,0,0,0,25.3,,,,not rostered
00-0035639,Parris Campbell,WR,DAL,DAL,1,0.0,0.0,0.0,0.0,0.0,0.0,231,231,0.0,0.0,0.0,0,1,0,0,0,0,0,0,0,0,0,0,0,0,0,0,0.0,0.0,0.0,0,0,0,0,29.1,7,DAL,RET,same team
00-0040241,Dominic Lovett,WR,DET,DET,2,0.0,0.0,0.0,0.0,0.0,0.0,232,232,0.0,0.0,0.0,0,2,0,0,0,0,0,0,0,0,0,0,0,0,0,0,0.0,0.0,0.0,0,0,0,0,23.8,1,DET,ACT,same team
00-0032951,Laquon Treadwell,WR,IND,IND,6,0.0,0.0,0.0,0.0,0.0,0.0,233,233,0.0,0.0,0.0,0,6,0,0,0,0,0,0,0,0,0,0,0,0,0,0,0.0,0.0,0.0,0,0,0,0,31.2,10,IND,ACT,same team
00-0038498,E.J. Jenkins,TE,PHI,PHI,1,0.0,0.0,0.0,0.0,0.0,0.0,129,129,0.0,0.0,0.0,0,1,0,0,0,0,0,0,0,0,0,0,0,0,0,0,0.0,0.0,0.0,0,0,0,0,27.8,3,PHI,ACT,same team
00-0040225,Thomas Fidone II,TE,NYG,NYG,1,0.0,0.0,0.0,0.0,0.0,0.0,130,130,0.0,0.0,0.0,0,1,0,0,0,0,0,0,0,0,0,0,0,0,0,0,0.0,0.0,0.0,0,0,0,0,23.9,1,NYG,ACT,same team
00-0039489,Hayden Rucci,TE,MIA,MIA,1,0.0,0.0,0.0,0.0,0.0,0.0,131,131,0.0,0.0,0.0,0,1,0,0,0,0,0,0,0,0,0,0,0,0,0,0,0.0,0.0,0.0,0,0,0,0,25.6,2,SF,ACT,new team
00-0038409,Lew Nichols III,RB,PIT,PIT,1,0.0,0.0,0.0,0.0,0.0,0.0,145,145,0.0,0.0,0.0,0,1,0,0,0,0,0,0,0,0,0,0,0,0,0,0,0.0,0.0,0.0,0,0,0,0,25.0,3,PIT,ACT,same team
00-0038735,Princeton Fant,TE,DAL,DAL,1,0.0,0.0,0.0,0.0,0.0,0.0,132,132,0.0,0.0,0.0,0,1,0,0,0,0,0,0,0,0,0,0,0,0,0,0,0.0,0.0,0.0,0,0,0,0,27.5,3,DAL,ACT,same team
00-0024243,Marcedes Lewis,TE,DEN,DEN,1,0.0,0.0,0.0,0.0,0.0,0.0,133,133,0.0,0.0,0.0,0,1,0,0,0,0,0,0,0,0,0,0,0,0,0,0,0.0,0.0,0.0,0,0,0,0,42.3,,,,not rostered
00-0040058,Nick Kallerup,TE,SEA,SEA,4,0.0,0.0,0.0,0.0,0.0,0.0,134,134,0.0,0.0,0.0,0,4,0,0,0,0,0,0,0,0,1,0,0,0,0,0,0.021,0.016,0.042,0,0,0,0,25.4,1,SEA,ACT,same team
00-0034681,Chase Edmonds,RB,WAS,WAS,3,0.0,0.0,0.0,0.0,0.0,0.0,146,146,0.0,0.0,0.0,0,3,0,0,0,0,0,0,0,0,0,0,0,0,0,0,0.0,0.0,0.0,0,0,0,0,30.4,,,,not rostered
00-0035140,Mecole Hardman,WR,BUF,BUF,2,0.0,0.0,0.0,0.0,0.0,0.0,234,234,0.0,0.0,0.0,0,2,0,0,0,0,0,0,0,0,1,0,0,0,0,1,0.017,0.066,0.072,0,0,0,0,28.5,7,BUF,ACT,same team
00-0036567,Elijah Mitchell,RB,KC,KC,1,0.0,0.0,0.0,0.0,0.0,0.0,147,147,0.0,0.0,0.0,0,1,0,0,0,0,0,0,0,0,1,0,0,0,0,0,0.023,0.049,0.069,0,0,0,0,28.3,5,PHI,ACT,new team
00-0040431,Dalen Cambre,WR,NYG,NYG,3,0.0,0.0,0.0,0.0,0.0,0.0,235,235,0.0,0.0,0.0,0,3,0,0,0,0,0,0,0,0,0,0,0,0,0,0,0.0,0.0,0.0,0,0,0,0,25.4,1,NYG,ACT,same team
00-0036569,Gary Brightwell,RB,CIN,CIN,2,0.0,0.0,0.0,0.0,0.0,0.0,148,148,0.0,0.0,0.0,0,2,0,0,0,0,0,0,0,0,0,0,0,0,0,0,0.0,0.0,0.0,0,0,0,0,28.5,5,CIN,ACT,same team
00-0037031,Nikola Kalinic,TE,CHI,CHI,2,0.0,0.0,0.0,0.0,0.0,0.0,135,135,0.0,0.0,0.0,0,2,0,0,0,0,0,0,0,0,0,0,0,0,0,0,0.0,0.0,0.0,0,0,0,0,29.6,4,CHI,ACT,same team
00-0037277,Teagan Quitoriano,TE,ATL,ATL,2,0.0,0.0,0.0,0.0,0.0,0.0,136,136,0.0,0.0,0.0,0,2,0,0,0,0,0,0,0,0,0,0,0,0,0,0,0.0,0.0,0.0,0,0,0,0,26.5,4,ARI,ACT,new team
00-0038396,Eric Gray,RB,NYG,NYG,1,0.0,0.0,0.0,0.0,0.0,0.0,149,149,0.0,0.0,0.0,0,1,0,0,0,0,0,0,0,0,0,0,0,0,0,0,0.0,0.0,0.0,0,0,0,0,26.8,3,NYG,ACT,same team
00-0036527,DJ Turner,WR,LV,LV,1,0.0,0.0,0.0,0.0,0.0,0.0,236,236,0.0,0.0,0.0,0,1,0,0,0,0,0,0,0,0,0,0,0,0,0,0,0.0,0.0,0.0,0,0,0,0,29.6,,,,not rostered
00-0035956,Giovanni Ricci,TE,DET,DET,2,0.0,0.0,0.0,0.0,0.0,0.0,137,137,0.0,0.0,0.0,0,2,0,0,0,0,0,0,0,0,1,0,0,0,0,0,0.017,0.008,0.031,0,0,0,0,29.9,,,,not rostered
00-0040352,Coleman Owen,WR,IND,IND,2,0.0,0.0,0.0,0.0,0.0,0.0,237,237,0.0,0.0,0.0,0,2,0,0,0,0,0,0,0,0,1,0,0,0,0,0,0.014,0.003,0.023,0,0,0,0,25.4,1,IND,ACT,same team
00-0034928,Steven Sims,WR,ARI,ARI,3,0.0,0.0,0.0,0.0,0.0,0.0,238,238,0.0,0.0,0.0,0,3,0,0,0,0,0,0,0,0,1,0,0,0,0,0,0.011,0.003,0.019,0,0,0,0,29.4,,,,not rostered
00-0034054,River Cracraft,WR,WAS,WAS,2,0.0,0.0,0.0,0.0,0.0,0.0,239,239,0.0,0.0,0.0,0,2,0,0,0,0,0,0,0,0,0,0,0,0,0,0,0.0,0.0,0.0,0,0,0,0,31.8,,,,not rostered
00-0036463,Chris Blair,WR,ATL,ATL,1,0.0,0.0,0.0,0.0,0.0,0.0,240,240,0.0,0.0,0.0,0,1,0,0,0,0,0,0,0,0,0,0,0,0,0,0,0.0,0.0,0.0,0,0,0,0,28.9,6,ATL,ACT,same team
00-0039710,Jeshaun Jones,WR,MIN,MIN,1,0.0,0.0,0.0,0.0,0.0,0.0,241,241,0.0,0.0,0.0,0,1,0,0,0,0,0,0,0,0,0,0,0,0,0,0,0.0,0.0,0.0,0,0,0,0,26.7,2,MIN,ACT,same team
00-0033319,Nick Mullens,QB,JAX,JAX,4,-0.0,-0.0,-0.0,-0.01,-0.01,-0.01,74,74,0.4,-0.3,0.33,0,4,3,3,19,0,0,12,-8,0,0,0,0,0,0,0,0.0,0.0,0.0,0,0,0,0,31.4,9,JAX,ACT,same team
00-0039577,Kedon Slovis,QB,ARI,ARI,2,-0.1,-0.1,-0.1,-0.04,-0.04,-0.04,75,75,0.0,-0.1,0.06,0,2,1,2,-2,0,0,0,0,0,0,0,0,0,0,0,0.0,0.0,0.0,0,0,0,0,25.4,2,ARI,ACT,same team
00-0035264,Jarrett Stidham,QB,DEN,DEN,1,-0.1,-0.1,-0.1,-0.1,-0.1,-0.1,76,76,-0.1,-0.1,0.0,0,1,0,0,0,0,0,1,-1,0,0,0,0,0,0,0,0.0,0.0,0.0,0,0,0,0,30.1,7,DEN,ACT,same team
00-0038658,Adrian Martinez,QB,SF,SF,1,-0.1,-0.1,-0.1,-0.1,-0.1,-0.1,77,77,-0.1,-0.1,0.0,0,1,0,0,0,0,0,1,-1,0,0,0,0,0,0,0,0.0,0.0,0.0,0,0,0,0,26.7,3,SF,ACT,same team
00-0034367,Nyheim Hines,RB,LAC,LAC/NO,4,-0.2,-0.2,-0.2,-0.05,-0.05,-0.05,150,150,0.0,-0.2,0.1,0,4,0,0,0,0,0,2,-2,0,0,0,0,0,0,0,0.0,0.0,0.0,0,0,0,0,29.8,,,,not rostered
00-0035594,Travis Homer,RB,CHI,CHI,8,-0.2,-0.2,-0.2,-0.03,-0.03,-0.03,151,151,0.0,-0.2,0.07,0,8,0,0,0,0,0,1,-2,0,0,0,0,0,0,0,0.0,0.0,0.0,0,0,0,0,28.1,7,PIT,ACT,new team
00-0034577,Kyle Allen,QB,DET,DET,2,-0.3,-0.3,-0.3,-0.15,-0.15,-0.15,78,78,-0.1,-0.2,0.07,0,2,0,2,0,0,0,3,-3,0,0,0,0,0,0,0,0.0,0.0,0.0,0,0,0,0,30.5,8,BUF,ACT,new team
00-0035289,Gardner Minshew,QB,KC,KC,4,-0.3,-0.3,-0.3,-0.08,-0.08,-0.08,79,79,1.4,-1.1,1.06,0,4,6,13,37,0,1,6,2,0,0,0,0,0,0,0,0.0,0.0,0.0,0,0,0,0,30.3,7,ARI,ACT,new team
00-0031345,Jimmy Garoppolo,QB,LA,LA,3,-1.0,-1.0,-1.0,-0.33,-0.33,-0.33,80,80,-0.3,-0.4,0.06,0,3,0,0,0,0,0,9,-10,0,0,0,0,0,0,0,0.0,0.0,0.0,0,0,0,0,34.8,,,,not rostered
00-0040673,Jalen Milroe,QB,SEA,SEA,3,-1.6,-1.6,-1.6,-0.53,-0.53,-0.53,81,81,0.3,-2.0,1.27,0,3,0,0,0,0,0,3,4,0,0,0,0,0,0,1,0.0,0.0,0.0,0,0,0,0,23.7,1,SEA,ACT,same team
